#
# A fatal error has been detected by the Java Runtime Environment:
#
#  EXCEPTION_ACCESS_VIOLATION (0xc0000005) at pc=0x00007ffe207f56b8, pid=19336, tid=15720
#
# JRE version: OpenJDK Runtime Environment Temurin-21.0.7+6 (21.0.7+6) (build 21.0.7+6-LTS)
# Java VM: OpenJDK 64-Bit Server VM Temurin-21.0.7+6 (21.0.7+6-LTS, mixed mode, emulated-client, sharing, tiered, compressed oops, compressed class ptrs, g1 gc, windows-amd64)
# Problematic frame:
# C  [opencv_core470.dll+0x1356b8]
#
# No core dump will be written. Minidumps are not enabled by default on client versions of Windows
#
# If you would like to submit a bug report, please visit:
#   https://github.com/adoptium/adoptium-support/issues
# The crash happened outside the Java Virtual Machine in native code.
# See problematic frame for where to report the bug.
#

---------------  S U M M A R Y ------------

Command Line: -Dcom.sun.management.jmxremote -Dcom.sun.management.jmxremote.port=12507 -Dcom.sun.management.jmxremote.authenticate=false -Dcom.sun.management.jmxremote.ssl=false -Djava.rmi.server.hostname=localhost -Dspring.jmx.enabled=true -Dmanagement.endpoints.jmx.exposure.include=* -Dspring.application.admin.enabled=true -Dspring.output.ansi.enabled=always -XX:TieredStopAtLevel=1 -Dspring.boot.project.name=face-recognition-service -Dfile.encoding=UTF-8 -Dstdout.encoding=UTF-8 -Dstderr.encoding=UTF-8 -XX:+ShowCodeDetailsInExceptionMessages com.faceauth.recognition.FaceRecognitionServiceApplication

Host: AMD Ryzen 5 7535HS with Radeon Graphics        , 12 cores, 15G,  Windows 11 , 64 bit Build 26100 (10.0.26100.8246)
Time: Mon May 18 13:10:37 2026 India Standard Time elapsed time: 39.377148 seconds (0d 0h 0m 39s)

---------------  T H R E A D  ---------------

Current thread (0x0000018b8c399050):  JavaThread "http-nio-8080-exec-1" daemon [_thread_in_native, id=15720, stack(0x000000389f000000,0x000000389f100000) (1024K)]

Stack: [0x000000389f000000,0x000000389f100000],  sp=0x000000389f0fbc70,  free space=1007k
Native frames: (J=compiled Java code, j=interpreted, Vv=VM code, C=native code)
C  [opencv_core470.dll+0x1356b8]

Java frames: (J=compiled Java code, j=interpreted, Vv=VM code)
j  org.bytedeco.opencv.opencv_face.FaceRecognizer.train(Lorg/bytedeco/opencv/opencv_core/MatVector;Lorg/bytedeco/opencv/opencv_core/Mat;)V+0
j  com.faceauth.recognition.service.FaceRecogService.trainFaceRecognition(ILjava/lang/String;)V+254
j  com.faceauth.recognition.controller.FaceRecogController.faceRecognitionRealTime()V+7
j  java.lang.invoke.LambdaForm$DMH+0x0000018a81368400.invokeVirtual(Ljava/lang/Object;Ljava/lang/Object;)V+10 java.base@21.0.7
j  java.lang.invoke.LambdaForm$MH+0x0000018a8158c000.invoke(Ljava/lang/Object;Ljava/lang/Object;)Ljava/lang/Object;+31 java.base@21.0.7
J 4221 c1 jdk.internal.reflect.DirectMethodHandleAccessor.invoke(Ljava/lang/Object;[Ljava/lang/Object;)Ljava/lang/Object; java.base@21.0.7 (92 bytes) @ 0x0000018ae2abec1c [0x0000018ae2abe8a0+0x000000000000037c]
J 4225 c1 java.lang.reflect.Method.invoke(Ljava/lang/Object;[Ljava/lang/Object;)Ljava/lang/Object; java.base@21.0.7 (108 bytes) @ 0x0000018ae2abcddc [0x0000018ae2abcc00+0x00000000000001dc]
j  org.springframework.web.method.support.InvocableHandlerMethod.doInvoke([Ljava/lang/Object;)Ljava/lang/Object;+55
j  org.springframework.web.method.support.InvocableHandlerMethod.invokeForRequest(Lorg/springframework/web/context/request/NativeWebRequest;Lorg/springframework/web/method/support/ModelAndViewContainer;[Ljava/lang/Object;)Ljava/lang/Object;+82
j  org.springframework.web.servlet.mvc.method.annotation.ServletInvocableHandlerMethod.invokeAndHandle(Lorg/springframework/web/context/request/ServletWebRequest;Lorg/springframework/web/method/support/ModelAndViewContainer;[Ljava/lang/Object;)V+4
j  org.springframework.web.servlet.mvc.method.annotation.RequestMappingHandlerAdapter.invokeHandlerMethod(Ljakarta/servlet/http/HttpServletRequest;Ljakarta/servlet/http/HttpServletResponse;Lorg/springframework/web/method/HandlerMethod;)Lorg/springframework/web/servlet/ModelAndView;+300
j  org.springframework.web.servlet.mvc.method.annotation.RequestMappingHandlerAdapter.handleInternal(Ljakarta/servlet/http/HttpServletRequest;Ljakarta/servlet/http/HttpServletResponse;Lorg/springframework/web/method/HandlerMethod;)Lorg/springframework/web/servlet/ModelAndView;+81
j  org.springframework.web.servlet.mvc.method.AbstractHandlerMethodAdapter.handle(Ljakarta/servlet/http/HttpServletRequest;Ljakarta/servlet/http/HttpServletResponse;Ljava/lang/Object;)Lorg/springframework/web/servlet/ModelAndView;+7
j  org.springframework.web.servlet.DispatcherServlet.doDispatch(Ljakarta/servlet/http/HttpServletRequest;Ljakarta/servlet/http/HttpServletResponse;)V+184
j  org.springframework.web.servlet.DispatcherServlet.doService(Ljakarta/servlet/http/HttpServletRequest;Ljakarta/servlet/http/HttpServletResponse;)V+216
j  org.springframework.web.servlet.FrameworkServlet.processRequest(Ljakarta/servlet/http/HttpServletRequest;Ljakarta/servlet/http/HttpServletResponse;)V+70
j  org.springframework.web.servlet.FrameworkServlet.doGet(Ljakarta/servlet/http/HttpServletRequest;Ljakarta/servlet/http/HttpServletResponse;)V+3
j  jakarta.servlet.http.HttpServlet.service(Ljakarta/servlet/http/HttpServletRequest;Ljakarta/servlet/http/HttpServletResponse;)V+287
j  org.springframework.web.servlet.FrameworkServlet.service(Ljakarta/servlet/http/HttpServletRequest;Ljakarta/servlet/http/HttpServletResponse;)V+20
j  jakarta.servlet.http.HttpServlet.service(Ljakarta/servlet/ServletRequest;Ljakarta/servlet/ServletResponse;)V+37
j  org.apache.catalina.core.ApplicationFilterChain.doFilter(Ljakarta/servlet/ServletRequest;Ljakarta/servlet/ServletResponse;)V+162
j  org.apache.tomcat.websocket.server.WsFilter.doFilter(Ljakarta/servlet/ServletRequest;Ljakarta/servlet/ServletResponse;Ljakarta/servlet/FilterChain;)V+21
j  org.apache.catalina.core.ApplicationFilterChain.doFilter(Ljakarta/servlet/ServletRequest;Ljakarta/servlet/ServletResponse;)V+69
j  org.springframework.web.filter.CompositeFilter$VirtualFilterChain.doFilter(Ljakarta/servlet/ServletRequest;Ljakarta/servlet/ServletResponse;)V+22
j  org.springframework.security.web.FilterChainProxy.lambda$doFilterInternal$3(Lorg/springframework/security/web/firewall/FirewalledRequest;Ljakarta/servlet/FilterChain;Ljakarta/servlet/ServletRequest;Ljakarta/servlet/ServletResponse;)V+35
j  org.springframework.security.web.FilterChainProxy$$Lambda+0x0000018a815a88d8.doFilter(Ljakarta/servlet/ServletRequest;Ljakarta/servlet/ServletResponse;)V+10
j  org.springframework.security.web.FilterChainProxy$VirtualFilterChain.doFilter(Ljakarta/servlet/ServletRequest;Ljakarta/servlet/ServletResponse;)V+17
j  org.springframework.security.web.access.ExceptionTranslationFilter.doFilter(Ljakarta/servlet/http/HttpServletRequest;Ljakarta/servlet/http/HttpServletResponse;Ljakarta/servlet/FilterChain;)V+3
j  org.springframework.security.web.access.ExceptionTranslationFilter.doFilter(Ljakarta/servlet/ServletRequest;Ljakarta/servlet/ServletResponse;Ljakarta/servlet/FilterChain;)V+10
j  org.springframework.security.web.FilterChainProxy$VirtualFilterChain.doFilter(Ljakarta/servlet/ServletRequest;Ljakarta/servlet/ServletResponse;)V+105
j  org.springframework.security.web.authentication.AnonymousAuthenticationFilter.doFilter(Ljakarta/servlet/ServletRequest;Ljakarta/servlet/ServletResponse;Ljakarta/servlet/FilterChain;)V+33
j  org.springframework.security.web.FilterChainProxy$VirtualFilterChain.doFilter(Ljakarta/servlet/ServletRequest;Ljakarta/servlet/ServletResponse;)V+105
j  org.springframework.security.web.servletapi.SecurityContextHolderAwareRequestFilter.doFilter(Ljakarta/servlet/ServletRequest;Ljakarta/servlet/ServletResponse;Ljakarta/servlet/FilterChain;)V+19
j  org.springframework.security.web.FilterChainProxy$VirtualFilterChain.doFilter(Ljakarta/servlet/ServletRequest;Ljakarta/servlet/ServletResponse;)V+105
j  org.springframework.security.web.savedrequest.RequestCacheAwareFilter.doFilter(Ljakarta/servlet/ServletRequest;Ljakarta/servlet/ServletResponse;Ljakarta/servlet/FilterChain;)V+32
j  org.springframework.security.web.FilterChainProxy$VirtualFilterChain.doFilter(Ljakarta/servlet/ServletRequest;Ljakarta/servlet/ServletResponse;)V+105
j  org.springframework.security.web.authentication.www.BasicAuthenticationFilter.doFilterInternal(Ljakarta/servlet/http/HttpServletRequest;Ljakarta/servlet/http/HttpServletResponse;Ljakarta/servlet/FilterChain;)V+31
j  org.springframework.web.filter.OncePerRequestFilter.doFilter(Ljakarta/servlet/ServletRequest;Ljakarta/servlet/ServletResponse;Ljakarta/servlet/FilterChain;)V+150
j  org.springframework.security.web.FilterChainProxy$VirtualFilterChain.doFilter(Ljakarta/servlet/ServletRequest;Ljakarta/servlet/ServletResponse;)V+105
j  org.springframework.security.web.authentication.logout.LogoutFilter.doFilter(Ljakarta/servlet/http/HttpServletRequest;Ljakarta/servlet/http/HttpServletResponse;Ljakarta/servlet/FilterChain;)V+83
j  org.springframework.security.web.authentication.logout.LogoutFilter.doFilter(Ljakarta/servlet/ServletRequest;Ljakarta/servlet/ServletResponse;Ljakarta/servlet/FilterChain;)V+10
j  org.springframework.security.web.FilterChainProxy$VirtualFilterChain.doFilter(Ljakarta/servlet/ServletRequest;Ljakarta/servlet/ServletResponse;)V+105
j  org.springframework.security.web.csrf.CsrfFilter.doFilterInternal(Ljakarta/servlet/http/HttpServletRequest;Ljakarta/servlet/http/HttpServletResponse;Ljakarta/servlet/FilterChain;)V+88
j  org.springframework.web.filter.OncePerRequestFilter.doFilter(Ljakarta/servlet/ServletRequest;Ljakarta/servlet/ServletResponse;Ljakarta/servlet/FilterChain;)V+150
j  org.springframework.security.web.FilterChainProxy$VirtualFilterChain.doFilter(Ljakarta/servlet/ServletRequest;Ljakarta/servlet/ServletResponse;)V+105
j  org.springframework.security.web.header.HeaderWriterFilter.doHeadersAfter(Ljakarta/servlet/http/HttpServletRequest;Ljakarta/servlet/http/HttpServletResponse;Ljakarta/servlet/FilterChain;)V+29
j  org.springframework.security.web.header.HeaderWriterFilter.doFilterInternal(Ljakarta/servlet/http/HttpServletRequest;Ljakarta/servlet/http/HttpServletResponse;Ljakarta/servlet/FilterChain;)V+21
j  org.springframework.web.filter.OncePerRequestFilter.doFilter(Ljakarta/servlet/ServletRequest;Ljakarta/servlet/ServletResponse;Ljakarta/servlet/FilterChain;)V+150
j  org.springframework.security.web.FilterChainProxy$VirtualFilterChain.doFilter(Ljakarta/servlet/ServletRequest;Ljakarta/servlet/ServletResponse;)V+105
j  org.springframework.security.web.context.SecurityContextHolderFilter.doFilter(Ljakarta/servlet/http/HttpServletRequest;Ljakarta/servlet/http/HttpServletResponse;Ljakarta/servlet/FilterChain;)V+59
j  org.springframework.security.web.context.SecurityContextHolderFilter.doFilter(Ljakarta/servlet/ServletRequest;Ljakarta/servlet/ServletResponse;Ljakarta/servlet/FilterChain;)V+10
j  org.springframework.security.web.FilterChainProxy$VirtualFilterChain.doFilter(Ljakarta/servlet/ServletRequest;Ljakarta/servlet/ServletResponse;)V+105
j  org.springframework.security.web.context.request.async.WebAsyncManagerIntegrationFilter.doFilterInternal(Ljakarta/servlet/http/HttpServletRequest;Ljakarta/servlet/http/HttpServletResponse;Ljakarta/servlet/FilterChain;)V+55
j  org.springframework.web.filter.OncePerRequestFilter.doFilter(Ljakarta/servlet/ServletRequest;Ljakarta/servlet/ServletResponse;Ljakarta/servlet/FilterChain;)V+150
j  org.springframework.security.web.FilterChainProxy$VirtualFilterChain.doFilter(Ljakarta/servlet/ServletRequest;Ljakarta/servlet/ServletResponse;)V+105
j  org.springframework.security.web.session.DisableEncodeUrlFilter.doFilterInternal(Ljakarta/servlet/http/HttpServletRequest;Ljakarta/servlet/http/HttpServletResponse;Ljakarta/servlet/FilterChain;)V+10
j  org.springframework.web.filter.OncePerRequestFilter.doFilter(Ljakarta/servlet/ServletRequest;Ljakarta/servlet/ServletResponse;Ljakarta/servlet/FilterChain;)V+150
j  org.springframework.security.web.FilterChainProxy$VirtualFilterChain.doFilter(Ljakarta/servlet/ServletRequest;Ljakarta/servlet/ServletResponse;)V+105
j  org.springframework.security.web.FilterChainProxy.doFilterInternal(Ljakarta/servlet/ServletRequest;Ljakarta/servlet/ServletResponse;Ljakarta/servlet/FilterChain;)V+163
j  org.springframework.security.web.FilterChainProxy.doFilter(Ljakarta/servlet/ServletRequest;Ljakarta/servlet/ServletResponse;Ljakarta/servlet/FilterChain;)V+48
j  org.springframework.web.filter.CompositeFilter$VirtualFilterChain.doFilter(Ljakarta/servlet/ServletRequest;Ljakarta/servlet/ServletResponse;)V+63
j  org.springframework.web.filter.ServletRequestPathFilter.doFilter(Ljakarta/servlet/ServletRequest;Ljakarta/servlet/ServletResponse;Ljakarta/servlet/FilterChain;)V+25
j  org.springframework.web.filter.CompositeFilter$VirtualFilterChain.doFilter(Ljakarta/servlet/ServletRequest;Ljakarta/servlet/ServletResponse;)V+63
j  org.springframework.web.filter.CompositeFilter.doFilter(Ljakarta/servlet/ServletRequest;Ljakarta/servlet/ServletResponse;Ljakarta/servlet/FilterChain;)V+14
j  org.springframework.security.config.annotation.web.configuration.WebSecurityConfiguration$CompositeFilterChainProxy.doFilter(Ljakarta/servlet/ServletRequest;Ljakarta/servlet/ServletResponse;Ljakarta/servlet/FilterChain;)V+7
j  org.springframework.web.filter.DelegatingFilterProxy.invokeDelegate(Ljakarta/servlet/Filter;Ljakarta/servlet/ServletRequest;Ljakarta/servlet/ServletResponse;Ljakarta/servlet/FilterChain;)V+5
j  org.springframework.web.filter.DelegatingFilterProxy.doFilter(Ljakarta/servlet/ServletRequest;Ljakarta/servlet/ServletResponse;Ljakarta/servlet/FilterChain;)V+98
j  org.apache.catalina.core.ApplicationFilterChain.doFilter(Ljakarta/servlet/ServletRequest;Ljakarta/servlet/ServletResponse;)V+69
j  org.springframework.web.filter.RequestContextFilter.doFilterInternal(Ljakarta/servlet/http/HttpServletRequest;Ljakarta/servlet/http/HttpServletResponse;Ljakarta/servlet/FilterChain;)V+21
j  org.springframework.web.filter.OncePerRequestFilter.doFilter(Ljakarta/servlet/ServletRequest;Ljakarta/servlet/ServletResponse;Ljakarta/servlet/FilterChain;)V+150
j  org.apache.catalina.core.ApplicationFilterChain.doFilter(Ljakarta/servlet/ServletRequest;Ljakarta/servlet/ServletResponse;)V+69
j  org.springframework.web.filter.FormContentFilter.doFilterInternal(Ljakarta/servlet/http/HttpServletRequest;Ljakarta/servlet/http/HttpServletResponse;Ljakarta/servlet/FilterChain;)V+38
j  org.springframework.web.filter.OncePerRequestFilter.doFilter(Ljakarta/servlet/ServletRequest;Ljakarta/servlet/ServletResponse;Ljakarta/servlet/FilterChain;)V+150
j  org.apache.catalina.core.ApplicationFilterChain.doFilter(Ljakarta/servlet/ServletRequest;Ljakarta/servlet/ServletResponse;)V+69
j  org.springframework.web.filter.CharacterEncodingFilter.doFilterInternal(Ljakarta/servlet/http/HttpServletRequest;Ljakarta/servlet/http/HttpServletResponse;Ljakarta/servlet/FilterChain;)V+53
j  org.springframework.web.filter.OncePerRequestFilter.doFilter(Ljakarta/servlet/ServletRequest;Ljakarta/servlet/ServletResponse;Ljakarta/servlet/FilterChain;)V+150
j  org.apache.catalina.core.ApplicationFilterChain.doFilter(Ljakarta/servlet/ServletRequest;Ljakarta/servlet/ServletResponse;)V+69
j  org.apache.catalina.core.StandardWrapperValve.invoke(Lorg/apache/catalina/connector/Request;Lorg/apache/catalina/connector/Response;)V+510
j  org.apache.catalina.core.StandardContextValve.invoke(Lorg/apache/catalina/connector/Request;Lorg/apache/catalina/connector/Response;)V+124
j  org.apache.catalina.authenticator.AuthenticatorBase.invoke(Lorg/apache/catalina/connector/Request;Lorg/apache/catalina/connector/Response;)V+221
j  org.apache.catalina.core.StandardHostValve.invoke(Lorg/apache/catalina/connector/Request;Lorg/apache/catalina/connector/Response;)V+125
j  org.apache.catalina.valves.ErrorReportValve.invoke(Lorg/apache/catalina/connector/Request;Lorg/apache/catalina/connector/Response;)V+6
j  org.apache.catalina.core.StandardEngineValve.invoke(Lorg/apache/catalina/connector/Request;Lorg/apache/catalina/connector/Response;)V+59
j  org.apache.catalina.connector.CoyoteAdapter.service(Lorg/apache/coyote/Request;Lorg/apache/coyote/Response;)V+179
j  org.apache.coyote.http11.Http11Processor.service(Lorg/apache/tomcat/util/net/SocketWrapperBase;)Lorg/apache/tomcat/util/net/AbstractEndpoint$Handler$SocketState;+796
j  org.apache.coyote.AbstractProcessorLight.process(Lorg/apache/tomcat/util/net/SocketWrapperBase;Lorg/apache/tomcat/util/net/SocketEvent;)Lorg/apache/tomcat/util/net/AbstractEndpoint$Handler$SocketState;+155
j  org.apache.coyote.AbstractProtocol$ConnectionHandler.process(Lorg/apache/tomcat/util/net/SocketWrapperBase;Lorg/apache/tomcat/util/net/SocketEvent;)Lorg/apache/tomcat/util/net/AbstractEndpoint$Handler$SocketState;+477
j  org.apache.tomcat.util.net.NioEndpoint$SocketProcessor.doRun()V+222
j  org.apache.tomcat.util.net.SocketProcessorBase.run()V+32
j  org.apache.tomcat.util.threads.ThreadPoolExecutor.runWorker(Lorg/apache/tomcat/util/threads/ThreadPoolExecutor$Worker;)V+92
j  org.apache.tomcat.util.threads.ThreadPoolExecutor$Worker.run()V+5
j  org.apache.tomcat.util.threads.TaskThread$WrappingRunnable.run()V+4
j  java.lang.Thread.runWith(Ljava/lang/Object;Ljava/lang/Runnable;)V+5 java.base@21.0.7
j  java.lang.Thread.run()V+19 java.base@21.0.7
v  ~StubRoutines::call_stub 0x0000018ae1fe100d

siginfo: EXCEPTION_ACCESS_VIOLATION (0xc0000005), reading address 0x0000000000000000


Registers:
RAX=0x0000000000000000, RBX=0x000000389f0fbdc0, RCX=0x000000389f0fbe10, RDX=0x0000018b8c3ac7d0
RSP=0x000000389f0fbc70, RBP=0x000000389f0fbdf0, RSI=0x0000018b8c3ac7d0, RDI=0x0000000000000000
R8 =0x00000000ffffffff, R9 =0x0000018b8d11d630, R10=0x00007ffe1bd33c40, R11=0x000000000000002c
R12=0x0000000000000000, R13=0x0000018aedd10d80, R14=0x000000389f0fbf08, R15=0x0000000000000000
RIP=0x00007ffe207f56b8, EFLAGS=0x0000000000010293

XMM[0]=0x0000000000000000 0x0000000000000000
XMM[1]=0x000a002e00390033 0x0031003000300030
XMM[2]=0x004400200072006f 0x0066002000220022
XMM[3]=0x006e006b006e0055 0x00220020004c004c
XMM[4]=0x0069006100660020 0x0022006e0077006f
XMM[5]=0x706f5f76636e6570 0x6f5f6f6365646574
XMM[6]=0x0000000000000000 0x0000000000000000
XMM[7]=0x0000000000000000 0x0000000000000000
XMM[8]=0x0000000000000000 0x0000000000000000
XMM[9]=0x0000000000000000 0x0000000000000000
XMM[10]=0x0000000000000000 0x0000000000000000
XMM[11]=0x0000000000000000 0x0000000000000000
XMM[12]=0x0000000000000000 0x0000000000000000
XMM[13]=0x0000000000000000 0x0000000000000000
XMM[14]=0x0000000000000000 0x0000000000000000
XMM[15]=0x0000000000000000 0x0000000000000000
  MXCSR=0x00001f80


Register to memory mapping:

RAX=0x0 is null
RBX=0x000000389f0fbdc0 is pointing into the stack for thread: 0x0000018b8c399050
RCX=0x000000389f0fbe10 is pointing into the stack for thread: 0x0000018b8c399050
RDX=0x0000018b8c3ac7d0 points into unknown readable memory: 0x0000000000000000 | 00 00 00 00 00 00 00 00
RSP=0x000000389f0fbc70 is pointing into the stack for thread: 0x0000018b8c399050
RBP=0x000000389f0fbdf0 is pointing into the stack for thread: 0x0000018b8c399050
RSI=0x0000018b8c3ac7d0 points into unknown readable memory: 0x0000000000000000 | 00 00 00 00 00 00 00 00
RDI=0x0 is null
R8 =0x00000000ffffffff is an unknown value
R9 =0x0000018b8d11d630 points into unknown readable memory: 0x0000000242ff4000 | 00 40 ff 42 02 00 00 00
R10=0x00007ffe1bd33c40 jvm.dll
R11=0x000000000000002c is an unknown value
R12=0x0 is null
R13=0x0000018aedd10d80 is pointing into metadata
R14=0x000000389f0fbf08 is pointing into the stack for thread: 0x0000018b8c399050
R15=0x0 is null

Top of Stack: (sp=0x000000389f0fbc70)
0x000000389f0fbc70:   000000000000199c 00007ffe20851da6
0x000000389f0fbc80:   00000000000003d8 000000389f0fbf10
0x000000389f0fbc90:   0000018aedd10d88 0000000000000056
0x000000389f0fbca0:   000000389f0fbf08 00007ffe1ed0ddb1
0x000000389f0fbcb0:   000000389f0fbdc0 00000000ffffffff
0x000000389f0fbcc0:   0000000000000000 0000000000000000
0x000000389f0fbcd0:   0000000000000000 000074fb2f82f6b5
0x000000389f0fbce0:   000000389f0fbf20 00007ffe1ed72542
0x000000389f0fbcf0:   0000018b8c399408 000000389f0fbdc0
0x000000389f0fbd00:   0000018b8bb17fb0 636e65706f5f6f63
0x000000389f0fbd10:   76636e65706f5f76 465f65636166315f
0x000000389f0fbd20:   676f636552656361 000000389f0fc000
0x000000389f0fbd30:   00007ffe1ba61a88 0000005600000000
0x000000389f0fbd40:   0000000000000000 0000000000000000
0x000000389f0fbd50:   0000000000000000 0000000000000000
0x000000389f0fbd60:   0000018b8c928fa0 0000000000000056
0x000000389f0fbd70:   0000000000000060 5f67726f4c5f5f00
0x000000389f0fbd80:   6f63656465747962 5f76636e65706f5f
0x000000389f0fbd90:   315f76636e65706f 74614d5f65726f63
0x000000389f0fbda0:   325f726f74636556 0000000000000000
0x000000389f0fbdb0:   0000837e2c48eb89 00007ffe1b6fcf7c
0x000000389f0fbdc0:   0000000000000000 0000000000000000
0x000000389f0fbdd0:   0000000000000000 0000000000000000
0x000000389f0fbde0:   0000000000000000 0000000000000000
0x000000389f0fbdf0:   0000000000000000 0000000000000000
0x000000389f0fbe00:   000000389f0fbdc8 000000389f0fbe10
0x000000389f0fbe10:   0000000000000000 0000000000000000
0x000000389f0fbe20:   0000018aeccce290 00007ffe1b6f2cac
0x000000389f0fbe30:   0000018af1474db8 0000018aecbc0c10
0x000000389f0fbe40:   0000018aef6d8b00 0000018aecbc0c10
0x000000389f0fbe50:   0000000000000001 000000389f0fc010
0x000000389f0fbe60:   000000389f0fbf20 00007ffe1b6f0f6c 

Instructions: (pc=0x00007ffe207f56b8)
0x00007ffe207f55b8:   89 52 20 4c 89 52 28 4c 89 52 30 4c 89 52 38 49
0x00007ffe207f55c8:   8b c0 48 8b 4c 24 50 48 33 cc e8 e9 42 20 00 48
0x00007ffe207f55d8:   83 c4 68 c3 48 8d 15 3d ff 25 00 48 8d 4c 24 30
0x00007ffe207f55e8:   e8 c3 e0 ec ff 90 c7 44 24 20 62 02 00 00 4c 8d
0x00007ffe207f55f8:   0d a3 fa 25 00 4c 8d 05 ec fd 25 00 48 8d 54 24
0x00007ffe207f5608:   30 b9 29 ff ff ff e8 fd eb 12 00 cc cc cc cc cc
0x00007ffe207f5618:   cc cc cc cc cc cc cc cc 48 89 5c 24 08 48 89 74
0x00007ffe207f5628:   24 10 57 48 83 ec 30 8b 02 48 8b d9 89 01 33 ff
0x00007ffe207f5638:   8b 42 04 48 8b f2 89 41 04 48 83 c1 08 8b 42 08
0x00007ffe207f5648:   89 01 8b 42 0c 89 43 0c 48 8b 42 10 48 89 43 10
0x00007ffe207f5658:   48 8b 42 18 48 89 43 18 48 8b 42 20 48 89 43 20
0x00007ffe207f5668:   48 8b 42 28 48 89 43 28 48 8b 42 30 48 89 43 30
0x00007ffe207f5678:   48 8b 42 38 48 89 43 38 48 8d 43 50 48 89 43 48
0x00007ffe207f5688:   48 89 4b 40 48 89 38 48 8b 43 48 48 89 78 08 48
0x00007ffe207f5698:   8b 4b 38 48 85 c9 74 0a b8 01 00 00 00 f0 0f c1
0x00007ffe207f56a8:   41 14 83 7a 04 02 7f 31 48 8b 42 48 48 8b 4b 48
0x00007ffe207f56b8:   48 8b 00 48 89 01 48 8b 42 48 48 8b 4b 48 48 8b
0x00007ffe207f56c8:   40 08 48 89 41 08 48 8b c3 48 8b 5c 24 40 48 8b
0x00007ffe207f56d8:   74 24 48 48 83 c4 30 5f c3 89 7b 04 45 33 c9 8b
0x00007ffe207f56e8:   52 04 45 33 c0 48 8b cb 40 88 7c 24 20 e8 f6 5a
0x00007ffe207f56f8:   00 00 39 7b 04 7e 44 48 8b d7 4c 8b c7 66 66 66
0x00007ffe207f5708:   0f 1f 84 00 00 00 00 00 48 8b 46 40 4d 8d 40 04
0x00007ffe207f5718:   48 8b 4b 40 48 8d 52 08 ff c7 41 8b 44 00 fc 41
0x00007ffe207f5728:   89 44 08 fc 48 8b 46 48 48 8b 4b 48 48 8b 44 02
0x00007ffe207f5738:   f8 48 89 44 0a f8 3b 7b 04 7c cd 48 8b 74 24 48
0x00007ffe207f5748:   48 8b c3 48 8b 5c 24 40 48 83 c4 30 5f c3 cc cc
0x00007ffe207f5758:   cc cc cc cc cc cc cc cc 48 89 5c 24 10 48 89 6c
0x00007ffe207f5768:   24 18 48 89 74 24 20 57 48 83 ec 60 48 8b 05 7d
0x00007ffe207f5778:   90 34 00 48 33 c4 48 89 44 24 50 4c 8b d2 48 8b
0x00007ffe207f5788:   d9 8b 02 89 01 c7 41 04 02 00 00 00 48 8d 79 08
0x00007ffe207f5798:   41 8b 40 0c 89 07 41 8b 40 08 89 41 0c 49 63 48
0x00007ffe207f57a8:   04 48 8b 42 48 48 0f af 08 48 03 4a 10 48 89 4b 


Stack slot to memory mapping:

stack at sp + 0 slots: 0x000000000000199c is an unknown value
stack at sp + 1 slots: 0x00007ffe20851da6 opencv_core470.dll
stack at sp + 2 slots: 0x00000000000003d8 is an unknown value
stack at sp + 3 slots: 0x000000389f0fbf10 is pointing into the stack for thread: 0x0000018b8c399050
stack at sp + 4 slots: {method} {0x0000018aedd10d90} 'train' '(Lorg/bytedeco/opencv/opencv_core/MatVector;Lorg/bytedeco/opencv/opencv_core/Mat;)V' in 'org/bytedeco/opencv/opencv_face/FaceRecognizer'
stack at sp + 5 slots: 0x0000000000000056 is an unknown value
stack at sp + 6 slots: 0x000000389f0fbf08 is pointing into the stack for thread: 0x0000018b8c399050
stack at sp + 7 slots: 0x00007ffe1ed0ddb1 points into unknown readable memory: eb 0f 44 8b c6 48 8b


Compiled method (c1) 39520 4221   !   1       jdk.internal.reflect.DirectMethodHandleAccessor::invoke (92 bytes)
 total in heap  [0x0000018ae2abe510,0x0000018ae2ac0410] = 7936
 relocation     [0x0000018ae2abe670,0x0000018ae2abe888] = 536
 main code      [0x0000018ae2abe8a0,0x0000018ae2abf390] = 2800
 stub code      [0x0000018ae2abf390,0x0000018ae2abf4a0] = 272
 oops           [0x0000018ae2abf4a0,0x0000018ae2abf4b0] = 16
 metadata       [0x0000018ae2abf4b0,0x0000018ae2abf518] = 104
 scopes data    [0x0000018ae2abf518,0x0000018ae2abf858] = 832
 scopes pcs     [0x0000018ae2abf858,0x0000018ae2abfc38] = 992
 dependencies   [0x0000018ae2abfc38,0x0000018ae2abfc40] = 8
 handler table  [0x0000018ae2abfc40,0x0000018ae2ac0360] = 1824
 nul chk table  [0x0000018ae2ac0360,0x0000018ae2ac0410] = 176

[Constant Pool (empty)]

[MachCode]
[Entry Point]
  # {method} {0x0000018a8019def0} 'invoke' '(Ljava/lang/Object;[Ljava/lang/Object;)Ljava/lang/Object;' in 'jdk/internal/reflect/DirectMethodHandleAccessor'
  # this:     rdx:rdx   = 'jdk/internal/reflect/DirectMethodHandleAccessor'
  # parm0:    r8:r8     = 'java/lang/Object'
  # parm1:    r9:r9     = '[Ljava/lang/Object;'
  #           [sp+0x180]  (sp of caller)
  0x0000018ae2abe8a0: 448b 5208 | 49bb 0000 | 0080 8a01 | 0000 4d03 | d34c 3bd0 

  0x0000018ae2abe8b4: ;   {runtime_call ic_miss_stub}
  0x0000018ae2abe8b4: 0f85 c6fe | 56ff 660f | 1f44 0000 
[Verified Entry Point]
  0x0000018ae2abe8c0: 8984 2400 | 80ff ff55 | 4881 ec70 | 0100 0090 | 4181 7f20 | 0500 0000 

  0x0000018ae2abe8d8: ;   {runtime_call StubRoutines (final stubs)}
  0x0000018ae2abe8d8: 7405 e881 | 6455 ff48 | 8994 24b0 | 0000 004c | 8984 24c0 | 0000 004c | 898c 24b8 | 0000 008b 
  0x0000018ae2abe8f8: 7210 81e6 | 0002 0000 | 81fe 0002 | 0000 be00 | 0000 0075 | 05be 0100 | 0000 83e6 | 0185 f60f 
  0x0000018ae2abe918: 8547 0000 | 008b 7214 | 48c1 e603 

  0x0000018ae2abe924: ; implicit exception: dispatches to 0x0000018ae2abf221
  0x0000018ae2abe924: 418b 7808 | 49ba 0000 | 0080 8a01 | 0000 4903 | fa48 8b7f | 7048 8b3f 

  0x0000018ae2abe93c: ; implicit exception: dispatches to 0x0000018ae2abf226
  0x0000018ae2abe93c: 483b 064c | 8bc7 488b 

  0x0000018ae2abe944: ;   {optimized virtual_call}
  0x0000018ae2abe944: d666 90e8 

  0x0000018ae2abe948: ; ImmutableOopMap {[176]=Oop [184]=Oop [192]=Oop }
                      ;*invokevirtual isAssignableFrom {reexecute=0 rethrow=0 return_oop=0}
                      ; - jdk.internal.reflect.DirectMethodHandleAccessor::checkReceiver@8 (line 196)
                      ; - jdk.internal.reflect.DirectMethodHandleAccessor::invoke@9 (line 99)
  0x0000018ae2abe948: f4e8 75ff 

  0x0000018ae2abe94c: ;   {other}
  0x0000018ae2abe94c: 0f1f 8400 | 3c04 0000 | 85c0 0f84 | 9d07 0000 | 488b 9424 | b000 0000 | 448b 420c | 498b d04c 
  0x0000018ae2abe96c: 8b84 24b8 | 0000 000f 

  0x0000018ae2abe974: ;   {static_call}
  0x0000018ae2abe974: 1f40 00e8 

  0x0000018ae2abe978: ; ImmutableOopMap {[176]=Oop [184]=Oop [192]=Oop }
                      ;*invokestatic checkArgumentCount {reexecute=0 rethrow=0 return_oop=0}
                      ; - jdk.internal.reflect.DirectMethodHandleAccessor::invoke@17 (line 101)
  0x0000018ae2abe978: a4d6 ffff 

  0x0000018ae2abe97c: ;   {other}
  0x0000018ae2abe97c: 0f1f 8400 | 6c04 0001 | 488b 9424 | b000 0000 | 8b72 0c85 | f60f 841a | 0200 0083 | fe01 0f84 
  0x0000018ae2abe99c: 9901 0000 | 83fe 020f | 8400 0100 | 0083 fe03 | 0f84 5700 | 0000 8b72 | 1848 c1e6 | 0348 89b4 
  0x0000018ae2abe9bc: 24c8 0000 | 008b 7e10 | 48c1 e703 

  0x0000018ae2abe9c8: ;   {oop(a 'java/lang/invoke/MethodType'{0x0000000710a4aab0} = (Ljava/lang/Object;[Ljava/lang/Object;)Ljava/lang/Object;)}
  0x0000018ae2abe9c8: 48bb b0aa | a410 0700 | 0000 483b | fb0f 8534 | 0400 008b | 7e14 48c1 | e703 8b7f | 1c48 c1e7 
  0x0000018ae2abe9e8: 0348 85ff | 0f85 2003 | 0000 488b 

  0x0000018ae2abe9f4: ;   {static_call}
  0x0000018ae2abe9f4: d666 90e8 

  0x0000018ae2abe9f8: ; ImmutableOopMap {[176]=Oop [184]=Oop [192]=Oop [200]=Oop }
                      ;*invokestatic maybeCustomize {reexecute=0 rethrow=0 return_oop=0}
                      ; - java.lang.invoke.Invokers::checkCustomized@19 (line 627)
                      ; - java.lang.invoke.Invokers$Holder::invokeExact_MT@14
                      ; - jdk.internal.reflect.DirectMethodHandleAccessor::invokeImpl@104 (line 157)
                      ; - jdk.internal.reflect.DirectMethodHandleAccessor::invoke@23 (line 103)
  0x0000018ae2abe9f8: c4df 7eff 

  0x0000018ae2abe9fc: ;   {other}
  0x0000018ae2abe9fc: 0f1f 8400 | ec04 0002 | e909 0300 | 004c 8b8c | 24b8 0000 | 008b 7218 | 48c1 e603 | 4889 b424 
  0x0000018ae2abea1c: e800 0000 

  0x0000018ae2abea20: ; implicit exception: dispatches to 0x0000018ae2abf235
  0x0000018ae2abea20: 418b 790c | bb02 0000 | 003b df0f | 8d09 0800 | 0041 8b79 | 1048 c1e7 | 0348 89bc | 24d0 0000 
  0x0000018ae2abea40: 0041 8b59 | 1448 c1e3 | 0348 899c | 24d8 0000 | 0041 8b41 | 1848 c1e0 | 0348 8984 | 24e0 0000 
  0x0000018ae2abea60: 008b 4e10 | 48c1 e103 

  0x0000018ae2abea68: ;   {oop(a 'java/lang/invoke/MethodType'{0x000000070d149440} = (Ljava/lang/Object;Ljava/lang/Object;Ljava/lang/Object;Ljava/lang/Object;)Ljava/lang/Object;)}
  0x0000018ae2abea68: 49b8 4094 | 140d 0700 | 0000 493b | c80f 8564 | 0300 008b | 4e14 48c1 | e103 8b49 | 1c48 c1e1 
  0x0000018ae2abea88: 0348 85c9 | 0f85 3002 | 0000 488b 

  0x0000018ae2abea94: ;   {static_call}
  0x0000018ae2abea94: d666 90e8 

  0x0000018ae2abea98: ; ImmutableOopMap {[176]=Oop [192]=Oop [208]=Oop [216]=Oop [224]=Oop [232]=Oop }
                      ;*invokestatic maybeCustomize {reexecute=0 rethrow=0 return_oop=0}
                      ; - java.lang.invoke.Invokers::checkCustomized@19 (line 627)
                      ; - java.lang.invoke.LambdaForm$MH/0x0000018a810d2000::invokeExact_MT@15
                      ; - jdk.internal.reflect.DirectMethodHandleAccessor::invokeImpl@92 (line 156)
                      ; - jdk.internal.reflect.DirectMethodHandleAccessor::invoke@23 (line 103)
  0x0000018ae2abea98: 24df 7eff 

  0x0000018ae2abea9c: ;   {other}
  0x0000018ae2abea9c: 0f1f 8400 | 8c05 0003 | e919 0200 | 004c 8b8c | 24b8 0000 | 008b 7218 | 48c1 e603 | 4889 b424 
  0x0000018ae2abeabc: 0001 0000 

  0x0000018ae2abeac0: ; implicit exception: dispatches to 0x0000018ae2abf249
  0x0000018ae2abeac0: 418b 790c | bb01 0000 | 003b df0f | 8d7d 0700 | 0041 8b79 | 1048 c1e7 | 0348 89bc | 24f0 0000 
  0x0000018ae2abeae0: 0041 8b59 | 1448 c1e3 | 0348 899c | 24f8 0000 | 008b 4610 | 48c1 e003 

  0x0000018ae2abeaf8: ;   {oop(a 'java/lang/invoke/MethodType'{0x000000070d149238} = (Ljava/lang/Object;Ljava/lang/Object;Ljava/lang/Object;)Ljava/lang/Object;)}
  0x0000018ae2abeaf8: 48b9 3892 | 140d 0700 | 0000 483b | c10f 85a4 | 0200 008b | 4614 48c1 | e003 8b40 | 1c48 c1e0 
  0x0000018ae2abeb18: 0348 85c0 | 0f85 5801 | 0000 488b 

  0x0000018ae2abeb24: ;   {static_call}
  0x0000018ae2abeb24: d666 90e8 

  0x0000018ae2abeb28: ; ImmutableOopMap {[176]=Oop [192]=Oop [240]=Oop [248]=Oop [256]=Oop }
                      ;*invokestatic maybeCustomize {reexecute=0 rethrow=0 return_oop=0}
                      ; - java.lang.invoke.Invokers::checkCustomized@19 (line 627)
                      ; - java.lang.invoke.LambdaForm$MH/0x0000018a8124d400::invokeExact_MT@15
                      ; - jdk.internal.reflect.DirectMethodHandleAccessor::invokeImpl@72 (line 155)
                      ; - jdk.internal.reflect.DirectMethodHandleAccessor::invoke@23 (line 103)
  0x0000018ae2abeb28: 94de 7eff 

  0x0000018ae2abeb2c: ;   {other}
  0x0000018ae2abeb2c: 0f1f 8400 | 1c06 0004 | e941 0100 | 004c 8b8c | 24b8 0000 | 008b 7218 | 48c1 e603 | 4889 b424 
  0x0000018ae2abeb4c: 1001 0000 

  0x0000018ae2abeb50: ; implicit exception: dispatches to 0x0000018ae2abf25d
  0x0000018ae2abeb50: 4183 790c | 000f 860c | 0700 0041 | 8b79 1048 | c1e7 0348 | 89bc 2408 | 0100 008b | 5e10 48c1 
  0x0000018ae2abeb70: ;   {oop(a 'java/lang/invoke/MethodType'{0x000000070d148f78} = (Ljava/lang/Object;Ljava/lang/Object;)Ljava/lang/Object;)}
  0x0000018ae2abeb70: e303 48b8 | 788f 140d | 0700 0000 | 483b d80f | 85fa 0100 | 008b 5e14 | 48c1 e303 

  0x0000018ae2abeb8c: ; implicit exception: dispatches to 0x0000018ae2abf27e
  0x0000018ae2abeb8c: 8b5b 1c48 | c1e3 0348 | 85db 0f85 | 9e00 0000 

  0x0000018ae2abeb9c: ;   {static_call}
  0x0000018ae2abeb9c: 488b d6e8 

  0x0000018ae2abeba0: ; ImmutableOopMap {[176]=Oop [192]=Oop [264]=Oop [272]=Oop }
                      ;*invokestatic maybeCustomize {reexecute=0 rethrow=0 return_oop=0}
                      ; - java.lang.invoke.Invokers::checkCustomized@19 (line 627)
                      ; - java.lang.invoke.Invokers$Holder::invokeExact_MT@14
                      ; - jdk.internal.reflect.DirectMethodHandleAccessor::invokeImpl@55 (line 154)
                      ; - jdk.internal.reflect.DirectMethodHandleAccessor::invoke@23 (line 103)
  0x0000018ae2abeba0: 1cde 7eff 

  0x0000018ae2abeba4: ;   {other}
  0x0000018ae2abeba4: 0f1f 8400 | 9406 0005 | e989 0000 | 008b 7218 | 48c1 e603 | 4889 b424 | 1801 0000 

  0x0000018ae2abebc0: ; implicit exception: dispatches to 0x0000018ae2abf283
  0x0000018ae2abebc0: 8b7e 1048 

  0x0000018ae2abebc4: ;   {oop(a 'java/lang/invoke/MethodType'{0x000000070d148e88} = (Ljava/lang/Object;)Ljava/lang/Object;)}
  0x0000018ae2abebc4: c1e7 0348 | bb88 8e14 | 0d07 0000 | 0048 3bfb | 0f85 7801 | 0000 8b7e | 1448 c1e7 | 038b 7f1c 
  0x0000018ae2abebe4: 48c1 e703 | 4885 ff0f | 8513 0000 | 0048 8bd6 

  0x0000018ae2abebf4: ;   {static_call}
  0x0000018ae2abebf4: 6666 90e8 

  0x0000018ae2abebf8: ; ImmutableOopMap {[176]=Oop [192]=Oop [280]=Oop }
                      ;*invokestatic maybeCustomize {reexecute=0 rethrow=0 return_oop=0}
                      ; - java.lang.invoke.Invokers::checkCustomized@19 (line 627)
                      ; - java.lang.invoke.Invokers$Holder::invokeExact_MT@14
                      ; - jdk.internal.reflect.DirectMethodHandleAccessor::invokeImpl@41 (line 153)
                      ; - jdk.internal.reflect.DirectMethodHandleAccessor::invoke@23 (line 103)
  0x0000018ae2abebf8: c4dd 7eff 

  0x0000018ae2abebfc: ;   {other}
  0x0000018ae2abebfc: 0f1f 8400 | ec06 0006 | 4c8b 8424 | c000 0000 | 488b 9424 | 1801 0000 

  0x0000018ae2abec14: ;   {optimized virtual_call}
  0x0000018ae2abec14: 6666 90e8 

  0x0000018ae2abec18: ; ImmutableOopMap {[176]=Oop }
                      ;*invokevirtual invokeBasic {reexecute=0 rethrow=0 return_oop=0}
                      ; - java.lang.invoke.Invokers$Holder::invokeExact_MT@19
                      ; - jdk.internal.reflect.DirectMethodHandleAccessor::invokeImpl@41 (line 153)
                      ; - jdk.internal.reflect.DirectMethodHandleAccessor::invoke@23 (line 103)
  0x0000018ae2abec18: e478 65ff 

  0x0000018ae2abec1c: ;   {other}
  0x0000018ae2abec1c: 0f1f 8400 | 0c07 0007 | 4881 c470 | 0100 005d 

  0x0000018ae2abec2c: ;   {poll_return}
  0x0000018ae2abec2c: 493b a748 | 0400 000f | 8754 0600 | 00c3 4c8b | 8424 c000 | 0000 4c8b | 8c24 0801 | 0000 488b 
  0x0000018ae2abec4c: 9424 1001 | 0000 0f1f 

  0x0000018ae2abec54: ;   {optimized virtual_call}
  0x0000018ae2abec54: 4400 00e8 

  0x0000018ae2abec58: ; ImmutableOopMap {[176]=Oop }
                      ;*invokevirtual invokeBasic {reexecute=0 rethrow=0 return_oop=0}
                      ; - java.lang.invoke.Invokers$Holder::invokeExact_MT@20
                      ; - jdk.internal.reflect.DirectMethodHandleAccessor::invokeImpl@55 (line 154)
                      ; - jdk.internal.reflect.DirectMethodHandleAccessor::invoke@23 (line 103)
  0x0000018ae2abec58: a447 77ff 

  0x0000018ae2abec5c: ;   {other}
  0x0000018ae2abec5c: 0f1f 8400 | 4c07 0008 | 4881 c470 | 0100 005d 

  0x0000018ae2abec6c: ;   {poll_return}
  0x0000018ae2abec6c: 493b a748 | 0400 000f | 872a 0600 | 00c3 4c8b | 8424 c000 | 0000 4c8b | 8c24 f000 | 0000 488b 
  0x0000018ae2abec8c: bc24 f800 | 0000 488b | 9424 0001 | 0000 0f1f 

  0x0000018ae2abec9c: ;   {optimized virtual_call}
  0x0000018ae2abec9c: 4400 00e8 

  0x0000018ae2abeca0: ; ImmutableOopMap {[176]=Oop }
                      ;*invokevirtual invokeBasic {reexecute=0 rethrow=0 return_oop=0}
                      ; - java.lang.invoke.LambdaForm$MH/0x0000018a8124d400::invokeExact_MT@22
                      ; - jdk.internal.reflect.DirectMethodHandleAccessor::invokeImpl@72 (line 155)
                      ; - jdk.internal.reflect.DirectMethodHandleAccessor::invoke@23 (line 103)
  0x0000018ae2abeca0: 5ca5 75ff 

  0x0000018ae2abeca4: ;   {other}
  0x0000018ae2abeca4: 0f1f 8400 | 9407 0009 | 4881 c470 | 0100 005d 

  0x0000018ae2abecb4: ;   {poll_return}
  0x0000018ae2abecb4: 493b a748 | 0400 000f | 87f8 0500 | 00c3 4c8b | 8424 c000 | 0000 4c8b | 8c24 d000 | 0000 488b 
  0x0000018ae2abecd4: bc24 d800 | 0000 488b | b424 e000 | 0000 488b | 9424 e800 | 0000 0f1f 

  0x0000018ae2abecec: ;   {optimized virtual_call}
  0x0000018ae2abecec: 4400 00e8 

  0x0000018ae2abecf0: ; ImmutableOopMap {[176]=Oop }
                      ;*invokevirtual invokeBasic {reexecute=0 rethrow=0 return_oop=0}
                      ; - java.lang.invoke.LambdaForm$MH/0x0000018a810d2000::invokeExact_MT@24
                      ; - jdk.internal.reflect.DirectMethodHandleAccessor::invokeImpl@92 (line 156)
                      ; - jdk.internal.reflect.DirectMethodHandleAccessor::invoke@23 (line 103)
  0x0000018ae2abecf0: 0c45 76ff 

  0x0000018ae2abecf4: ;   {other}
  0x0000018ae2abecf4: 0f1f 8400 | e407 000a | 4881 c470 | 0100 005d 

  0x0000018ae2abed04: ;   {poll_return}
  0x0000018ae2abed04: 493b a748 | 0400 000f | 87be 0500 | 00c3 4c8b | 8c24 b800 | 0000 4c8b | 8424 c000 | 0000 488b 
  0x0000018ae2abed24: 9424 c800 | 0000 0f1f 

  0x0000018ae2abed2c: ;   {optimized virtual_call}
  0x0000018ae2abed2c: 4400 00e8 

  0x0000018ae2abed30: ; ImmutableOopMap {[176]=Oop }
                      ;*invokevirtual invokeBasic {reexecute=0 rethrow=0 return_oop=0}
                      ; - java.lang.invoke.Invokers$Holder::invokeExact_MT@20
                      ; - jdk.internal.reflect.DirectMethodHandleAccessor::invokeImpl@104 (line 157)
                      ; - jdk.internal.reflect.DirectMethodHandleAccessor::invoke@23 (line 103)
  0x0000018ae2abed30: cc46 77ff 

  0x0000018ae2abed34: ;   {other}
  0x0000018ae2abed34: 0f1f 8400 | 2408 000b | 4881 c470 | 0100 005d 

  0x0000018ae2abed44: ;   {poll_return}
  0x0000018ae2abed44: 493b a748 | 0400 000f | 8794 0500 

  0x0000018ae2abed50: ;   {oop(a 'java/lang/invoke/MethodType'{0x000000070d148e88} = (Ljava/lang/Object;)Ljava/lang/Object;)}
  0x0000018ae2abed50: 00c3 49b8 | 888e 140d | 0700 0000 

  0x0000018ae2abed5c: ;   {static_call}
  0x0000018ae2abed5c: 488b d7e8 

  0x0000018ae2abed60: ; ImmutableOopMap {[176]=Oop [192]=Oop [280]=Oop }
                      ;*invokestatic newWrongMethodTypeException {reexecute=0 rethrow=0 return_oop=0}
                      ; - java.lang.invoke.Invokers::checkExactType@12 (line 531)
                      ; - java.lang.invoke.Invokers$Holder::invokeExact_MT@10
                      ; - jdk.internal.reflect.DirectMethodHandleAccessor::invokeImpl@41 (line 153)
                      ; - jdk.internal.reflect.DirectMethodHandleAccessor::invoke@23 (line 103)
  0x0000018ae2abed60: 1c03 57ff 

  0x0000018ae2abed64: ;   {other}
  0x0000018ae2abed64: 0f1f 8400 | 5408 000c 

  0x0000018ae2abed6c: ; implicit exception: dispatches to 0x0000018ae2abf2fb
                      ; ImmutableOopMap {rax=Oop [176]=Oop [192]=Oop [280]=Oop }
                      ;*athrow {reexecute=1 rethrow=0 return_oop=0}
                      ; - (reexecute) java.lang.invoke.Invokers::checkExactType@15 (line 531)
                      ; - java.lang.invoke.Invokers$Holder::invokeExact_MT@10
                      ; - jdk.internal.reflect.DirectMethodHandleAccessor::invokeImpl@41 (line 153)
                      ; - jdk.internal.reflect.DirectMethodHandleAccessor::invoke@23 (line 103)
                      ;   {section_word}
  0x0000018ae2abed6c: 483b 0048 | ba6f edab | e28a 0100 

  0x0000018ae2abed78: ;   {runtime_call handle_exception_nofpu Runtime1 stub}
  0x0000018ae2abed78: 00e8 8230 

  0x0000018ae2abed7c: ;   {oop(a 'java/lang/invoke/MethodType'{0x000000070d148f78} = (Ljava/lang/Object;Ljava/lang/Object;)Ljava/lang/Object;)}
  0x0000018ae2abed7c: 62ff 9049 | b878 8f14 | 0d07 0000 | 0048 8bd3 

  0x0000018ae2abed8c: ;   {static_call}
  0x0000018ae2abed8c: 6666 90e8 

  0x0000018ae2abed90: ; ImmutableOopMap {[176]=Oop [192]=Oop [264]=Oop [272]=Oop }
                      ;*invokestatic newWrongMethodTypeException {reexecute=0 rethrow=0 return_oop=0}
                      ; - java.lang.invoke.Invokers::checkExactType@12 (line 531)
                      ; - java.lang.invoke.Invokers$Holder::invokeExact_MT@10
                      ; - jdk.internal.reflect.DirectMethodHandleAccessor::invokeImpl@55 (line 154)
                      ; - jdk.internal.reflect.DirectMethodHandleAccessor::invoke@23 (line 103)
  0x0000018ae2abed90: ec02 57ff 

  0x0000018ae2abed94: ;   {other}
  0x0000018ae2abed94: 0f1f 8400 | 8408 000e 

  0x0000018ae2abed9c: ; implicit exception: dispatches to 0x0000018ae2abf300
                      ; ImmutableOopMap {rax=Oop [176]=Oop [192]=Oop [264]=Oop [272]=Oop }
                      ;*athrow {reexecute=1 rethrow=0 return_oop=0}
                      ; - (reexecute) java.lang.invoke.Invokers::checkExactType@15 (line 531)
                      ; - java.lang.invoke.Invokers$Holder::invokeExact_MT@10
                      ; - jdk.internal.reflect.DirectMethodHandleAccessor::invokeImpl@55 (line 154)
                      ; - jdk.internal.reflect.DirectMethodHandleAccessor::invoke@23 (line 103)
                      ;   {section_word}
  0x0000018ae2abed9c: 483b 0048 | ba9f edab | e28a 0100 

  0x0000018ae2abeda8: ;   {runtime_call handle_exception_nofpu Runtime1 stub}
  0x0000018ae2abeda8: 00e8 5230 

  0x0000018ae2abedac: ;   {oop(a 'java/lang/invoke/MethodType'{0x000000070d149238} = (Ljava/lang/Object;Ljava/lang/Object;Ljava/lang/Object;)Ljava/lang/Object;)}
  0x0000018ae2abedac: 62ff 9049 | b838 9214 | 0d07 0000 | 0048 8bd0 

  0x0000018ae2abedbc: ;   {static_call}
  0x0000018ae2abedbc: 6666 90e8 

  0x0000018ae2abedc0: ; ImmutableOopMap {[176]=Oop [192]=Oop [240]=Oop [248]=Oop [256]=Oop }
                      ;*invokestatic newWrongMethodTypeException {reexecute=0 rethrow=0 return_oop=0}
                      ; - java.lang.invoke.Invokers::checkExactType@12 (line 531)
                      ; - java.lang.invoke.LambdaForm$MH/0x0000018a8124d400::invokeExact_MT@11
                      ; - jdk.internal.reflect.DirectMethodHandleAccessor::invokeImpl@72 (line 155)
                      ; - jdk.internal.reflect.DirectMethodHandleAccessor::invoke@23 (line 103)
  0x0000018ae2abedc0: bc02 57ff 

  0x0000018ae2abedc4: ;   {other}
  0x0000018ae2abedc4: 0f1f 8400 | b408 0010 

  0x0000018ae2abedcc: ; implicit exception: dispatches to 0x0000018ae2abf305
                      ; ImmutableOopMap {rax=Oop [176]=Oop [192]=Oop [240]=Oop [248]=Oop [256]=Oop }
                      ;*athrow {reexecute=1 rethrow=0 return_oop=0}
                      ; - (reexecute) java.lang.invoke.Invokers::checkExactType@15 (line 531)
                      ; - java.lang.invoke.LambdaForm$MH/0x0000018a8124d400::invokeExact_MT@11
                      ; - jdk.internal.reflect.DirectMethodHandleAccessor::invokeImpl@72 (line 155)
                      ; - jdk.internal.reflect.DirectMethodHandleAccessor::invoke@23 (line 103)
                      ;   {section_word}
  0x0000018ae2abedcc: 483b 0048 | bacf edab | e28a 0100 

  0x0000018ae2abedd8: ;   {runtime_call handle_exception_nofpu Runtime1 stub}
  0x0000018ae2abedd8: 00e8 2230 

  0x0000018ae2abeddc: ;   {oop(a 'java/lang/invoke/MethodType'{0x000000070d149440} = (Ljava/lang/Object;Ljava/lang/Object;Ljava/lang/Object;Ljava/lang/Object;)Ljava/lang/Object;)}
  0x0000018ae2abeddc: 62ff 9049 | b840 9414 | 0d07 0000 | 0048 8bd1 

  0x0000018ae2abedec: ;   {static_call}
  0x0000018ae2abedec: 6666 90e8 

  0x0000018ae2abedf0: ; ImmutableOopMap {[176]=Oop [192]=Oop [208]=Oop [216]=Oop [224]=Oop [232]=Oop }
                      ;*invokestatic newWrongMethodTypeException {reexecute=0 rethrow=0 return_oop=0}
                      ; - java.lang.invoke.Invokers::checkExactType@12 (line 531)
                      ; - java.lang.invoke.LambdaForm$MH/0x0000018a810d2000::invokeExact_MT@11
                      ; - jdk.internal.reflect.DirectMethodHandleAccessor::invokeImpl@92 (line 156)
                      ; - jdk.internal.reflect.DirectMethodHandleAccessor::invoke@23 (line 103)
  0x0000018ae2abedf0: 8c02 57ff 

  0x0000018ae2abedf4: ;   {other}
  0x0000018ae2abedf4: 0f1f 8400 | e408 0012 

  0x0000018ae2abedfc: ; implicit exception: dispatches to 0x0000018ae2abf30a
                      ; ImmutableOopMap {rax=Oop [176]=Oop [192]=Oop [208]=Oop [216]=Oop [224]=Oop [232]=Oop }
                      ;*athrow {reexecute=1 rethrow=0 return_oop=0}
                      ; - (reexecute) java.lang.invoke.Invokers::checkExactType@15 (line 531)
                      ; - java.lang.invoke.LambdaForm$MH/0x0000018a810d2000::invokeExact_MT@11
                      ; - jdk.internal.reflect.DirectMethodHandleAccessor::invokeImpl@92 (line 156)
                      ; - jdk.internal.reflect.DirectMethodHandleAccessor::invoke@23 (line 103)
                      ;   {section_word}
  0x0000018ae2abedfc: 483b 0048 | baff edab | e28a 0100 

  0x0000018ae2abee08: ;   {runtime_call handle_exception_nofpu Runtime1 stub}
  0x0000018ae2abee08: 00e8 f22f 

  0x0000018ae2abee0c: ;   {oop(a 'java/lang/invoke/MethodType'{0x0000000710a4aab0} = (Ljava/lang/Object;[Ljava/lang/Object;)Ljava/lang/Object;)}
  0x0000018ae2abee0c: 62ff 9049 | b8b0 aaa4 | 1007 0000 | 0048 8bd7 

  0x0000018ae2abee1c: ;   {static_call}
  0x0000018ae2abee1c: 6666 90e8 

  0x0000018ae2abee20: ; ImmutableOopMap {[176]=Oop [184]=Oop [192]=Oop [200]=Oop }
                      ;*invokestatic newWrongMethodTypeException {reexecute=0 rethrow=0 return_oop=0}
                      ; - java.lang.invoke.Invokers::checkExactType@12 (line 531)
                      ; - java.lang.invoke.Invokers$Holder::invokeExact_MT@10
                      ; - jdk.internal.reflect.DirectMethodHandleAccessor::invokeImpl@104 (line 157)
                      ; - jdk.internal.reflect.DirectMethodHandleAccessor::invoke@23 (line 103)
  0x0000018ae2abee20: 5c02 57ff 

  0x0000018ae2abee24: ;   {other}
  0x0000018ae2abee24: 0f1f 8400 | 1409 0014 

  0x0000018ae2abee2c: ; implicit exception: dispatches to 0x0000018ae2abf30f
                      ; ImmutableOopMap {rax=Oop [176]=Oop [184]=Oop [192]=Oop [200]=Oop }
                      ;*athrow {reexecute=1 rethrow=0 return_oop=0}
                      ; - (reexecute) java.lang.invoke.Invokers::checkExactType@15 (line 531)
                      ; - java.lang.invoke.Invokers$Holder::invokeExact_MT@10
                      ; - jdk.internal.reflect.DirectMethodHandleAccessor::invokeImpl@104 (line 157)
                      ; - jdk.internal.reflect.DirectMethodHandleAccessor::invoke@23 (line 103)
                      ;   {section_word}
  0x0000018ae2abee2c: 483b 0048 | ba2f eeab | e28a 0100 

  0x0000018ae2abee38: ;   {runtime_call handle_exception_nofpu Runtime1 stub}
  0x0000018ae2abee38: 00e8 c22f | 62ff 9049 | 8b87 f804 | 0000 4d33 | d24d 8997 | f804 0000 | 4d33 d24d | 8997 0005 
  0x0000018ae2abee58: ;   {oop(a 'java/lang/Class'{0x000000070d0e72e0} = 'jdk/internal/reflect/DirectMethodHandleAccessor')}
  0x0000018ae2abee58: 0000 48ba | e072 0e0d | 0700 0000 | 4c8b c048 | 8984 2420 

  0x0000018ae2abee6c: ;   {static_call}
  0x0000018ae2abee6c: 0100 00e8 

  0x0000018ae2abee70: ; ImmutableOopMap {[288]=Oop }
                      ;*invokestatic isIllegalArgument {reexecute=0 rethrow=0 return_oop=0}
                      ; - jdk.internal.reflect.DirectMethodHandleAccessor::isIllegalArgument@3 (line 191)
                      ; - jdk.internal.reflect.DirectMethodHandleAccessor::invoke@58 (line 112)
  0x0000018ae2abee70: 0c02 57ff 

  0x0000018ae2abee74: ;   {other}
  0x0000018ae2abee74: 0f1f 8400 | 6409 0016 | 83e0 0185 | c00f 84ea | 0100 00e9 | 5d01 0000 | 498b 87f8 | 0400 004d 
  0x0000018ae2abee94: 33d2 4d89 | 97f8 0400 | 004d 33d2 | 4d89 9700 

  0x0000018ae2abeea4: ;   {oop(a 'java/lang/Class'{0x000000070d0e72e0} = 'jdk/internal/reflect/DirectMethodHandleAccessor')}
  0x0000018ae2abeea4: 0500 0048 | bae0 720e | 0d07 0000 | 004c 8bc0 | 4889 8424 | 2801 0000 

  0x0000018ae2abeebc: ;   {static_call}
  0x0000018ae2abeebc: 6666 90e8 

  0x0000018ae2abeec0: ; ImmutableOopMap {[296]=Oop }
                      ;*invokestatic isIllegalArgument {reexecute=0 rethrow=0 return_oop=0}
                      ; - jdk.internal.reflect.DirectMethodHandleAccessor::isIllegalArgument@3 (line 191)
                      ; - jdk.internal.reflect.DirectMethodHandleAccessor::invoke@30 (line 105)
  0x0000018ae2abeec0: bc01 57ff 

  0x0000018ae2abeec4: ;   {other}
  0x0000018ae2abeec4: 0f1f 8400 | b409 0017 | 83e0 0185 | c00f 848a 

  0x0000018ae2abeed4: ;   {metadata('java/lang/IllegalArgumentException')}
  0x0000018ae2abeed4: 0000 0048 | ba00 ba06 | 808a 0100 | 0049 8b87 | b801 0000 | 488d 7828 | 493b bfc8 | 0100 000f 
  0x0000018ae2abeef4: 871b 0400 | 0049 89bf | b801 0000 | 48c7 0001 | 0000 0048 | 8bca 49ba | 0000 0080 | 8a01 0000 
  0x0000018ae2abef14: 492b ca89 | 4808 4833 | c989 480c | 4833 c948 | 8948 1048 | 8948 1848 

  0x0000018ae2abef2c: ;   {oop("argument type mismatch"{0x000000070d6f0b68})}
  0x0000018ae2abef2c: 8948 2049 | b868 0b6f | 0d07 0000 | 0048 8bd0 | 4889 8424 | 3001 0000 

  0x0000018ae2abef44: ;   {optimized virtual_call}
  0x0000018ae2abef44: 6666 90e8 

  0x0000018ae2abef48: ; ImmutableOopMap {[304]=Oop }
                      ;*invokespecial <init> {reexecute=0 rethrow=0 return_oop=0}
                      ; - jdk.internal.reflect.DirectMethodHandleAccessor::invoke@42 (line 107)
  0x0000018ae2abef48: 34fb 56ff 

  0x0000018ae2abef4c: ;   {other}
  0x0000018ae2abef4c: 0f1f 8400 | 3c0a 0018 | 488b 8424 | 3001 0000 | e91e 0400 | 004c 8b84 | 2428 0100 

  0x0000018ae2abef68: ;   {metadata('java/lang/reflect/InvocationTargetException')}
  0x0000018ae2abef68: 0048 baa8 | 7809 818a | 0100 0049 | 8b87 b801 | 0000 488d | 7828 493b | bfc8 0100 | 000f 8796 
  0x0000018ae2abef88: 0300 0049 | 89bf b801 | 0000 48c7 | 0001 0000 | 0048 8bca | 49ba 0000 | 0080 8a01 | 0000 492b 
  0x0000018ae2abefa8: ca89 4808 | 4833 c989 | 480c 4833 | c948 8948 | 1048 8948 | 1848 8948 | 2048 8bd0 | 4889 8424 
  0x0000018ae2abefc8: 3801 0000 

  0x0000018ae2abefcc: ;   {optimized virtual_call}
  0x0000018ae2abefcc: 6666 90e8 

  0x0000018ae2abefd0: ; ImmutableOopMap {[312]=Oop }
                      ;*invokespecial <init> {reexecute=0 rethrow=0 return_oop=0}
                      ; - jdk.internal.reflect.DirectMethodHandleAccessor::invoke@51 (line 109)
  0x0000018ae2abefd0: acfa 56ff 

  0x0000018ae2abefd4: ;   {other}
  0x0000018ae2abefd4: 0f1f 8400 | c40a 0019 | 488b 8424 | 3801 0000 | e996 0300 

  0x0000018ae2abefe8: ;   {metadata('java/lang/IllegalArgumentException')}
  0x0000018ae2abefe8: 0048 ba00 | ba06 808a | 0100 0049 | 8b87 b801 | 0000 488d | 7828 493b | bfc8 0100 | 000f 8723 
  0x0000018ae2abf008: 0300 0049 | 89bf b801 | 0000 48c7 | 0001 0000 | 0048 8bca | 49ba 0000 | 0080 8a01 | 0000 492b 
  0x0000018ae2abf028: ca89 4808 | 4833 c989 | 480c 4833 | c948 8948 | 1048 8948 | 1848 8948 | 204c 8b84 | 2420 0100 
  0x0000018ae2abf048: 0048 8bd0 | 4889 8424 | 4001 0000 

  0x0000018ae2abf054: ;   {optimized virtual_call}
  0x0000018ae2abf054: 6666 90e8 

  0x0000018ae2abf058: ; ImmutableOopMap {[320]=Oop }
                      ;*invokespecial <init> {reexecute=0 rethrow=0 return_oop=0}
                      ; - jdk.internal.reflect.DirectMethodHandleAccessor::invoke@69 (line 113)
  0x0000018ae2abf058: 24fa 56ff 

  0x0000018ae2abf05c: ;   {other}
  0x0000018ae2abf05c: 0f1f 8400 | 4c0b 001a | 488b 8424 | 4001 0000 | e90e 0300 | 004c 8b84 | 2420 0100 

  0x0000018ae2abf078: ;   {metadata('java/lang/reflect/InvocationTargetException')}
  0x0000018ae2abf078: 0048 baa8 | 7809 818a | 0100 0049 | 8b87 b801 | 0000 488d | 7828 493b | bfc8 0100 | 000f 87a0 
  0x0000018ae2abf098: 0200 0049 | 89bf b801 | 0000 48c7 | 0001 0000 | 0048 8bca | 49ba 0000 | 0080 8a01 | 0000 492b 
  0x0000018ae2abf0b8: ca89 4808 | 4833 c989 | 480c 4833 | c948 8948 | 1048 8948 | 1848 8948 | 2048 8bd0 | 4889 8424 
  0x0000018ae2abf0d8: 4801 0000 

  0x0000018ae2abf0dc: ;   {optimized virtual_call}
  0x0000018ae2abf0dc: 6666 90e8 

  0x0000018ae2abf0e0: ; ImmutableOopMap {[328]=Oop }
                      ;*invokespecial <init> {reexecute=0 rethrow=0 return_oop=0}
                      ; - jdk.internal.reflect.DirectMethodHandleAccessor::invoke@78 (line 115)
  0x0000018ae2abf0e0: 9cf9 56ff 

  0x0000018ae2abf0e4: ;   {other}
  0x0000018ae2abf0e4: 0f1f 8400 | d40b 001b | 488b 8424 | 4801 0000 | e986 0200 

  0x0000018ae2abf0f8: ;   {metadata('java/lang/IllegalArgumentException')}
  0x0000018ae2abf0f8: 0048 ba00 | ba06 808a | 0100 0049 | 8b87 b801 | 0000 488d | 7828 493b | bfc8 0100 | 000f 872d 
  0x0000018ae2abf118: 0200 0049 | 89bf b801 | 0000 48c7 | 0001 0000 | 0048 8bca | 49ba 0000 | 0080 8a01 | 0000 492b 
  0x0000018ae2abf138: ca89 4808 | 4833 c989 | 480c 4833 | c948 8948 | 1048 8948 | 1848 8948 

  0x0000018ae2abf150: ;   {oop("object is not an instance of declaring class"{0x0000000710ad1800})}
  0x0000018ae2abf150: 2049 b800 | 18ad 1007 | 0000 0048 | 8bd0 4889 | 8424 5001 

  0x0000018ae2abf164: ;   {optimized virtual_call}
  0x0000018ae2abf164: 0000 90e8 

  0x0000018ae2abf168: ; ImmutableOopMap {[176]=Oop [184]=Oop [192]=Oop [336]=Oop }
                      ;*invokespecial <init> {reexecute=0 rethrow=0 return_oop=0}
                      ; - jdk.internal.reflect.DirectMethodHandleAccessor::checkReceiver@20 (line 197)
                      ; - jdk.internal.reflect.DirectMethodHandleAccessor::invoke@9 (line 99)
  0x0000018ae2abf168: 14f9 56ff 

  0x0000018ae2abf16c: ;   {other}
  0x0000018ae2abf16c: 0f1f 8400 | 5c0c 001c | 488b 8424 | 5001 0000 | e9fe 0100 | 0049 8b87 | f804 0000 | 4d33 d24d 
  0x0000018ae2abf18c: 8997 f804 | 0000 4d33 | d24d 8997 | 0005 0000 

  0x0000018ae2abf19c: ;   {metadata('java/lang/reflect/InvocationTargetException')}
  0x0000018ae2abf19c: 4c8b c048 | baa8 7809 | 818a 0100 | 0049 8b87 | b801 0000 | 488d 7828 | 493b bfc8 | 0100 000f 
  0x0000018ae2abf1bc: 8794 0100 | 0049 89bf | b801 0000 | 48c7 0001 | 0000 0048 | 8bca 49ba | 0000 0080 | 8a01 0000 
  0x0000018ae2abf1dc: 492b ca89 | 4808 4833 | c989 480c | 4833 c948 | 8948 1048 | 8948 1848 | 8948 2048 | 8bd0 4889 
  0x0000018ae2abf1fc: 8424 5801 | 0000 0f1f 

  0x0000018ae2abf204: ;   {optimized virtual_call}
  0x0000018ae2abf204: 4400 00e8 

  0x0000018ae2abf208: ; ImmutableOopMap {[344]=Oop }
                      ;*invokespecial <init> {reexecute=0 rethrow=0 return_oop=0}
                      ; - jdk.internal.reflect.DirectMethodHandleAccessor::invoke@88 (line 118)
  0x0000018ae2abf208: 0202 0000 

  0x0000018ae2abf20c: ;   {other}
  0x0000018ae2abf20c: 0f1f 8400 | fc0c 001d | 488b 8424 | 5801 0000 | e95e 0100 

  0x0000018ae2abf220: ;   {runtime_call throw_null_pointer_exception Runtime1 stub}
  0x0000018ae2abf220: 00e8 da13 

  0x0000018ae2abf224: ; ImmutableOopMap {rdx=Oop r8=Oop rsi=Oop [176]=Oop [184]=Oop [192]=Oop }
                      ;*invokevirtual getClass {reexecute=0 rethrow=0 return_oop=0}
                      ; - jdk.internal.reflect.DirectMethodHandleAccessor::checkReceiver@5 (line 196)
                      ; - jdk.internal.reflect.DirectMethodHandleAccessor::invoke@9 (line 99)
                      ;   {runtime_call throw_null_pointer_exception Runtime1 stub}
  0x0000018ae2abf224: 62ff e8d5 

  0x0000018ae2abf228: ; ImmutableOopMap {rdx=Oop r8=Oop rsi=Oop rdi=Oop [176]=Oop [184]=Oop [192]=Oop }
                      ;*invokevirtual isAssignableFrom {reexecute=0 rethrow=0 return_oop=0}
                      ; - jdk.internal.reflect.DirectMethodHandleAccessor::checkReceiver@8 (line 196)
                      ; - jdk.internal.reflect.DirectMethodHandleAccessor::invoke@9 (line 99)
                      ;   {runtime_call throw_null_pointer_exception Runtime1 stub}
  0x0000018ae2abf228: 1362 ffe8 

  0x0000018ae2abf22c: ; ImmutableOopMap {rdx=Oop rsi=Oop [176]=Oop [184]=Oop [192]=Oop [200]=Oop }
                      ;*invokevirtual type {reexecute=0 rethrow=0 return_oop=0}
                      ; - java.lang.invoke.Invokers::checkExactType@1 (line 529)
                      ; - java.lang.invoke.Invokers$Holder::invokeExact_MT@10
                      ; - jdk.internal.reflect.DirectMethodHandleAccessor::invokeImpl@104 (line 157)
                      ; - jdk.internal.reflect.DirectMethodHandleAccessor::invoke@23 (line 103)
  0x0000018ae2abf22c: d013 62ff 

  0x0000018ae2abf230: ;   {runtime_call throw_null_pointer_exception Runtime1 stub}
  0x0000018ae2abf230: e8cb 1362 

  0x0000018ae2abf234: ; ImmutableOopMap {rdx=Oop rsi=Oop [176]=Oop [184]=Oop [192]=Oop [200]=Oop }
                      ;*getfield customized {reexecute=1 rethrow=0 return_oop=0}
                      ; - (reexecute) java.lang.invoke.Invokers::checkCustomized@12 (line 626)
                      ; - java.lang.invoke.Invokers$Holder::invokeExact_MT@14
                      ; - jdk.internal.reflect.DirectMethodHandleAccessor::invokeImpl@104 (line 157)
                      ; - jdk.internal.reflect.DirectMethodHandleAccessor::invoke@23 (line 103)
                      ;   {runtime_call predicate_failed_trap Runtime1 stub}
  0x0000018ae2abf234: ffe8 4671 

  0x0000018ae2abf238: ; ImmutableOopMap {rdx=Oop r9=Oop rsi=Oop [176]=Oop [184]=Oop [192]=Oop [232]=Oop }
                      ;*aaload {reexecute=0 rethrow=0 return_oop=0}
                      ; - jdk.internal.reflect.DirectMethodHandleAccessor::invokeImpl@85 (line 156)
                      ; - jdk.internal.reflect.DirectMethodHandleAccessor::invoke@23 (line 103)
                      ;   {runtime_call predicate_failed_trap Runtime1 stub}
  0x0000018ae2abf238: 62ff e841 

  0x0000018ae2abf23c: ; ImmutableOopMap {rdx=Oop r9=Oop rsi=Oop [176]=Oop [184]=Oop [192]=Oop [232]=Oop }
                      ;*aaload {reexecute=0 rethrow=0 return_oop=0}
                      ; - jdk.internal.reflect.DirectMethodHandleAccessor::invokeImpl@85 (line 156)
                      ; - jdk.internal.reflect.DirectMethodHandleAccessor::invoke@23 (line 103)
                      ;   {runtime_call throw_null_pointer_exception Runtime1 stub}
  0x0000018ae2abf23c: 7162 ffe8 

  0x0000018ae2abf240: ; ImmutableOopMap {rdx=Oop rsi=Oop rdi=Oop rbx=Oop rax=Oop [176]=Oop [192]=Oop [208]=Oop [216]=Oop [224]=Oop [232]=Oop }
                      ;*invokevirtual type {reexecute=0 rethrow=0 return_oop=0}
                      ; - java.lang.invoke.Invokers::checkExactType@1 (line 529)
                      ; - java.lang.invoke.LambdaForm$MH/0x0000018a810d2000::invokeExact_MT@11
                      ; - jdk.internal.reflect.DirectMethodHandleAccessor::invokeImpl@92 (line 156)
                      ; - jdk.internal.reflect.DirectMethodHandleAccessor::invoke@23 (line 103)
  0x0000018ae2abf240: bc13 62ff 

  0x0000018ae2abf244: ;   {runtime_call throw_null_pointer_exception Runtime1 stub}
  0x0000018ae2abf244: e8b7 1362 

  0x0000018ae2abf248: ; ImmutableOopMap {rdx=Oop rsi=Oop rdi=Oop rbx=Oop rax=Oop [176]=Oop [192]=Oop [208]=Oop [216]=Oop [224]=Oop [232]=Oop }
                      ;*getfield customized {reexecute=1 rethrow=0 return_oop=0}
                      ; - (reexecute) java.lang.invoke.Invokers::checkCustomized@12 (line 626)
                      ; - java.lang.invoke.LambdaForm$MH/0x0000018a810d2000::invokeExact_MT@15
                      ; - jdk.internal.reflect.DirectMethodHandleAccessor::invokeImpl@92 (line 156)
                      ; - jdk.internal.reflect.DirectMethodHandleAccessor::invoke@23 (line 103)
                      ;   {runtime_call predicate_failed_trap Runtime1 stub}
  0x0000018ae2abf248: ffe8 3271 

  0x0000018ae2abf24c: ; ImmutableOopMap {rdx=Oop r9=Oop rsi=Oop [176]=Oop [184]=Oop [192]=Oop [256]=Oop }
                      ;*aaload {reexecute=0 rethrow=0 return_oop=0}
                      ; - jdk.internal.reflect.DirectMethodHandleAccessor::invokeImpl@68 (line 155)
                      ; - jdk.internal.reflect.DirectMethodHandleAccessor::invoke@23 (line 103)
                      ;   {runtime_call predicate_failed_trap Runtime1 stub}
  0x0000018ae2abf24c: 62ff e82d 

  0x0000018ae2abf250: ; ImmutableOopMap {rdx=Oop r9=Oop rsi=Oop [176]=Oop [184]=Oop [192]=Oop [256]=Oop }
                      ;*aaload {reexecute=0 rethrow=0 return_oop=0}
                      ; - jdk.internal.reflect.DirectMethodHandleAccessor::invokeImpl@68 (line 155)
                      ; - jdk.internal.reflect.DirectMethodHandleAccessor::invoke@23 (line 103)
                      ;   {runtime_call throw_null_pointer_exception Runtime1 stub}
  0x0000018ae2abf250: 7162 ffe8 

  0x0000018ae2abf254: ; ImmutableOopMap {rdx=Oop rsi=Oop rdi=Oop rbx=Oop [176]=Oop [192]=Oop [240]=Oop [248]=Oop [256]=Oop }
                      ;*invokevirtual type {reexecute=0 rethrow=0 return_oop=0}
                      ; - java.lang.invoke.Invokers::checkExactType@1 (line 529)
                      ; - java.lang.invoke.LambdaForm$MH/0x0000018a8124d400::invokeExact_MT@11
                      ; - jdk.internal.reflect.DirectMethodHandleAccessor::invokeImpl@72 (line 155)
                      ; - jdk.internal.reflect.DirectMethodHandleAccessor::invoke@23 (line 103)
  0x0000018ae2abf254: a813 62ff 

  0x0000018ae2abf258: ;   {runtime_call throw_null_pointer_exception Runtime1 stub}
  0x0000018ae2abf258: e8a3 1362 

  0x0000018ae2abf25c: ; ImmutableOopMap {rdx=Oop rsi=Oop rdi=Oop rbx=Oop [176]=Oop [192]=Oop [240]=Oop [248]=Oop [256]=Oop }
                      ;*getfield customized {reexecute=1 rethrow=0 return_oop=0}
                      ; - (reexecute) java.lang.invoke.Invokers::checkCustomized@12 (line 626)
                      ; - java.lang.invoke.LambdaForm$MH/0x0000018a8124d400::invokeExact_MT@15
                      ; - jdk.internal.reflect.DirectMethodHandleAccessor::invokeImpl@72 (line 155)
                      ; - jdk.internal.reflect.DirectMethodHandleAccessor::invoke@23 (line 103)
                      ;   {runtime_call throw_null_pointer_exception Runtime1 stub}
  0x0000018ae2abf25c: ffe8 9e13 

  0x0000018ae2abf260: ; ImmutableOopMap {rdx=Oop r9=Oop rsi=Oop [176]=Oop [184]=Oop [192]=Oop [272]=Oop }
                      ;*aaload {reexecute=0 rethrow=0 return_oop=0}
                      ; - jdk.internal.reflect.DirectMethodHandleAccessor::invokeImpl@54 (line 154)
                      ; - jdk.internal.reflect.DirectMethodHandleAccessor::invoke@23 (line 103)
                      ;   {runtime_call throw_null_pointer_exception Runtime1 stub}
  0x0000018ae2abf260: 62ff e899 

  0x0000018ae2abf264: ; ImmutableOopMap {rdx=Oop r9=Oop rsi=Oop [176]=Oop [184]=Oop [192]=Oop [272]=Oop }
                      ;*aaload {reexecute=0 rethrow=0 return_oop=0}
                      ; - jdk.internal.reflect.DirectMethodHandleAccessor::invokeImpl@54 (line 154)
                      ; - jdk.internal.reflect.DirectMethodHandleAccessor::invoke@23 (line 103)
  0x0000018ae2abf264: 1362 ff48 | c704 2400 | 0000 004c | 894c 2408 

  0x0000018ae2abf274: ;   {runtime_call throw_range_check_failed Runtime1 stub}
  0x0000018ae2abf274: e887 0a62 

  0x0000018ae2abf278: ; ImmutableOopMap {rdx=Oop r9=Oop rsi=Oop [176]=Oop [184]=Oop [192]=Oop [272]=Oop }
                      ;*aaload {reexecute=0 rethrow=0 return_oop=0}
                      ; - jdk.internal.reflect.DirectMethodHandleAccessor::invokeImpl@54 (line 154)
                      ; - jdk.internal.reflect.DirectMethodHandleAccessor::invoke@23 (line 103)
                      ;   {runtime_call throw_null_pointer_exception Runtime1 stub}
  0x0000018ae2abf278: ffe8 8213 

  0x0000018ae2abf27c: ; ImmutableOopMap {rdx=Oop rsi=Oop rdi=Oop [176]=Oop [192]=Oop [264]=Oop [272]=Oop }
                      ;*invokevirtual type {reexecute=0 rethrow=0 return_oop=0}
                      ; - java.lang.invoke.Invokers::checkExactType@1 (line 529)
                      ; - java.lang.invoke.Invokers$Holder::invokeExact_MT@10
                      ; - jdk.internal.reflect.DirectMethodHandleAccessor::invokeImpl@55 (line 154)
                      ; - jdk.internal.reflect.DirectMethodHandleAccessor::invoke@23 (line 103)
                      ;   {runtime_call throw_null_pointer_exception Runtime1 stub}
  0x0000018ae2abf27c: 62ff e87d 

  0x0000018ae2abf280: ; ImmutableOopMap {rdx=Oop rsi=Oop rdi=Oop [176]=Oop [192]=Oop [264]=Oop [272]=Oop }
                      ;*getfield customized {reexecute=1 rethrow=0 return_oop=0}
                      ; - (reexecute) java.lang.invoke.Invokers::checkCustomized@12 (line 626)
                      ; - java.lang.invoke.Invokers$Holder::invokeExact_MT@14
                      ; - jdk.internal.reflect.DirectMethodHandleAccessor::invokeImpl@55 (line 154)
                      ; - jdk.internal.reflect.DirectMethodHandleAccessor::invoke@23 (line 103)
                      ;   {runtime_call throw_null_pointer_exception Runtime1 stub}
  0x0000018ae2abf280: 1362 ffe8 

  0x0000018ae2abf284: ; ImmutableOopMap {rdx=Oop rsi=Oop [176]=Oop [192]=Oop [280]=Oop }
                      ;*invokevirtual type {reexecute=0 rethrow=0 return_oop=0}
                      ; - java.lang.invoke.Invokers::checkExactType@1 (line 529)
                      ; - java.lang.invoke.Invokers$Holder::invokeExact_MT@10
                      ; - jdk.internal.reflect.DirectMethodHandleAccessor::invokeImpl@41 (line 153)
                      ; - jdk.internal.reflect.DirectMethodHandleAccessor::invoke@23 (line 103)
  0x0000018ae2abf284: 7813 62ff 

  0x0000018ae2abf288: ;   {runtime_call throw_null_pointer_exception Runtime1 stub}
  0x0000018ae2abf288: e873 1362 

  0x0000018ae2abf28c: ; ImmutableOopMap {rdx=Oop rsi=Oop [176]=Oop [192]=Oop [280]=Oop }
                      ;*getfield customized {reexecute=1 rethrow=0 return_oop=0}
                      ; - (reexecute) java.lang.invoke.Invokers::checkCustomized@12 (line 626)
                      ; - java.lang.invoke.Invokers$Holder::invokeExact_MT@14
                      ; - jdk.internal.reflect.DirectMethodHandleAccessor::invokeImpl@41 (line 153)
                      ; - jdk.internal.reflect.DirectMethodHandleAccessor::invoke@23 (line 103)
                      ;   {internal_word}
  0x0000018ae2abf28c: ff49 ba2c | ecab e28a | 0100 004d | 8997 6004 

  0x0000018ae2abf29c: ;   {runtime_call SafepointBlob}
  0x0000018ae2abf29c: 0000 e95d 

  0x0000018ae2abf2a0: ;   {internal_word}
  0x0000018ae2abf2a0: 6457 ff49 | ba6c ecab | e28a 0100 | 004d 8997 | 6004 0000 

  0x0000018ae2abf2b4: ;   {runtime_call SafepointBlob}
  0x0000018ae2abf2b4: e947 6457 

  0x0000018ae2abf2b8: ;   {internal_word}
  0x0000018ae2abf2b8: ff49 bab4 | ecab e28a | 0100 004d | 8997 6004 

  0x0000018ae2abf2c8: ;   {runtime_call SafepointBlob}
  0x0000018ae2abf2c8: 0000 e931 

  0x0000018ae2abf2cc: ;   {internal_word}
  0x0000018ae2abf2cc: 6457 ff49 | ba04 edab | e28a 0100 | 004d 8997 | 6004 0000 

  0x0000018ae2abf2e0: ;   {runtime_call SafepointBlob}
  0x0000018ae2abf2e0: e91b 6457 

  0x0000018ae2abf2e4: ;   {internal_word}
  0x0000018ae2abf2e4: ff49 ba44 | edab e28a | 0100 004d | 8997 6004 

  0x0000018ae2abf2f4: ;   {runtime_call SafepointBlob}
  0x0000018ae2abf2f4: 0000 e905 

  0x0000018ae2abf2f8: ;   {runtime_call throw_null_pointer_exception Runtime1 stub}
  0x0000018ae2abf2f8: 6457 ffe8 

  0x0000018ae2abf2fc: ; ImmutableOopMap {rax=Oop [176]=Oop [192]=Oop [280]=Oop }
                      ;*athrow {reexecute=1 rethrow=0 return_oop=0}
                      ; - (reexecute) java.lang.invoke.Invokers::checkExactType@15 (line 531)
                      ; - java.lang.invoke.Invokers$Holder::invokeExact_MT@10
                      ; - jdk.internal.reflect.DirectMethodHandleAccessor::invokeImpl@41 (line 153)
                      ; - jdk.internal.reflect.DirectMethodHandleAccessor::invoke@23 (line 103)
  0x0000018ae2abf2fc: 0013 62ff 

  0x0000018ae2abf300: ;   {runtime_call throw_null_pointer_exception Runtime1 stub}
  0x0000018ae2abf300: e8fb 1262 

  0x0000018ae2abf304: ; ImmutableOopMap {rax=Oop [176]=Oop [192]=Oop [264]=Oop [272]=Oop }
                      ;*athrow {reexecute=1 rethrow=0 return_oop=0}
                      ; - (reexecute) java.lang.invoke.Invokers::checkExactType@15 (line 531)
                      ; - java.lang.invoke.Invokers$Holder::invokeExact_MT@10
                      ; - jdk.internal.reflect.DirectMethodHandleAccessor::invokeImpl@55 (line 154)
                      ; - jdk.internal.reflect.DirectMethodHandleAccessor::invoke@23 (line 103)
                      ;   {runtime_call throw_null_pointer_exception Runtime1 stub}
  0x0000018ae2abf304: ffe8 f612 

  0x0000018ae2abf308: ; ImmutableOopMap {rax=Oop [176]=Oop [192]=Oop [240]=Oop [248]=Oop [256]=Oop }
                      ;*athrow {reexecute=1 rethrow=0 return_oop=0}
                      ; - (reexecute) java.lang.invoke.Invokers::checkExactType@15 (line 531)
                      ; - java.lang.invoke.LambdaForm$MH/0x0000018a8124d400::invokeExact_MT@11
                      ; - jdk.internal.reflect.DirectMethodHandleAccessor::invokeImpl@72 (line 155)
                      ; - jdk.internal.reflect.DirectMethodHandleAccessor::invoke@23 (line 103)
                      ;   {runtime_call throw_null_pointer_exception Runtime1 stub}
  0x0000018ae2abf308: 62ff e8f1 

  0x0000018ae2abf30c: ; ImmutableOopMap {rax=Oop [176]=Oop [192]=Oop [208]=Oop [216]=Oop [224]=Oop [232]=Oop }
                      ;*athrow {reexecute=1 rethrow=0 return_oop=0}
                      ; - (reexecute) java.lang.invoke.Invokers::checkExactType@15 (line 531)
                      ; - java.lang.invoke.LambdaForm$MH/0x0000018a810d2000::invokeExact_MT@11
                      ; - jdk.internal.reflect.DirectMethodHandleAccessor::invokeImpl@92 (line 156)
                      ; - jdk.internal.reflect.DirectMethodHandleAccessor::invoke@23 (line 103)
                      ;   {runtime_call throw_null_pointer_exception Runtime1 stub}
  0x0000018ae2abf30c: 1262 ffe8 

  0x0000018ae2abf310: ; ImmutableOopMap {rax=Oop [176]=Oop [184]=Oop [192]=Oop [200]=Oop }
                      ;*athrow {reexecute=1 rethrow=0 return_oop=0}
                      ; - (reexecute) java.lang.invoke.Invokers::checkExactType@15 (line 531)
                      ; - java.lang.invoke.Invokers$Holder::invokeExact_MT@10
                      ; - jdk.internal.reflect.DirectMethodHandleAccessor::invokeImpl@104 (line 157)
                      ; - jdk.internal.reflect.DirectMethodHandleAccessor::invoke@23 (line 103)
  0x0000018ae2abf310: ec12 62ff 

  0x0000018ae2abf314: ;   {runtime_call fast_new_instance Runtime1 stub}
  0x0000018ae2abf314: 488b d2e8 

  0x0000018ae2abf318: ; ImmutableOopMap {}
                      ;*new {reexecute=0 rethrow=0 return_oop=0}
                      ; - jdk.internal.reflect.DirectMethodHandleAccessor::invoke@36 (line 107)
  0x0000018ae2abf318: e41b 62ff | e90e fcff | ff48 8bd2 

  0x0000018ae2abf324: ;   {runtime_call fast_new_instance Runtime1 stub}
  0x0000018ae2abf324: e8d7 1b62 

  0x0000018ae2abf328: ; ImmutableOopMap {r8=Oop }
                      ;*new {reexecute=0 rethrow=0 return_oop=0}
                      ; - jdk.internal.reflect.DirectMethodHandleAccessor::invoke@46 (line 109)
  0x0000018ae2abf328: ffe9 93fc | ffff 488b 

  0x0000018ae2abf330: ;   {runtime_call fast_new_instance Runtime1 stub}
  0x0000018ae2abf330: d2e8 ca1b 

  0x0000018ae2abf334: ; ImmutableOopMap {[288]=Oop }
                      ;*new {reexecute=0 rethrow=0 return_oop=0}
                      ; - jdk.internal.reflect.DirectMethodHandleAccessor::invoke@64 (line 113)
  0x0000018ae2abf334: 62ff e906 | fdff ff48 

  0x0000018ae2abf33c: ;   {runtime_call fast_new_instance Runtime1 stub}
  0x0000018ae2abf33c: 8bd2 e8bd 

  0x0000018ae2abf340: ; ImmutableOopMap {r8=Oop }
                      ;*new {reexecute=0 rethrow=0 return_oop=0}
                      ; - jdk.internal.reflect.DirectMethodHandleAccessor::invoke@73 (line 115)
  0x0000018ae2abf340: 1b62 ffe9 | 89fd ffff 

  0x0000018ae2abf348: ;   {runtime_call fast_new_instance Runtime1 stub}
  0x0000018ae2abf348: 488b d2e8 

  0x0000018ae2abf34c: ; ImmutableOopMap {[176]=Oop [184]=Oop [192]=Oop }
                      ;*new {reexecute=0 rethrow=0 return_oop=0}
                      ; - jdk.internal.reflect.DirectMethodHandleAccessor::checkReceiver@14 (line 197)
                      ; - jdk.internal.reflect.DirectMethodHandleAccessor::invoke@9 (line 99)
  0x0000018ae2abf34c: b01b 62ff | e9fc fdff | ff48 8bd2 

  0x0000018ae2abf358: ;   {runtime_call fast_new_instance Runtime1 stub}
  0x0000018ae2abf358: e8a3 1b62 

  0x0000018ae2abf35c: ; ImmutableOopMap {r8=Oop }
                      ;*new {reexecute=0 rethrow=0 return_oop=0}
                      ; - jdk.internal.reflect.DirectMethodHandleAccessor::invoke@83 (line 118)
  0x0000018ae2abf35c: ffe9 95fe | ffff 498b | 87f8 0400 | 0049 c787 | f804 0000 | 0000 0000 | 49c7 8700 | 0500 0000 
  0x0000018ae2abf37c: 0000 0048 | 81c4 7001 

  0x0000018ae2abf384: ;   {runtime_call unwind_exception Runtime1 stub}
  0x0000018ae2abf384: 0000 5de9 | 7403 62ff | f4f4 f4f4 
[Stub Code]
  0x0000018ae2abf390: ;   {no_reloc}
  0x0000018ae2abf390: 0f1f 4400 

  0x0000018ae2abf394: ;   {static_stub}
  0x0000018ae2abf394: 0048 bb00 | 0000 0000 

  0x0000018ae2abf39c: ;   {runtime_call nmethod}
  0x0000018ae2abf39c: 0000 00e9 | fbff ffff 

  0x0000018ae2abf3a4: ;   {static_stub}
  0x0000018ae2abf3a4: 9048 bb00 | 0000 0000 

  0x0000018ae2abf3ac: ;   {runtime_call nmethod}
  0x0000018ae2abf3ac: 0000 00e9 | fbff ffff 

  0x0000018ae2abf3b4: ;   {static_stub}
  0x0000018ae2abf3b4: 48bb 0000 | 0000 0000 

  0x0000018ae2abf3bc: ;   {runtime_call nmethod}
  0x0000018ae2abf3bc: 0000 e9fb 

  0x0000018ae2abf3c0: ;   {static_stub}
  0x0000018ae2abf3c0: ffff ff48 | bb00 0000 | 0000 0000 

  0x0000018ae2abf3cc: ;   {runtime_call nmethod}
  0x0000018ae2abf3cc: 00e9 fbff 

  0x0000018ae2abf3d0: ;   {static_stub}
  0x0000018ae2abf3d0: ffff 48bb | 0000 0000 | 0000 0000 

  0x0000018ae2abf3dc: ;   {runtime_call nmethod}
  0x0000018ae2abf3dc: e9fb ffff 

  0x0000018ae2abf3e0: ;   {static_stub}
  0x0000018ae2abf3e0: ff48 bb00 | 0000 0000 

  0x0000018ae2abf3e8: ;   {runtime_call nmethod}
  0x0000018ae2abf3e8: 0000 00e9 | fbff ffff 

  0x0000018ae2abf3f0: ;   {static_stub}
  0x0000018ae2abf3f0: 48bb 0000 | 0000 0000 

  0x0000018ae2abf3f8: ;   {runtime_call nmethod}
  0x0000018ae2abf3f8: 0000 e9fb 

  0x0000018ae2abf3fc: ;   {static_stub}
  0x0000018ae2abf3fc: ffff ff48 | bb00 0000 | 0000 0000 

  0x0000018ae2abf408: ;   {runtime_call nmethod}
  0x0000018ae2abf408: 00e9 fbff 

  0x0000018ae2abf40c: ;   {static_stub}
  0x0000018ae2abf40c: ffff 48bb | 50a7 53ed | 8a01 0000 

  0x0000018ae2abf418: ;   {runtime_call I2C/C2I adapters}
  0x0000018ae2abf418: e9ca 4d57 

  0x0000018ae2abf41c: ;   {static_stub}
  0x0000018ae2abf41c: ff48 bb00 | 0000 0000 

  0x0000018ae2abf424: ;   {runtime_call nmethod}
  0x0000018ae2abf424: 0000 00e9 | fbff ffff 

  0x0000018ae2abf42c: ;   {static_stub}
  0x0000018ae2abf42c: 48bb 0000 | 0000 0000 

  0x0000018ae2abf434: ;   {runtime_call nmethod}
  0x0000018ae2abf434: 0000 e9fb 

  0x0000018ae2abf438: ;   {static_stub}
  0x0000018ae2abf438: ffff ff48 | bb00 0000 | 0000 0000 

  0x0000018ae2abf444: ;   {runtime_call nmethod}
  0x0000018ae2abf444: 00e9 fbff 

  0x0000018ae2abf448: ;   {static_stub}
  0x0000018ae2abf448: ffff 48bb | 0000 0000 | 0000 0000 

  0x0000018ae2abf454: ;   {runtime_call nmethod}
  0x0000018ae2abf454: e9fb ffff 

  0x0000018ae2abf458: ;   {runtime_call handle_exception_from_callee Runtime1 stub}
  0x0000018ae2abf458: ffe8 a22f 

  0x0000018ae2abf45c: ;   {external_word}
  0x0000018ae2abf45c: 62ff 48b9 | 907f a71b | fe7f 0000 | 4883 e4f0 

  0x0000018ae2abf46c: ;   {runtime_call}
  0x0000018ae2abf46c: 48b8 e044 | 6a1b fe7f | 0000 ffd0 

  0x0000018ae2abf478: ;   {section_word}
  0x0000018ae2abf478: f449 ba79 | f4ab e28a | 0100 0041 

  0x0000018ae2abf484: ;   {runtime_call DeoptimizationBlob}
  0x0000018ae2abf484: 52e9 1655 

  0x0000018ae2abf488: ;   {section_word}
  0x0000018ae2abf488: 57ff 49ba | 8af4 abe2 | 8a01 0000 

  0x0000018ae2abf494: ;   {runtime_call DeoptimizationBlob}
  0x0000018ae2abf494: 4152 e905 | 5557 fff4 | f4f4 f4f4 
[/MachCode]


Compiled method (c1) 39556 4225       1       java.lang.reflect.Method::invoke (108 bytes)
 total in heap  [0x0000018ae2abca10,0x0000018ae2abd020] = 1552
 relocation     [0x0000018ae2abcb70,0x0000018ae2abcc00] = 144
 main code      [0x0000018ae2abcc00,0x0000018ae2abce58] = 600
 stub code      [0x0000018ae2abce58,0x0000018ae2abcef0] = 152
 metadata       [0x0000018ae2abcef0,0x0000018ae2abcef8] = 8
 scopes data    [0x0000018ae2abcef8,0x0000018ae2abcf78] = 128
 scopes pcs     [0x0000018ae2abcf78,0x0000018ae2abd008] = 144
 dependencies   [0x0000018ae2abd008,0x0000018ae2abd010] = 8
 nul chk table  [0x0000018ae2abd010,0x0000018ae2abd020] = 16

[Constant Pool (empty)]

[MachCode]
[Entry Point]
  # {method} {0x0000018a80043cd8} 'invoke' '(Ljava/lang/Object;[Ljava/lang/Object;)Ljava/lang/Object;' in 'java/lang/reflect/Method'
  # this:     rdx:rdx   = 'java/lang/reflect/Method'
  # parm0:    r8:r8     = 'java/lang/Object'
  # parm1:    r9:r9     = '[Ljava/lang/Object;'
  #           [sp+0x90]  (sp of caller)
  0x0000018ae2abcc00: 448b 5208 | 49bb 0000 | 0080 8a01 | 0000 4d03 | d34c 3bd0 

  0x0000018ae2abcc14: ;   {runtime_call ic_miss_stub}
  0x0000018ae2abcc14: 0f85 661b | 57ff 660f | 1f44 0000 
[Verified Entry Point]
  0x0000018ae2abcc20: 8984 2400 | 80ff ff55 | 4881 ec80 | 0000 0090 | 4181 7f20 | 0500 0000 

  0x0000018ae2abcc38: ;   {runtime_call StubRoutines (final stubs)}
  0x0000018ae2abcc38: 7405 e821 | 8155 ff48 | 8954 2448 | 4c89 4424 | 504c 894c | 2458 488b | f248 8bd6 

  0x0000018ae2abcc54: ;   {optimized virtual_call}
  0x0000018ae2abcc54: 6666 90e8 

  0x0000018ae2abcc58: ; ImmutableOopMap {[72]=Oop [80]=Oop [88]=Oop }
                      ;*invokevirtual isCallerSensitive {reexecute=0 rethrow=0 return_oop=0}
                      ; - java.lang.reflect.Method::invoke@1 (line 561)
  0x0000018ae2abcc58: 841e feff 

  0x0000018ae2abcc5c: ;   {other}
  0x0000018ae2abcc5c: 0f1f 8400 | 4c02 0000 | 488b 5424 | 480f be72 | 0c85 f60f | 841b 0000 | 0085 c00f | 8513 0000 
  0x0000018ae2abcc7c: ;   {oop(nullptr)}
  0x0000018ae2abcc7c: 0048 bb00 | 0000 0000 | 0000 0089 | 4424 60e9 | 1c00 0000 | 8944 2460 

  0x0000018ae2abcc94: ;   {static_call}
  0x0000018ae2abcc94: 6666 90e8 

  0x0000018ae2abcc98: ; ImmutableOopMap {[72]=Oop [80]=Oop [88]=Oop }
                      ;*invokestatic getCallerClass {reexecute=0 rethrow=0 return_oop=0}
                      ; - java.lang.reflect.Method::invoke@19 (line 564)
  0x0000018ae2abcc98: 443c 73ff 

  0x0000018ae2abcc9c: ;   {other}
  0x0000018ae2abcc9c: 0f1f 8400 | 8c02 0001 | 488b d848 | 8b54 2448 | 440f be42 | 0c45 85c0 | 0f84 0a00 | 0000 4889 
  0x0000018ae2abccbc: 5c24 68e9 | 7d00 0000 | 448b 4a24 | 49c1 e103 | 8b72 204c | 8bc6 4183 | e008 4585 | c041 b800 
  0x0000018ae2abccdc: 0000 0074 | 0641 b801 | 0000 0041 | 83e0 0145 | 85c0 0f84 | 0f00 0000 

  0x0000018ae2abccf4: ;   {oop(nullptr)}
  0x0000018ae2abccf4: 48bf 0000 | 0000 0000 | 0000 e91d | 0000 004c | 8b44 2450 

  0x0000018ae2abcd08: ; implicit exception: dispatches to 0x0000018ae2abcdfa
  0x0000018ae2abcd08: 418b 7808 | 49ba 0000 | 0080 8a01 | 0000 4903 | fa48 8b7f | 7048 8b3f | 4c8b c348 | 8bca 488b 
  0x0000018ae2abcd28: d148 895c 

  0x0000018ae2abcd2c: ;   {optimized virtual_call}
  0x0000018ae2abcd2c: 2468 90e8 

  0x0000018ae2abcd30: ; ImmutableOopMap {[72]=Oop [80]=Oop [88]=Oop [104]=Oop }
                      ;*invokevirtual checkAccess {reexecute=0 rethrow=0 return_oop=0}
                      ; - java.lang.reflect.Method::invoke@60 (line 571)
  0x0000018ae2abcd30: ccd9 7eff 

  0x0000018ae2abcd34: ;   {other}
  0x0000018ae2abcd34: 0f1f 8400 | 2403 0002 | 488b 5424 | 488b 724c | 48c1 e603 | 4885 f60f | 8516 0000 | 0066 0f1f 
  0x0000018ae2abcd54: ;   {optimized virtual_call}
  0x0000018ae2abcd54: 4400 00e8 

  0x0000018ae2abcd58: ; ImmutableOopMap {[80]=Oop [88]=Oop [104]=Oop }
                      ;*invokevirtual acquireMethodAccessor {reexecute=0 rethrow=0 return_oop=0}
                      ; - java.lang.reflect.Method::invoke@75 (line 577)
  0x0000018ae2abcd58: 4d01 0000 

  0x0000018ae2abcd5c: ;   {other}
  0x0000018ae2abcd5c: 0f1f 8400 | 4c03 0003 | 488b f08b | 4424 6085 | c00f 8447 | 0000 0048 | 8b5c 2468 | 4c8b 4424 
  0x0000018ae2abcd7c: 504c 8b4c | 2458 488b | fb48 8bd6 | 0f1f 4400 | 0048 b8ff | ffff ffff 

  0x0000018ae2abcd94: ;   {virtual_call}
  0x0000018ae2abcd94: ffff ffe8 

  0x0000018ae2abcd98: ; ImmutableOopMap {}
                      ;*invokeinterface invoke {reexecute=0 rethrow=0 return_oop=0}
                      ; - java.lang.reflect.Method::invoke@90 (line 580)
  0x0000018ae2abcd98: e41f 57ff 

  0x0000018ae2abcd9c: ;   {other}
  0x0000018ae2abcd9c: 0f1f 8400 | 8c03 0004 | 4881 c480 | 0000 005d 

  0x0000018ae2abcdac: ;   {poll_return}
  0x0000018ae2abcdac: 493b a748 | 0400 000f | 8746 0000 | 00c3 4c8b | 4c24 584c | 8b44 2450 | 488b d666 | 0f1f 4400 
  0x0000018ae2abcdcc: 0048 b8b8 | dc19 808a 

  0x0000018ae2abcdd4: ;   {virtual_call}
  0x0000018ae2abcdd4: 0100 00e8 

  0x0000018ae2abcdd8: ; ImmutableOopMap {}
                      ;*invokeinterface invoke {reexecute=0 rethrow=0 return_oop=0}
                      ; - java.lang.reflect.Method::invoke@102 (line 580)
  0x0000018ae2abcdd8: c41a 0000 

  0x0000018ae2abcddc: ;   {other}
  0x0000018ae2abcddc: 0f1f 8400 | cc03 0005 | 4881 c480 | 0000 005d 

  0x0000018ae2abcdec: ;   {poll_return}
  0x0000018ae2abcdec: 493b a748 | 0400 000f | 871c 0000 

  0x0000018ae2abcdf8: ;   {runtime_call throw_null_pointer_exception Runtime1 stub}
  0x0000018ae2abcdf8: 00c3 e801 

  0x0000018ae2abcdfc: ; ImmutableOopMap {rbx=Oop rdx=Oop r9=Oop r8=Oop [72]=Oop [80]=Oop [88]=Oop }
                      ;*invokevirtual getClass {reexecute=0 rethrow=0 return_oop=0}
                      ; - java.lang.reflect.Method::invoke@53 (line 572)
                      ;   {internal_word}
  0x0000018ae2abcdfc: 3862 ff49 | baac cdab | e28a 0100 | 004d 8997 | 6004 0000 

  0x0000018ae2abce10: ;   {runtime_call SafepointBlob}
  0x0000018ae2abce10: e9eb 8857 

  0x0000018ae2abce14: ;   {internal_word}
  0x0000018ae2abce14: ff49 baec | cdab e28a | 0100 004d | 8997 6004 

  0x0000018ae2abce24: ;   {runtime_call SafepointBlob}
  0x0000018ae2abce24: 0000 e9d5 | 8857 ff49 | 8b87 f804 | 0000 49c7 | 87f8 0400 | 0000 0000 | 0049 c787 | 0005 0000 
  0x0000018ae2abce44: 0000 0000 | 4881 c480 | 0000 005d 

  0x0000018ae2abce50: ;   {runtime_call unwind_exception Runtime1 stub}
  0x0000018ae2abce50: e9ab 2862 | fff4 f4f4 
[Stub Code]
  0x0000018ae2abce58: ;   {no_reloc}
  0x0000018ae2abce58: 0f1f 4400 

  0x0000018ae2abce5c: ;   {static_stub}
  0x0000018ae2abce5c: 0048 bb00 | 0000 0000 

  0x0000018ae2abce64: ;   {runtime_call nmethod}
  0x0000018ae2abce64: 0000 00e9 | fbff ffff 

  0x0000018ae2abce6c: ;   {static_stub}
  0x0000018ae2abce6c: 9048 bb00 | 0000 0000 

  0x0000018ae2abce74: ;   {runtime_call nmethod}
  0x0000018ae2abce74: 0000 00e9 | fbff ffff 

  0x0000018ae2abce7c: ;   {static_stub}
  0x0000018ae2abce7c: 48bb 0000 | 0000 0000 

  0x0000018ae2abce84: ;   {runtime_call nmethod}
  0x0000018ae2abce84: 0000 e9fb 

  0x0000018ae2abce88: ;   {static_stub}
  0x0000018ae2abce88: ffff ff48 | bb00 0000 | 0000 0000 

  0x0000018ae2abce94: ;   {runtime_call nmethod}
  0x0000018ae2abce94: 00e9 fbff 

  0x0000018ae2abce98: ;   {static_stub}
  0x0000018ae2abce98: ffff 48bb | 0000 0000 | 0000 0000 

  0x0000018ae2abcea4: ;   {runtime_call nmethod}
  0x0000018ae2abcea4: e9fb ffff 

  0x0000018ae2abcea8: ;   {static_stub}
  0x0000018ae2abcea8: ff48 bb48 | 4104 808a 

  0x0000018ae2abceb0: ;   {runtime_call I2C/C2I adapters}
  0x0000018ae2abceb0: 0100 00e9 | ab65 57ff 
[Exception Handler]
  0x0000018ae2abceb8: ;   {runtime_call handle_exception_from_callee Runtime1 stub}
  0x0000018ae2abceb8: e843 5562 

  0x0000018ae2abcebc: ;   {external_word}
  0x0000018ae2abcebc: ff48 b990 | 7fa7 1bfe | 7f00 0048 

  0x0000018ae2abcec8: ;   {runtime_call}
  0x0000018ae2abcec8: 83e4 f048 | b8e0 446a | 1bfe 7f00 | 00ff d0f4 
[Deopt Handler Code]
  0x0000018ae2abced8: ;   {section_word}
  0x0000018ae2abced8: 49ba d8ce | abe2 8a01 | 0000 4152 

  0x0000018ae2abcee4: ;   {runtime_call DeoptimizationBlob}
  0x0000018ae2abcee4: e9b7 7a57 | fff4 f4f4 | f4f4 f4f4 
[/MachCode]


---------------  P R O C E S S  ---------------

Threads class SMR info:
_java_thread_list=0x0000018b8b6ab7a0, length=40, elements={
0x0000018aecb9fd40, 0x0000018aecba1300, 0x0000018aecba2da0, 0x0000018aecba3a50,
0x0000018aecbb0570, 0x0000018aecbb6c50, 0x0000018aecbbbf10, 0x0000018aeccbb3c0,
0x0000018aecd0e420, 0x0000018af144af10, 0x0000018af1456430, 0x0000018af147e2a0,
0x0000018af168d1c0, 0x0000018af16cbc80, 0x0000018af16ceb00, 0x0000018af16e2950,
0x0000018af1722da0, 0x0000018af1779510, 0x0000018af177c300, 0x0000018af177a230,
0x0000018b8c3996e0, 0x0000018b8c399050, 0x0000018b8c397ca0, 0x0000018b8c3989c0,
0x0000018b8c399d70, 0x0000018b8c397610, 0x0000018b8c3968f0, 0x0000018b8c398330,
0x0000018b8c39a400, 0x0000018b8c396f80, 0x0000018b8c39c4d0, 0x0000018b8c39df10,
0x0000018b8c39b7b0, 0x0000018b8c39d1f0, 0x0000018b8c39b120, 0x0000018b8c39aa90,
0x0000018b8c39be40, 0x0000018b8c39cb60, 0x0000018af177b5e0, 0x0000018b8c5f1720
}

Java Threads: ( => current thread )
  0x0000018aecb9fd40 JavaThread "Reference Handler"          daemon [_thread_blocked, id=19288, stack(0x000000389b500000,0x000000389b600000) (1024K)]
  0x0000018aecba1300 JavaThread "Finalizer"                  daemon [_thread_blocked, id=4668, stack(0x000000389b600000,0x000000389b700000) (1024K)]
  0x0000018aecba2da0 JavaThread "Signal Dispatcher"          daemon [_thread_blocked, id=7084, stack(0x000000389b700000,0x000000389b800000) (1024K)]
  0x0000018aecba3a50 JavaThread "Attach Listener"            daemon [_thread_blocked, id=6388, stack(0x000000389b800000,0x000000389b900000) (1024K)]
  0x0000018aecbb0570 JavaThread "Service Thread"             daemon [_thread_blocked, id=21100, stack(0x000000389b900000,0x000000389ba00000) (1024K)]
  0x0000018aecbb6c50 JavaThread "Monitor Deflation Thread"   daemon [_thread_blocked, id=21732, stack(0x000000389ba00000,0x000000389bb00000) (1024K)]
  0x0000018aecbbbf10 JavaThread "C1 CompilerThread0"         daemon [_thread_blocked, id=14840, stack(0x000000389bb00000,0x000000389bc00000) (1024K)]
  0x0000018aeccbb3c0 JavaThread "Common-Cleaner"             daemon [_thread_blocked, id=22252, stack(0x000000389bc00000,0x000000389bd00000) (1024K)]
  0x0000018aecd0e420 JavaThread "Notification Thread"        daemon [_thread_blocked, id=12092, stack(0x000000389be00000,0x000000389bf00000) (1024K)]
  0x0000018af144af10 JavaThread "RMI TCP Accept-0"           daemon [_thread_in_native, id=700, stack(0x000000389c100000,0x000000389c200000) (1024K)]
  0x0000018af1456430 JavaThread "RMI TCP Accept-12507"       daemon [_thread_in_native, id=3952, stack(0x000000389c200000,0x000000389c300000) (1024K)]
  0x0000018af147e2a0 JavaThread "RMI TCP Accept-0"           daemon [_thread_in_native, id=10408, stack(0x000000389c300000,0x000000389c400000) (1024K)]
  0x0000018af168d1c0 JavaThread "RMI TCP Connection(idle)"   daemon [_thread_blocked, id=15644, stack(0x000000389cb00000,0x000000389cc00000) (1024K)]
  0x0000018af16cbc80 JavaThread "RMI Scheduler(0)"           daemon [_thread_blocked, id=20748, stack(0x000000389cc00000,0x000000389cd00000) (1024K)]
  0x0000018af16ceb00 JavaThread "RMI TCP Connection(idle)"   daemon [_thread_blocked, id=19924, stack(0x000000389cd00000,0x000000389ce00000) (1024K)]
  0x0000018af16e2950 JavaThread "JMX server connection timeout 35" daemon [_thread_blocked, id=17696, stack(0x000000389ce00000,0x000000389cf00000) (1024K)]
  0x0000018af1722da0 JavaThread "JavaCPP Deallocator"        daemon [_thread_blocked, id=4152, stack(0x000000389cf00000,0x000000389d000000) (1024K)]
  0x0000018af1779510 JavaThread "Catalina-utility-1"                [_thread_blocked, id=12252, stack(0x000000389ec00000,0x000000389ed00000) (1024K)]
  0x0000018af177c300 JavaThread "Catalina-utility-2"                [_thread_blocked, id=14412, stack(0x000000389ed00000,0x000000389ee00000) (1024K)]
  0x0000018af177a230 JavaThread "container-0"                       [_thread_blocked, id=18620, stack(0x000000389ee00000,0x000000389ef00000) (1024K)]
  0x0000018b8c3996e0 JavaThread "File Watcher"               daemon [_thread_blocked, id=20096, stack(0x000000389ef00000,0x000000389f000000) (1024K)]
=>0x0000018b8c399050 JavaThread "http-nio-8080-exec-1"       daemon [_thread_in_native, id=15720, stack(0x000000389f000000,0x000000389f100000) (1024K)]
  0x0000018b8c397ca0 JavaThread "http-nio-8080-exec-2"       daemon [_thread_blocked, id=11484, stack(0x000000389f100000,0x000000389f200000) (1024K)]
  0x0000018b8c3989c0 JavaThread "http-nio-8080-exec-3"       daemon [_thread_blocked, id=9804, stack(0x000000389f200000,0x000000389f300000) (1024K)]
  0x0000018b8c399d70 JavaThread "http-nio-8080-exec-4"       daemon [_thread_blocked, id=11292, stack(0x000000389f300000,0x000000389f400000) (1024K)]
  0x0000018b8c397610 JavaThread "http-nio-8080-exec-5"       daemon [_thread_blocked, id=10364, stack(0x000000389f400000,0x000000389f500000) (1024K)]
  0x0000018b8c3968f0 JavaThread "http-nio-8080-exec-6"       daemon [_thread_blocked, id=13284, stack(0x000000389f500000,0x000000389f600000) (1024K)]
  0x0000018b8c398330 JavaThread "http-nio-8080-exec-7"       daemon [_thread_blocked, id=12424, stack(0x000000389f600000,0x000000389f700000) (1024K)]
  0x0000018b8c39a400 JavaThread "http-nio-8080-exec-8"       daemon [_thread_blocked, id=2116, stack(0x000000389f700000,0x000000389f800000) (1024K)]
  0x0000018b8c396f80 JavaThread "http-nio-8080-exec-9"       daemon [_thread_blocked, id=11228, stack(0x000000389f800000,0x000000389f900000) (1024K)]
  0x0000018b8c39c4d0 JavaThread "http-nio-8080-exec-10"      daemon [_thread_blocked, id=10052, stack(0x000000389f900000,0x000000389fa00000) (1024K)]
  0x0000018b8c39df10 JavaThread "http-nio-8080-Poller"       daemon [_thread_in_native, id=17168, stack(0x000000389fa00000,0x000000389fb00000) (1024K)]
  0x0000018b8c39b7b0 JavaThread "http-nio-8080-Acceptor"     daemon [_thread_in_native, id=18532, stack(0x000000389fb00000,0x000000389fc00000) (1024K)]
  0x0000018b8c39d1f0 JavaThread "DestroyJavaVM"                     [_thread_blocked, id=7596, stack(0x000000389ad00000,0x000000389ae00000) (1024K)]
  0x0000018b8c39b120 JavaThread "RMI TCP Connection(idle)"   daemon [_thread_blocked, id=5148, stack(0x000000389ea00000,0x000000389eb00000) (1024K)]
  0x0000018b8c39aa90 JavaThread "RMI TCP Connection(idle)"   daemon [_thread_blocked, id=20856, stack(0x000000389fc00000,0x000000389fd00000) (1024K)]
  0x0000018b8c39be40 JavaThread "RMI TCP Connection(idle)"   daemon [_thread_blocked, id=2084, stack(0x000000389fd00000,0x000000389fe00000) (1024K)]
  0x0000018b8c39cb60 JavaThread "RMI TCP Connection(idle)"   daemon [_thread_blocked, id=17460, stack(0x000000389fe00000,0x000000389ff00000) (1024K)]
  0x0000018af177b5e0 JavaThread "RMI TCP Connection(idle)"   daemon [_thread_blocked, id=21728, stack(0x000000389ff00000,0x00000038a0000000) (1024K)]
  0x0000018b8c5f1720 JavaThread "RMI TCP Connection(idle)"   daemon [_thread_blocked, id=17044, stack(0x00000038a0100000,0x00000038a0200000) (1024K)]
Total: 40

Other Threads:
  0x0000018aecb7e280 VMThread "VM Thread"                           [id=388, stack(0x000000389b400000,0x000000389b500000) (1024K)]
  0x0000018aecb6c730 WatcherThread "VM Periodic Task Thread"        [id=7248, stack(0x000000389b300000,0x000000389b400000) (1024K)]
  0x0000018ade6b4970 WorkerThread "GC Thread#0"                     [id=5996, stack(0x000000389ae00000,0x000000389af00000) (1024K)]
  0x0000018af167cae0 WorkerThread "GC Thread#1"                     [id=12780, stack(0x000000389c400000,0x000000389c500000) (1024K)]
  0x0000018af167ce80 WorkerThread "GC Thread#2"                     [id=20152, stack(0x000000389c500000,0x000000389c600000) (1024K)]
  0x0000018af167d220 WorkerThread "GC Thread#3"                     [id=10148, stack(0x000000389c600000,0x000000389c700000) (1024K)]
  0x0000018af167d5c0 WorkerThread "GC Thread#4"                     [id=3052, stack(0x000000389c700000,0x000000389c800000) (1024K)]
  0x0000018af16a8c90 WorkerThread "GC Thread#5"                     [id=10688, stack(0x000000389c800000,0x000000389c900000) (1024K)]
  0x0000018af16a9030 WorkerThread "GC Thread#6"                     [id=15540, stack(0x000000389c900000,0x000000389ca00000) (1024K)]
  0x0000018af16b93e0 WorkerThread "GC Thread#7"                     [id=22184, stack(0x000000389ca00000,0x000000389cb00000) (1024K)]
  0x0000018af1ea7230 WorkerThread "GC Thread#8"                     [id=18240, stack(0x000000389db00000,0x000000389dc00000) (1024K)]
  0x0000018af27c4e70 WorkerThread "GC Thread#9"                     [id=21768, stack(0x000000389e700000,0x000000389e800000) (1024K)]
  0x0000018ade6c4b70 ConcurrentGCThread "G1 Main Marker"            [id=4736, stack(0x000000389af00000,0x000000389b000000) (1024K)]
  0x0000018ade6c9960 WorkerThread "G1 Conc#0"                       [id=20556, stack(0x000000389b000000,0x000000389b100000) (1024K)]
  0x0000018af27c2dd0 WorkerThread "G1 Conc#1"                       [id=20800, stack(0x000000389e800000,0x000000389e900000) (1024K)]
  0x0000018af27c3510 WorkerThread "G1 Conc#2"                       [id=6612, stack(0x000000389e900000,0x000000389ea00000) (1024K)]
  0x0000018aeca3fbb0 ConcurrentGCThread "G1 Refine#0"               [id=19416, stack(0x000000389b100000,0x000000389b200000) (1024K)]
  0x0000018aeca403d0 ConcurrentGCThread "G1 Service"                [id=5968, stack(0x000000389b200000,0x000000389b300000) (1024K)]
Total: 18

Threads with active compile tasks:
Total: 0

VM state: not at safepoint (normal execution)

VM Mutex/Monitor currently owned by a thread: None

Heap address: 0x000000070ce00000, size: 3890 MB, Compressed Oops mode: Zero based, Oop shift amount: 3

CDS archive(s) mapped at: [0x0000018a80000000-0x0000018a80c80000-0x0000018a80c80000), size 13107200, SharedBaseAddress: 0x0000018a80000000, ArchiveRelocationMode: 1.
Compressed class space mapped at: 0x0000018a81000000-0x0000018ac1000000, reserved size: 1073741824
Narrow klass base: 0x0000018a80000000, Narrow klass shift: 0, Narrow klass range: 0x100000000

GC Precious Log:
 CardTable entry size: 512
 Card Set container configuration: InlinePtr #cards 4 size 8 Array Of Cards #cards 16 size 48 Howl #buckets 8 coarsen threshold 3686 Howl Bitmap #cards 512 size 80 coarsen threshold 460 Card regions per heap region 1 cards per card region 4096
 CPUs: 12 total, 12 available
 Memory: 15557M
 Large Page Support: Disabled
 NUMA Support: Disabled
 Compressed Oops: Enabled (Zero based)
 Heap Region Size: 2M
 Heap Min Capacity: 8M
 Heap Initial Capacity: 244M
 Heap Max Capacity: 3890M
 Pre-touch: Disabled
 Parallel Workers: 10
 Concurrent Workers: 3
 Concurrent Refinement Workers: 10
 Periodic GC: Disabled

Heap:
 garbage-first heap   total 145408K, used 46315K [0x000000070ce00000, 0x0000000800000000)
  region size 2048K, 19 young (38912K), 6 survivors (12288K)
 Metaspace       used 44255K, committed 44992K, reserved 1114112K
  class space    used 5491K, committed 5824K, reserved 1048576K

Heap Regions: E=young(eden), S=young(survivor), O=old, HS=humongous(starts), HC=humongous(continues), CS=collection set, F=free, TAMS=top-at-mark-start, PB=parsable bottom
|   0|0x000000070ce00000, 0x000000070d000000, 0x000000070d000000|100%| O|  |TAMS 0x000000070ce00000| PB 0x000000070ce00000| Untracked 
|   1|0x000000070d000000, 0x000000070d200000, 0x000000070d200000|100%| O|  |TAMS 0x000000070d000000| PB 0x000000070d000000| Untracked 
|   2|0x000000070d200000, 0x000000070d400000, 0x000000070d400000|100%| O|  |TAMS 0x000000070d200000| PB 0x000000070d200000| Untracked 
|   3|0x000000070d400000, 0x000000070d4ff5e8, 0x000000070d600000| 49%| O|  |TAMS 0x000000070d400000| PB 0x000000070d400000| Untracked 
|   4|0x000000070d600000, 0x000000070d800000, 0x000000070d800000|100%| O|  |TAMS 0x000000070d600000| PB 0x000000070d600000| Untracked 
|   5|0x000000070d800000, 0x000000070da00000, 0x000000070da00000|100%| O|  |TAMS 0x000000070d800000| PB 0x000000070d800000| Untracked 
|   6|0x000000070da00000, 0x000000070da00000, 0x000000070dc00000|  0%| F|  |TAMS 0x000000070da00000| PB 0x000000070da00000| Untracked 
|   7|0x000000070dc00000, 0x000000070dc00000, 0x000000070de00000|  0%| F|  |TAMS 0x000000070dc00000| PB 0x000000070dc00000| Untracked 
|   8|0x000000070de00000, 0x000000070de00000, 0x000000070e000000|  0%| F|  |TAMS 0x000000070de00000| PB 0x000000070de00000| Untracked 
|   9|0x000000070e000000, 0x000000070e000000, 0x000000070e200000|  0%| F|  |TAMS 0x000000070e000000| PB 0x000000070e000000| Untracked 
|  10|0x000000070e200000, 0x000000070e200000, 0x000000070e400000|  0%| F|  |TAMS 0x000000070e200000| PB 0x000000070e200000| Untracked 
|  11|0x000000070e400000, 0x000000070e400000, 0x000000070e600000|  0%| F|  |TAMS 0x000000070e400000| PB 0x000000070e400000| Untracked 
|  12|0x000000070e600000, 0x000000070e600000, 0x000000070e800000|  0%| F|  |TAMS 0x000000070e600000| PB 0x000000070e600000| Untracked 
|  13|0x000000070e800000, 0x000000070e800000, 0x000000070ea00000|  0%| F|  |TAMS 0x000000070e800000| PB 0x000000070e800000| Untracked 
|  14|0x000000070ea00000, 0x000000070ea00000, 0x000000070ec00000|  0%| F|  |TAMS 0x000000070ea00000| PB 0x000000070ea00000| Untracked 
|  15|0x000000070ec00000, 0x000000070ec00000, 0x000000070ee00000|  0%| F|  |TAMS 0x000000070ec00000| PB 0x000000070ec00000| Untracked 
|  16|0x000000070ee00000, 0x000000070ee00000, 0x000000070f000000|  0%| F|  |TAMS 0x000000070ee00000| PB 0x000000070ee00000| Untracked 
|  17|0x000000070f000000, 0x000000070f000000, 0x000000070f200000|  0%| F|  |TAMS 0x000000070f000000| PB 0x000000070f000000| Untracked 
|  18|0x000000070f200000, 0x000000070f200000, 0x000000070f400000|  0%| F|  |TAMS 0x000000070f200000| PB 0x000000070f200000| Untracked 
|  19|0x000000070f400000, 0x000000070f400000, 0x000000070f600000|  0%| F|  |TAMS 0x000000070f400000| PB 0x000000070f400000| Untracked 
|  20|0x000000070f600000, 0x000000070f600000, 0x000000070f800000|  0%| F|  |TAMS 0x000000070f600000| PB 0x000000070f600000| Untracked 
|  21|0x000000070f800000, 0x000000070f800000, 0x000000070fa00000|  0%| F|  |TAMS 0x000000070f800000| PB 0x000000070f800000| Untracked 
|  22|0x000000070fa00000, 0x000000070fa00000, 0x000000070fc00000|  0%| F|  |TAMS 0x000000070fa00000| PB 0x000000070fa00000| Untracked 
|  23|0x000000070fc00000, 0x000000070fc00000, 0x000000070fe00000|  0%| F|  |TAMS 0x000000070fc00000| PB 0x000000070fc00000| Untracked 
|  24|0x000000070fe00000, 0x000000070fe00000, 0x0000000710000000|  0%| F|  |TAMS 0x000000070fe00000| PB 0x000000070fe00000| Untracked 
|  25|0x0000000710000000, 0x000000071003b9e0, 0x0000000710200000| 11%| S|CS|TAMS 0x0000000710000000| PB 0x0000000710000000| Complete 
|  26|0x0000000710200000, 0x0000000710400000, 0x0000000710400000|100%| S|CS|TAMS 0x0000000710200000| PB 0x0000000710200000| Complete 
|  27|0x0000000710400000, 0x0000000710600000, 0x0000000710600000|100%| S|CS|TAMS 0x0000000710400000| PB 0x0000000710400000| Complete 
|  28|0x0000000710600000, 0x0000000710800000, 0x0000000710800000|100%| S|CS|TAMS 0x0000000710600000| PB 0x0000000710600000| Complete 
|  29|0x0000000710800000, 0x0000000710a00000, 0x0000000710a00000|100%| S|CS|TAMS 0x0000000710800000| PB 0x0000000710800000| Complete 
|  30|0x0000000710a00000, 0x0000000710c00000, 0x0000000710c00000|100%| S|CS|TAMS 0x0000000710a00000| PB 0x0000000710a00000| Complete 
|  31|0x0000000710c00000, 0x0000000710c00000, 0x0000000710e00000|  0%| F|  |TAMS 0x0000000710c00000| PB 0x0000000710c00000| Untracked 
|  32|0x0000000710e00000, 0x0000000710e00000, 0x0000000711000000|  0%| F|  |TAMS 0x0000000710e00000| PB 0x0000000710e00000| Untracked 
|  33|0x0000000711000000, 0x0000000711000000, 0x0000000711200000|  0%| F|  |TAMS 0x0000000711000000| PB 0x0000000711000000| Untracked 
|  34|0x0000000711200000, 0x0000000711200000, 0x0000000711400000|  0%| F|  |TAMS 0x0000000711200000| PB 0x0000000711200000| Untracked 
|  35|0x0000000711400000, 0x0000000711400000, 0x0000000711600000|  0%| F|  |TAMS 0x0000000711400000| PB 0x0000000711400000| Untracked 
|  36|0x0000000711600000, 0x0000000711600000, 0x0000000711800000|  0%| F|  |TAMS 0x0000000711600000| PB 0x0000000711600000| Untracked 
|  37|0x0000000711800000, 0x0000000711800000, 0x0000000711a00000|  0%| F|  |TAMS 0x0000000711800000| PB 0x0000000711800000| Untracked 
|  38|0x0000000711a00000, 0x0000000711a00000, 0x0000000711c00000|  0%| F|  |TAMS 0x0000000711a00000| PB 0x0000000711a00000| Untracked 
|  39|0x0000000711c00000, 0x0000000711c00000, 0x0000000711e00000|  0%| F|  |TAMS 0x0000000711c00000| PB 0x0000000711c00000| Untracked 
|  40|0x0000000711e00000, 0x0000000711e00000, 0x0000000712000000|  0%| F|  |TAMS 0x0000000711e00000| PB 0x0000000711e00000| Untracked 
|  41|0x0000000712000000, 0x0000000712000000, 0x0000000712200000|  0%| F|  |TAMS 0x0000000712000000| PB 0x0000000712000000| Untracked 
|  42|0x0000000712200000, 0x0000000712200000, 0x0000000712400000|  0%| F|  |TAMS 0x0000000712200000| PB 0x0000000712200000| Untracked 
|  43|0x0000000712400000, 0x0000000712400000, 0x0000000712600000|  0%| F|  |TAMS 0x0000000712400000| PB 0x0000000712400000| Untracked 
|  44|0x0000000712600000, 0x0000000712600000, 0x0000000712800000|  0%| F|  |TAMS 0x0000000712600000| PB 0x0000000712600000| Untracked 
|  45|0x0000000712800000, 0x0000000712800000, 0x0000000712a00000|  0%| F|  |TAMS 0x0000000712800000| PB 0x0000000712800000| Untracked 
|  46|0x0000000712a00000, 0x0000000712a00000, 0x0000000712c00000|  0%| F|  |TAMS 0x0000000712a00000| PB 0x0000000712a00000| Untracked 
|  47|0x0000000712c00000, 0x0000000712c00000, 0x0000000712e00000|  0%| F|  |TAMS 0x0000000712c00000| PB 0x0000000712c00000| Untracked 
|  48|0x0000000712e00000, 0x0000000712e00000, 0x0000000713000000|  0%| F|  |TAMS 0x0000000712e00000| PB 0x0000000712e00000| Untracked 
|  49|0x0000000713000000, 0x0000000713000000, 0x0000000713200000|  0%| F|  |TAMS 0x0000000713000000| PB 0x0000000713000000| Untracked 
|  50|0x0000000713200000, 0x0000000713200000, 0x0000000713400000|  0%| F|  |TAMS 0x0000000713200000| PB 0x0000000713200000| Untracked 
|  51|0x0000000713400000, 0x0000000713400000, 0x0000000713600000|  0%| F|  |TAMS 0x0000000713400000| PB 0x0000000713400000| Untracked 
|  52|0x0000000713600000, 0x0000000713600000, 0x0000000713800000|  0%| F|  |TAMS 0x0000000713600000| PB 0x0000000713600000| Untracked 
|  53|0x0000000713800000, 0x0000000713800000, 0x0000000713a00000|  0%| F|  |TAMS 0x0000000713800000| PB 0x0000000713800000| Untracked 
|  54|0x0000000713a00000, 0x0000000713a00000, 0x0000000713c00000|  0%| F|  |TAMS 0x0000000713a00000| PB 0x0000000713a00000| Untracked 
|  55|0x0000000713c00000, 0x0000000713c00000, 0x0000000713e00000|  0%| F|  |TAMS 0x0000000713c00000| PB 0x0000000713c00000| Untracked 
|  56|0x0000000713e00000, 0x0000000713e00000, 0x0000000714000000|  0%| F|  |TAMS 0x0000000713e00000| PB 0x0000000713e00000| Untracked 
|  57|0x0000000714000000, 0x0000000714000000, 0x0000000714200000|  0%| F|  |TAMS 0x0000000714000000| PB 0x0000000714000000| Untracked 
|  58|0x0000000714200000, 0x000000071425c408, 0x0000000714400000| 18%| E|  |TAMS 0x0000000714200000| PB 0x0000000714200000| Complete 
|  59|0x0000000714400000, 0x0000000714600000, 0x0000000714600000|100%| E|CS|TAMS 0x0000000714400000| PB 0x0000000714400000| Complete 
|  60|0x0000000714600000, 0x0000000714800000, 0x0000000714800000|100%| E|CS|TAMS 0x0000000714600000| PB 0x0000000714600000| Complete 
|  61|0x0000000714800000, 0x0000000714a00000, 0x0000000714a00000|100%| E|CS|TAMS 0x0000000714800000| PB 0x0000000714800000| Complete 
|  62|0x0000000714a00000, 0x0000000714c00000, 0x0000000714c00000|100%| E|CS|TAMS 0x0000000714a00000| PB 0x0000000714a00000| Complete 
|  63|0x0000000714c00000, 0x0000000714e00000, 0x0000000714e00000|100%| E|CS|TAMS 0x0000000714c00000| PB 0x0000000714c00000| Complete 
|  64|0x0000000714e00000, 0x0000000715000000, 0x0000000715000000|100%| E|CS|TAMS 0x0000000714e00000| PB 0x0000000714e00000| Complete 
|  65|0x0000000715000000, 0x0000000715200000, 0x0000000715200000|100%| E|CS|TAMS 0x0000000715000000| PB 0x0000000715000000| Complete 
|  66|0x0000000715200000, 0x0000000715400000, 0x0000000715400000|100%| E|CS|TAMS 0x0000000715200000| PB 0x0000000715200000| Complete 
|  93|0x0000000718800000, 0x0000000718a00000, 0x0000000718a00000|100%| E|CS|TAMS 0x0000000718800000| PB 0x0000000718800000| Complete 
|  94|0x0000000718a00000, 0x0000000718c00000, 0x0000000718c00000|100%| E|CS|TAMS 0x0000000718a00000| PB 0x0000000718a00000| Complete 
| 120|0x000000071be00000, 0x000000071c000000, 0x000000071c000000|100%| E|CS|TAMS 0x000000071be00000| PB 0x000000071be00000| Complete 
| 121|0x000000071c000000, 0x000000071c200000, 0x000000071c200000|100%| E|CS|TAMS 0x000000071c000000| PB 0x000000071c000000| Complete 

Card table byte_map: [0x0000018ae5ab0000,0x0000018ae6250000] _byte_map_base: 0x0000018ae2249000

Marking Bits: (CMBitMap*) 0x0000018ade6b4f80
 Bits: [0x0000018ae6250000, 0x0000018ae9f18000)

Polling page: 0x0000018adc440000

Metaspace:

Usage:
  Non-class:     37.86 MB used.
      Class:      5.36 MB used.
       Both:     43.22 MB used.

Virtual space:
  Non-class space:       64.00 MB reserved,      38.25 MB ( 60%) committed,  1 nodes.
      Class space:        1.00 GB reserved,       5.69 MB ( <1%) committed,  1 nodes.
             Both:        1.06 GB reserved,      43.94 MB (  4%) committed. 

Chunk freelists:
   Non-Class:  9.14 MB
       Class:  10.27 MB
        Both:  19.41 MB

MaxMetaspaceSize: unlimited
CompressedClassSpaceSize: 1.00 GB
Initial GC threshold: 21.00 MB
Current GC threshold: 48.69 MB
CDS: on
 - commit_granule_bytes: 65536.
 - commit_granule_words: 8192.
 - virtual_space_node_default_size: 8388608.
 - enlarge_chunks_in_place: 1.
 - use_allocation_guard: 0.


Internal statistics:

num_allocs_failed_limit: 3.
num_arena_births: 930.
num_arena_deaths: 0.
num_vsnodes_births: 2.
num_vsnodes_deaths: 0.
num_space_committed: 701.
num_space_uncommitted: 0.
num_chunks_returned_to_freelist: 3.
num_chunks_taken_from_freelist: 2478.
num_chunk_merges: 3.
num_chunk_splits: 1755.
num_chunks_enlarged: 1298.
num_inconsistent_stats: 0.

CodeCache: size=49152Kb used=10134Kb max_used=11737Kb free=39017Kb
 bounds [0x0000018ae1fe0000, 0x0000018ae2b60000, 0x0000018ae4fe0000]
 total_blobs=5882 nmethods=4601 adapters=1205
 compilation: enabled
              stopped_count=0, restarted_count=0
 full_count=0

Compilation events (20 events):
Event: 24.924 Thread 0x0000018aeccc23b0 4634   !   1       java.io.WinNTFileSystem::list (27 bytes)
Event: 24.924 Thread 0x0000018aecbbbf10 nmethod 4633 0x0000018ae23b8010 code [0x0000018ae23b8220, 0x0000018ae23b8670]
Event: 24.924 Thread 0x0000018aeccc23b0 nmethod 4634 0x0000018ae23b7b90 code [0x0000018ae23b7d60, 0x0000018ae23b7ee8]
Event: 24.924 Thread 0x0000018aeccc3ef0 nmethod 4631 0x0000018ae23b6f90 code [0x0000018ae23b7200, 0x0000018ae23b7728]
Event: 28.977 Thread 0x0000018aecbbbf10 4637       1       org.springframework.boot.devtools.filewatch.FileSnapshot$$Lambda/0x0000018a81571f80::<init> (10 bytes)
Event: 28.977 Thread 0x0000018aeccc3ef0 4636       1       org.springframework.boot.devtools.filewatch.FileSnapshot::<init> (68 bytes)
Event: 28.977 Thread 0x0000018aecbbbf10 nmethod 4637 0x0000018ae23b6890 code [0x0000018ae23b6a20, 0x0000018ae23b6b38]
Event: 28.979 Thread 0x0000018aeccc3ef0 nmethod 4636 0x0000018ae23b5590 code [0x0000018ae23b58a0, 0x0000018ae23b61a0]
Event: 30.569 Thread 0x0000018aeccc3ef0 4638       1       jdk.internal.misc.Unsafe::putReferenceOpaque (9 bytes)
Event: 30.569 Thread 0x0000018aeccc3ef0 nmethod 4638 0x0000018ae23b5290 code [0x0000018ae23b5420, 0x0000018ae23b5540]
Event: 30.584 Thread 0x0000018aeccc3ef0 4639       1       java.lang.Thread::isInterrupted (5 bytes)
Event: 30.584 Thread 0x0000018aeccc3ef0 nmethod 4639 0x0000018ae23b4f90 code [0x0000018ae23b5120, 0x0000018ae23b51f0]
Event: 33.974 Thread 0x0000018aecbbbf10 4641       1       java.util.concurrent.ThreadPoolExecutor::runStateAtLeast (11 bytes)
Event: 33.975 Thread 0x0000018aecbbbf10 nmethod 4641 0x0000018ae23b4890 code [0x0000018ae23b4a20, 0x0000018ae23b4ad8]
Event: 37.374 Thread 0x0000018aecbbbf10 4647       1       jdk.internal.misc.Unsafe::weakCompareAndSetLong (11 bytes)
Event: 37.374 Thread 0x0000018aecbbbf10 nmethod 4647 0x0000018ae23b3110 code [0x0000018ae23b32a0, 0x0000018ae23b3388]
Event: 37.968 Thread 0x0000018aecbbbf10 4648       1       java.util.concurrent.ScheduledThreadPoolExecutor$DelayedWorkQueue::setIndex (16 bytes)
Event: 37.969 Thread 0x0000018aecbbbf10 nmethod 4648 0x0000018ae23b2d90 code [0x0000018ae23b2f20, 0x0000018ae23b3050]
Event: 38.963 Thread 0x0000018aecbbbf10 4649       1       java.util.concurrent.locks.AbstractQueuedSynchronizer$ConditionObject::canReacquire (38 bytes)
Event: 38.964 Thread 0x0000018aecbbbf10 nmethod 4649 0x0000018ae23b2990 code [0x0000018ae23b2b20, 0x0000018ae23b2c90]

GC Heap History (20 events):
Event: 0.481 GC heap before
{Heap before GC invocations=0 (full 0):
 garbage-first heap   total 249856K, used 20480K [0x000000070ce00000, 0x0000000800000000)
  region size 2048K, 11 young (22528K), 0 survivors (0K)
 Metaspace       used 5370K, committed 5568K, reserved 1114112K
  class space    used 631K, committed 704K, reserved 1048576K
}
Event: 0.486 GC heap after
{Heap after GC invocations=1 (full 0):
 garbage-first heap   total 249856K, used 7279K [0x000000070ce00000, 0x0000000800000000)
  region size 2048K, 2 young (4096K), 2 survivors (4096K)
 Metaspace       used 5370K, committed 5568K, reserved 1114112K
  class space    used 631K, committed 704K, reserved 1048576K
}
Event: 0.687 GC heap before
{Heap before GC invocations=1 (full 0):
 garbage-first heap   total 249856K, used 31855K [0x000000070ce00000, 0x0000000800000000)
  region size 2048K, 15 young (30720K), 2 survivors (4096K)
 Metaspace       used 6375K, committed 6592K, reserved 1114112K
  class space    used 766K, committed 896K, reserved 1048576K
}
Event: 0.690 GC heap after
{Heap after GC invocations=2 (full 0):
 garbage-first heap   total 249856K, used 8519K [0x000000070ce00000, 0x0000000800000000)
  region size 2048K, 1 young (2048K), 1 survivors (2048K)
 Metaspace       used 6375K, committed 6592K, reserved 1114112K
  class space    used 766K, committed 896K, reserved 1048576K
}
Event: 1.490 GC heap before
{Heap before GC invocations=2 (full 0):
 garbage-first heap   total 249856K, used 162119K [0x000000070ce00000, 0x0000000800000000)
  region size 2048K, 73 young (149504K), 1 survivors (2048K)
 Metaspace       used 14401K, committed 14656K, reserved 1114112K
  class space    used 1286K, committed 1408K, reserved 1048576K
}
Event: 1.492 GC heap after
{Heap after GC invocations=3 (full 0):
 garbage-first heap   total 249856K, used 8521K [0x000000070ce00000, 0x0000000800000000)
  region size 2048K, 1 young (2048K), 1 survivors (2048K)
 Metaspace       used 14401K, committed 14656K, reserved 1114112K
  class space    used 1286K, committed 1408K, reserved 1048576K
}
Event: 1.939 GC heap before
{Heap before GC invocations=3 (full 0):
 garbage-first heap   total 249856K, used 61769K [0x000000070ce00000, 0x0000000800000000)
  region size 2048K, 28 young (57344K), 1 survivors (2048K)
 Metaspace       used 17489K, committed 17792K, reserved 1114112K
  class space    used 1737K, committed 1856K, reserved 1048576K
}
Event: 1.942 GC heap after
{Heap after GC invocations=4 (full 0):
 garbage-first heap   total 249856K, used 9536K [0x000000070ce00000, 0x0000000800000000)
  region size 2048K, 2 young (4096K), 2 survivors (4096K)
 Metaspace       used 17489K, committed 17792K, reserved 1114112K
  class space    used 1737K, committed 1856K, reserved 1048576K
}
Event: 2.136 GC heap before
{Heap before GC invocations=5 (full 0):
 garbage-first heap   total 40960K, used 30016K [0x000000070ce00000, 0x0000000800000000)
  region size 2048K, 12 young (24576K), 2 survivors (4096K)
 Metaspace       used 19694K, committed 19968K, reserved 1114112K
  class space    used 2030K, committed 2176K, reserved 1048576K
}
Event: 2.139 GC heap after
{Heap after GC invocations=6 (full 0):
 garbage-first heap   total 40960K, used 10333K [0x000000070ce00000, 0x0000000800000000)
  region size 2048K, 2 young (4096K), 2 survivors (4096K)
 Metaspace       used 19694K, committed 19968K, reserved 1114112K
  class space    used 2030K, committed 2176K, reserved 1048576K
}
Event: 2.353 GC heap before
{Heap before GC invocations=6 (full 0):
 garbage-first heap   total 40960K, used 28765K [0x000000070ce00000, 0x0000000800000000)
  region size 2048K, 11 young (22528K), 2 survivors (4096K)
 Metaspace       used 22276K, committed 22720K, reserved 1114112K
  class space    used 2469K, committed 2688K, reserved 1048576K
}
Event: 2.355 GC heap after
{Heap after GC invocations=7 (full 0):
 garbage-first heap   total 40960K, used 11463K [0x000000070ce00000, 0x0000000800000000)
  region size 2048K, 2 young (4096K), 2 survivors (4096K)
 Metaspace       used 22276K, committed 22720K, reserved 1114112K
  class space    used 2469K, committed 2688K, reserved 1048576K
}
Event: 2.470 GC heap before
{Heap before GC invocations=7 (full 0):
 garbage-first heap   total 40960K, used 27847K [0x000000070ce00000, 0x0000000800000000)
  region size 2048K, 11 young (22528K), 2 survivors (4096K)
 Metaspace       used 26505K, committed 26944K, reserved 1114112K
  class space    used 3002K, committed 3200K, reserved 1048576K
}
Event: 2.472 GC heap after
{Heap after GC invocations=8 (full 0):
 garbage-first heap   total 40960K, used 12697K [0x000000070ce00000, 0x0000000800000000)
  region size 2048K, 2 young (4096K), 2 survivors (4096K)
 Metaspace       used 26505K, committed 26944K, reserved 1114112K
  class space    used 3002K, committed 3200K, reserved 1048576K
}
Event: 2.553 GC heap before
{Heap before GC invocations=8 (full 0):
 garbage-first heap   total 40960K, used 22937K [0x000000070ce00000, 0x0000000800000000)
  region size 2048K, 8 young (16384K), 2 survivors (4096K)
 Metaspace       used 29273K, committed 29696K, reserved 1114112K
  class space    used 3375K, committed 3584K, reserved 1048576K
}
Event: 2.556 GC heap after
{Heap after GC invocations=9 (full 0):
 garbage-first heap   total 40960K, used 13239K [0x000000070ce00000, 0x0000000800000000)
  region size 2048K, 1 young (2048K), 1 survivors (2048K)
 Metaspace       used 29273K, committed 29696K, reserved 1114112K
  class space    used 3375K, committed 3584K, reserved 1048576K
}
Event: 2.746 GC heap before
{Heap before GC invocations=10 (full 0):
 garbage-first heap   total 40960K, used 31671K [0x000000070ce00000, 0x0000000800000000)
  region size 2048K, 11 young (22528K), 1 survivors (2048K)
 Metaspace       used 30979K, committed 31424K, reserved 1114112K
  class space    used 3629K, committed 3840K, reserved 1048576K
}
Event: 2.749 GC heap after
{Heap after GC invocations=11 (full 0):
 garbage-first heap   total 145408K, used 14848K [0x000000070ce00000, 0x0000000800000000)
  region size 2048K, 2 young (4096K), 2 survivors (4096K)
 Metaspace       used 30979K, committed 31424K, reserved 1114112K
  class space    used 3629K, committed 3840K, reserved 1048576K
}
Event: 3.895 GC heap before
{Heap before GC invocations=11 (full 0):
 garbage-first heap   total 145408K, used 96768K [0x000000070ce00000, 0x0000000800000000)
  region size 2048K, 42 young (86016K), 2 survivors (4096K)
 Metaspace       used 41997K, committed 42688K, reserved 1114112K
  class space    used 5169K, committed 5504K, reserved 1048576K
}
Event: 3.902 GC heap after
{Heap after GC invocations=12 (full 0):
 garbage-first heap   total 145408K, used 21739K [0x000000070ce00000, 0x0000000800000000)
  region size 2048K, 6 young (12288K), 6 survivors (12288K)
 Metaspace       used 41997K, committed 42688K, reserved 1114112K
  class space    used 5169K, committed 5504K, reserved 1048576K
}

Dll operation events (20 events):
Event: 1.619 Loaded shared library C:\Users\User\.javacpp\cache\opencv-4.7.0-1.5.9-windows-x86_64.jar\org\bytedeco\opencv\windows-x86_64\jniopencv_text.dll
Event: 1.635 Loaded shared library C:\Users\User\.javacpp\cache\opencv-4.7.0-1.5.9-windows-x86_64.jar\org\bytedeco\opencv\windows-x86_64\opencv_plot470.dll
Event: 1.640 Loaded shared library C:\Users\User\.javacpp\cache\opencv-4.7.0-1.5.9-windows-x86_64.jar\org\bytedeco\opencv\windows-x86_64\jniopencv_plot.dll
Event: 1.659 Loaded shared library C:\Users\User\.javacpp\cache\opencv-4.7.0-1.5.9-windows-x86_64.jar\org\bytedeco\opencv\windows-x86_64\opencv_tracking470.dll
Event: 1.663 Loaded shared library C:\Users\User\.javacpp\cache\opencv-4.7.0-1.5.9-windows-x86_64.jar\org\bytedeco\opencv\windows-x86_64\jniopencv_tracking.dll
Event: 1.682 Loaded shared library C:\Users\User\.javacpp\cache\opencv-4.7.0-1.5.9-windows-x86_64.jar\org\bytedeco\opencv\windows-x86_64\opencv_shape470.dll
Event: 1.685 Loaded shared library C:\Users\User\.javacpp\cache\opencv-4.7.0-1.5.9-windows-x86_64.jar\org\bytedeco\opencv\windows-x86_64\jniopencv_shape.dll
Event: 1.700 Loaded shared library C:\Users\User\.javacpp\cache\opencv-4.7.0-1.5.9-windows-x86_64.jar\org\bytedeco\opencv\windows-x86_64\opencv_xfeatures2d470.dll
Event: 1.703 Loaded shared library C:\Users\User\.javacpp\cache\opencv-4.7.0-1.5.9-windows-x86_64.jar\org\bytedeco\opencv\windows-x86_64\jniopencv_xfeatures2d.dll
Event: 1.720 Loaded shared library C:\Users\User\.javacpp\cache\opencv-4.7.0-1.5.9-windows-x86_64.jar\org\bytedeco\opencv\windows-x86_64\opencv_ximgproc470.dll
Event: 1.724 Loaded shared library C:\Users\User\.javacpp\cache\opencv-4.7.0-1.5.9-windows-x86_64.jar\org\bytedeco\opencv\windows-x86_64\jniopencv_ximgproc.dll
Event: 1.739 Loaded shared library C:\Users\User\.javacpp\cache\opencv-4.7.0-1.5.9-windows-x86_64.jar\org\bytedeco\opencv\windows-x86_64\opencv_xphoto470.dll
Event: 1.742 Loaded shared library C:\Users\User\.javacpp\cache\opencv-4.7.0-1.5.9-windows-x86_64.jar\org\bytedeco\opencv\windows-x86_64\jniopencv_xphoto.dll
Event: 1.755 Loaded shared library C:\Users\User\.javacpp\cache\opencv-4.7.0-1.5.9-windows-x86_64.jar\org\bytedeco\opencv\windows-x86_64\opencv_barcode470.dll
Event: 1.758 Loaded shared library C:\Users\User\.javacpp\cache\opencv-4.7.0-1.5.9-windows-x86_64.jar\org\bytedeco\opencv\windows-x86_64\jniopencv_barcode.dll
Event: 1.770 Loaded shared library C:\Users\User\.javacpp\cache\opencv-4.7.0-1.5.9-windows-x86_64.jar\org\bytedeco\opencv\windows-x86_64\opencv_wechat_qrcode470.dll
Event: 1.773 Loaded shared library C:\Users\User\.javacpp\cache\opencv-4.7.0-1.5.9-windows-x86_64.jar\org\bytedeco\opencv\windows-x86_64\jniopencv_wechat_qrcode.dll
Event: 1.795 Loaded shared library C:\Users\User\.javacpp\cache\opencv-4.7.0-1.5.9-windows-x86_64.jar\org\bytedeco\opencv\windows-x86_64\opencv_java.dll
Event: 1.810 Loaded shared library C:\Users\User\.javacpp\cache\opencv-4.7.0-1.5.9-windows-x86_64.jar\org\bytedeco\opencv\windows-x86_64\jniopencv_java.dll
Event: 2.594 Loaded shared library C:\Users\User\Documents\sts\sts-4.31.0.RELEASE\plugins\org.eclipse.justj.openjdk.hotspot.jre.full.win32.x86_64_21.0.7.v20250502-0916\jre\bin\sunmscapi.dll

Deoptimization events (0 events):
No events

Classes loaded (20 events):
Event: 15.172 Loading class java/nio/channels/SelectionKey
Event: 15.173 Loading class java/nio/channels/SelectionKey done
Event: 15.173 Loading class java/nio/channels/spi/AbstractSelectionKey done
Event: 15.173 Loading class sun/nio/ch/SelectionKeyImpl done
Event: 15.173 Loading class java/lang/invoke/ConstantBootstraps
Event: 15.173 Loading class java/lang/invoke/ConstantBootstraps done
Event: 15.213 Loading class sun/nio/cs/ThreadLocalCoders
Event: 15.213 Loading class sun/nio/cs/ThreadLocalCoders done
Event: 15.213 Loading class sun/nio/cs/ThreadLocalCoders$1
Event: 15.213 Loading class sun/nio/cs/ThreadLocalCoders$Cache
Event: 15.213 Loading class sun/nio/cs/ThreadLocalCoders$Cache done
Event: 15.213 Loading class sun/nio/cs/ThreadLocalCoders$1 done
Event: 15.213 Loading class sun/nio/cs/ThreadLocalCoders$2
Event: 15.213 Loading class sun/nio/cs/ThreadLocalCoders$2 done
Event: 15.321 Loading class java/nio/ShortBuffer
Event: 15.321 Loading class java/nio/ShortBuffer done
Event: 15.321 Loading class java/nio/FloatBuffer
Event: 15.322 Loading class java/nio/FloatBuffer done
Event: 15.322 Loading class java/nio/DoubleBuffer
Event: 15.322 Loading class java/nio/DoubleBuffer done

Classes unloaded (0 events):
No events

Classes redefined (0 events):
No events

Internal exceptions (20 events):
Event: 3.144 Thread 0x0000018af177b5e0 Exception <a 'java/lang/NoSuchMethodError'{0x0000000713b3f030}: 'java.lang.Object java.lang.invoke.DirectMethodHandle$Holder.invokeVirtual(java.lang.Object, java.lang.Object, java.lang.Object, java.lang.Object, java.lang.Object)'> (0x0000000713b3f030) 
thrown [s\src\hotspot\share\interpreter\linkResolver.cpp, line 773]
Event: 3.247 Thread 0x0000018af177b5e0 Exception <a 'java/lang/NoSuchMethodError'{0x000000071300c608}: 'int java.lang.invoke.DirectMethodHandle$Holder.invokeVirtual(java.lang.Object, java.lang.Object, java.lang.Object, java.lang.Object)'> (0x000000071300c608) 
thrown [s\src\hotspot\share\interpreter\linkResolver.cpp, line 773]
Event: 3.247 Thread 0x0000018af177b5e0 Exception <a 'java/lang/NoSuchMethodError'{0x0000000713010100}: 'int java.lang.invoke.DelegatingMethodHandle$Holder.reinvoke_L(java.lang.Object, java.lang.Object, java.lang.Object, java.lang.Object)'> (0x0000000713010100) 
thrown [s\src\hotspot\share\interpreter\linkResolver.cpp, line 773]
Event: 3.268 Thread 0x0000018af177b5e0 Exception <a 'java/io/FileNotFoundException'{0x000000071312eac8}> (0x000000071312eac8) 
thrown [s\src\hotspot\share\prims\jni.cpp, line 520]
Event: 3.300 Thread 0x0000018af177b5e0 Exception <a 'java/lang/NoSuchMethodError'{0x0000000712f89170}: 'int java.lang.invoke.DirectMethodHandle$Holder.invokeInterface(java.lang.Object, java.lang.Object, java.lang.Object, java.lang.Object)'> (0x0000000712f89170) 
thrown [s\src\hotspot\share\interpreter\linkResolver.cpp, line 773]
Event: 3.333 Thread 0x0000018af177b5e0 Exception <a 'java/lang/NoSuchMethodError'{0x0000000712dc6318}: 'long java.lang.invoke.DirectMethodHandle$Holder.invokeVirtual(java.lang.Object, java.lang.Object)'> (0x0000000712dc6318) 
thrown [s\src\hotspot\share\interpreter\linkResolver.cpp, line 773]
Event: 3.337 Thread 0x0000018af177b5e0 Exception <a 'java/io/FileNotFoundException'{0x0000000712df4060}> (0x0000000712df4060) 
thrown [s\src\hotspot\share\prims\jni.cpp, line 520]
Event: 3.355 Thread 0x0000018af177b5e0 Exception <a 'java/lang/NoSuchMethodError'{0x0000000712bcaa10}: 'void java.lang.invoke.DirectMethodHandle$Holder.invokeVirtual(java.lang.Object, java.lang.Object, long)'> (0x0000000712bcaa10) 
thrown [s\src\hotspot\share\interpreter\linkResolver.cpp, line 773]
Event: 3.361 Thread 0x0000018af177b5e0 Exception <a 'java/lang/NoSuchMethodError'{0x0000000712bfe8b0}: 'void java.lang.invoke.Invokers$Holder.invokeExact_MT(java.lang.Object, java.lang.Object, java.lang.Object, java.lang.Object)'> (0x0000000712bfe8b0) 
thrown [s\src\hotspot\share\interpreter\linkResolver.cpp, line 773]
Event: 3.575 Thread 0x0000018af177b5e0 Exception <a 'java/lang/NoSuchMethodError'{0x0000000712252d70}: 'java.lang.Object java.lang.invoke.DirectMethodHandle$Holder.newInvokeSpecial(java.lang.Object, java.lang.Object, java.lang.Object, java.lang.Object, java.lang.Object, java.lang.Object, java.lang.Object, java.lang.Object, java.lang.Object, java.lang.Object, java.lang.Object)'> (0x0000000712252d70) 
thrown [s\src\hotspot\share\interpreter\linkResolver.cpp, line 773]
Event: 3.585 Thread 0x0000018af177b5e0 Exception <a 'java/lang/NoSuchMethodError'{0x00000007122db528}: 'java.lang.Object java.lang.invoke.DirectMethodHandle$Holder.invokeVirtual(java.lang.Object, java.lang.Object, java.lang.Object, java.lang.Object)'> (0x00000007122db528) 
thrown [s\src\hotspot\share\interpreter\linkResolver.cpp, line 773]
Event: 3.600 Thread 0x0000018af177b5e0 Exception <a 'java/lang/NoSuchMethodError'{0x00000007123de6d8}: 'java.lang.Object java.lang.invoke.DirectMethodHandle$Holder.invokeVirtual(java.lang.Object, java.lang.Object, java.lang.Object, int)'> (0x00000007123de6d8) 
thrown [s\src\hotspot\share\interpreter\linkResolver.cpp, line 773]
Event: 3.763 Thread 0x0000018af177b5e0 Exception <a 'java/lang/NoSuchMethodError'{0x000000071147d970}: 'java.lang.Object java.lang.invoke.DirectMethodHandle$Holder.invokeVirtual(java.lang.Object, java.lang.Object, int)'> (0x000000071147d970) 
thrown [s\src\hotspot\share\interpreter\linkResolver.cpp, line 773]
Event: 3.805 Thread 0x0000018af177b5e0 Exception <a 'java/lang/IncompatibleClassChangeError'{0x0000000711304308}: Found class java.lang.Object, but interface was expected> (0x0000000711304308) 
thrown [s\src\hotspot\share\interpreter\linkResolver.cpp, line 840]
Event: 3.942 Thread 0x0000018af177b5e0 Exception <a 'java/lang/NoSuchMethodError'{0x000000071bedb140}: 'java.lang.Object java.lang.invoke.DirectMethodHandle$Holder.newInvokeSpecial(java.lang.Object, java.lang.Object, int, java.lang.Object, java.lang.Object)'> (0x000000071bedb140) 
thrown [s\src\hotspot\share\interpreter\linkResolver.cpp, line 773]
Event: 4.330 Thread 0x0000018af16ceb00 Exception <a 'java/lang/NoSuchMethodError'{0x00000007152cdcd8}: 'java.lang.Object java.lang.invoke.DirectMethodHandle$Holder.invokeInterface(java.lang.Object, java.lang.Object, java.lang.Object, java.lang.Object, java.lang.Object, java.lang.Object, java.lang.Object)'> (0x00000007152cdcd8) 
thrown [s\src\hotspot\share\interpreter\linkResolver.cpp, line 773]
Event: 15.169 Thread 0x0000018b8c39b7b0 Exception <a 'java/lang/NoSuchMethodError'{0x0000000715166448}: 'java.lang.Object java.lang.invoke.DirectMethodHandle$Holder.invokeStatic(java.lang.Object, java.lang.Object, java.lang.Object, int, int)'> (0x0000000715166448) 
thrown [s\src\hotspot\share\interpreter\linkResolver.cpp, line 773]
Event: 15.169 Thread 0x0000018b8c39b7b0 Exception <a 'java/lang/NoSuchMethodError'{0x0000000715169c28}: 'java.lang.Object java.lang.invoke.DirectMethodHandle$Holder.invokeStaticInit(java.lang.Object, java.lang.Object, java.lang.Object, int, int)'> (0x0000000715169c28) 
thrown [s\src\hotspot\share\interpreter\linkResolver.cpp, line 773]
Event: 15.207 Thread 0x0000018b8c399050 Exception <a 'java/lang/NoSuchMethodError'{0x0000000714ea2da0}: 'java.lang.Object java.lang.invoke.DirectMethodHandle$Holder.invokeSpecial(java.lang.Object, java.lang.Object, java.lang.Object, java.lang.Object, java.lang.Object, long)'> (0x0000000714ea2da0) 
thrown [s\src\hotspot\share\interpreter\linkResolver.cpp, line 773]
Event: 15.208 Thread 0x0000018b8c399050 Exception <a 'java/lang/NoSuchMethodError'{0x0000000714ea6580}: 'java.lang.Object java.lang.invoke.Invokers$Holder.linkToTargetMethod(java.lang.Object, java.lang.Object, java.lang.Object, long, java.lang.Object)'> (0x0000000714ea6580) 
thrown [s\src\hotspot\share\interpreter\linkResolver.cpp, line 773]

ZGC Phase Switch (0 events):
No events

VM Operations (20 events):
Event: 3.840 Executing VM operation: HandshakeAllThreads (Deoptimize)
Event: 3.840 Executing VM operation: HandshakeAllThreads (Deoptimize) done
Event: 3.895 Executing VM operation: G1CollectForAllocation (G1 Evacuation Pause)
Event: 3.902 Executing VM operation: G1CollectForAllocation (G1 Evacuation Pause) done
Event: 3.917 Executing VM operation: HandshakeAllThreads (Deoptimize)
Event: 3.917 Executing VM operation: HandshakeAllThreads (Deoptimize) done
Event: 4.930 Executing VM operation: Cleanup
Event: 4.930 Executing VM operation: Cleanup done
Event: 5.939 Executing VM operation: Cleanup
Event: 5.939 Executing VM operation: Cleanup done
Event: 15.255 Executing VM operation: HandshakeAllThreads (Deoptimize)
Event: 15.255 Executing VM operation: HandshakeAllThreads (Deoptimize) done
Event: 15.255 Executing VM operation: Cleanup
Event: 15.255 Executing VM operation: Cleanup done
Event: 16.267 Executing VM operation: Cleanup
Event: 16.267 Executing VM operation: Cleanup done
Event: 18.282 Executing VM operation: Cleanup
Event: 18.282 Executing VM operation: Cleanup done
Event: 21.301 Executing VM operation: Cleanup
Event: 21.301 Executing VM operation: Cleanup done

Memory protections (0 events):
No events

Nmethod flushes (20 events):
Event: 2.563 Thread 0x0000018aecb7e280 flushing  nmethod 0x0000018ae251da10
Event: 2.563 Thread 0x0000018aecb7e280 flushing  nmethod 0x0000018ae2254790
Event: 2.563 Thread 0x0000018aecb7e280 flushing  nmethod 0x0000018ae2447410
Event: 2.563 Thread 0x0000018aecb7e280 flushing  nmethod 0x0000018ae21b4c10
Event: 2.563 Thread 0x0000018aecb7e280 flushing  nmethod 0x0000018ae21fc790
Event: 2.563 Thread 0x0000018aecb7e280 flushing  nmethod 0x0000018ae21fcc10
Event: 2.563 Thread 0x0000018aecb7e280 flushing  nmethod 0x0000018ae229b490
Event: 2.563 Thread 0x0000018aecb7e280 flushing  nmethod 0x0000018ae23e4c90
Event: 2.563 Thread 0x0000018aecb7e280 flushing  nmethod 0x0000018ae2407010
Event: 2.563 Thread 0x0000018aecb7e280 flushing  nmethod 0x0000018ae2408f10
Event: 2.563 Thread 0x0000018aecb7e280 flushing  nmethod 0x0000018ae249f990
Event: 2.563 Thread 0x0000018aecb7e280 flushing  nmethod 0x0000018ae2451310
Event: 2.563 Thread 0x0000018aecb7e280 flushing  nmethod 0x0000018ae2486f10
Event: 2.563 Thread 0x0000018aecb7e280 flushing  nmethod 0x0000018ae23cf110
Event: 2.563 Thread 0x0000018aecb7e280 flushing  nmethod 0x0000018ae2657d10
Event: 2.563 Thread 0x0000018aecb7e280 flushing  nmethod 0x0000018ae250b610
Event: 2.563 Thread 0x0000018aecb7e280 flushing  nmethod 0x0000018ae250bc10
Event: 2.563 Thread 0x0000018aecb7e280 flushing  nmethod 0x0000018ae2514610
Event: 2.563 Thread 0x0000018aecb7e280 flushing  nmethod 0x0000018ae2514c10
Event: 2.563 Thread 0x0000018aecb7e280 flushing  nmethod 0x0000018ae2516010

Events (20 events):
Event: 3.969 Thread 0x0000018af1779ba0 Thread exited: 0x0000018af1779ba0
Event: 3.969 Thread 0x0000018adc2f4b50 Thread exited: 0x0000018adc2f4b50
Event: 3.969 Thread 0x0000018b8c39d1f0 Thread added: 0x0000018b8c39d1f0
Event: 4.321 Thread 0x0000018af1456430 Thread added: 0x0000018b8c39b120
Event: 4.323 Thread 0x0000018af16ceb00 Thread added: 0x0000018b8c39d880
Event: 4.324 Thread 0x0000018af1456430 Thread added: 0x0000018b8c39aa90
Event: 4.326 Thread 0x0000018af1456430 Thread added: 0x0000018b8c39be40
Event: 4.331 Thread 0x0000018af144af10 Thread added: 0x0000018b8c39cb60
Event: 4.333 Thread 0x0000018af144af10 Thread added: 0x0000018af177b5e0
Event: 4.334 Thread 0x0000018b8c39cb60 Thread added: 0x0000018af1779ba0
Event: 4.335 Thread 0x0000018b8c39d880 Thread exited: 0x0000018b8c39d880
Event: 4.336 Thread 0x0000018af144af10 Thread added: 0x0000018b8c5f1720
Event: 4.336 Thread 0x0000018af177b5e0 Thread added: 0x0000018b8c5eefc0
Event: 4.337 Thread 0x0000018b8c5f1720 Thread added: 0x0000018b8c5f1090
Event: 4.340 Thread 0x0000018b8c5f1090 Thread exited: 0x0000018b8c5f1090
Event: 5.369 Thread 0x0000018af1779ba0 Thread exited: 0x0000018af1779ba0
Event: 5.369 Thread 0x0000018b8c5eefc0 Thread exited: 0x0000018b8c5eefc0
Event: 5.939 Thread 0x0000018aeccc3820 Thread exited: 0x0000018aeccc3820
Event: 33.974 Thread 0x0000018aeccc23b0 Thread exited: 0x0000018aeccc23b0
Event: 33.974 Thread 0x0000018aeccc3ef0 Thread exited: 0x0000018aeccc3ef0


Dynamic libraries:
0x00007ff6df410000 - 0x00007ff6df41e000 	C:\Users\User\Documents\sts\sts-4.31.0.RELEASE\plugins\org.eclipse.justj.openjdk.hotspot.jre.full.win32.x86_64_21.0.7.v20250502-0916\jre\bin\javaw.exe
0x00007ffe9b3a0000 - 0x00007ffe9b607000 	C:\WINDOWS\SYSTEM32\ntdll.dll
0x00007ffe99b90000 - 0x00007ffe99c59000 	C:\WINDOWS\System32\KERNEL32.DLL
0x00007ffe98800000 - 0x00007ffe98bf4000 	C:\WINDOWS\System32\KERNELBASE.dll
0x00007ffe98d70000 - 0x00007ffe98ebb000 	C:\WINDOWS\System32\ucrtbase.dll
0x00007ffe8b430000 - 0x00007ffe8b44e000 	C:\Users\User\Documents\sts\sts-4.31.0.RELEASE\plugins\org.eclipse.justj.openjdk.hotspot.jre.full.win32.x86_64_21.0.7.v20250502-0916\jre\bin\VCRUNTIME140.dll
0x00007ffe6ad30000 - 0x00007ffe6ad48000 	C:\Users\User\Documents\sts\sts-4.31.0.RELEASE\plugins\org.eclipse.justj.openjdk.hotspot.jre.full.win32.x86_64_21.0.7.v20250502-0916\jre\bin\jli.dll
0x00007ffe9aee0000 - 0x00007ffe9b0a5000 	C:\WINDOWS\System32\USER32.dll
0x00007ffe7a1b0000 - 0x00007ffe7a443000 	C:\WINDOWS\WinSxS\amd64_microsoft.windows.common-controls_6595b64144ccf1df_6.0.26100.8115_none_3e075c82e3354f9c\COMCTL32.dll
0x00007ffe99100000 - 0x00007ffe99127000 	C:\WINDOWS\System32\win32u.dll
0x00007ffe99cf0000 - 0x00007ffe99d99000 	C:\WINDOWS\System32\msvcrt.dll
0x00007ffe99da0000 - 0x00007ffe99dcb000 	C:\WINDOWS\System32\GDI32.dll
0x00007ffe986d0000 - 0x00007ffe987fb000 	C:\WINDOWS\System32\gdi32full.dll
0x00007ffe984e0000 - 0x00007ffe98583000 	C:\WINDOWS\System32\msvcp_win.dll
0x00007ffe99b50000 - 0x00007ffe99b82000 	C:\WINDOWS\System32\IMM32.DLL
0x00007ffe8b590000 - 0x00007ffe8b59c000 	C:\Users\User\Documents\sts\sts-4.31.0.RELEASE\plugins\org.eclipse.justj.openjdk.hotspot.jre.full.win32.x86_64_21.0.7.v20250502-0916\jre\bin\vcruntime140_1.dll
0x00007ffe84990000 - 0x00007ffe84a1d000 	C:\Users\User\Documents\sts\sts-4.31.0.RELEASE\plugins\org.eclipse.justj.openjdk.hotspot.jre.full.win32.x86_64_21.0.7.v20250502-0916\jre\bin\msvcp140.dll
0x00007ffe1b080000 - 0x00007ffe1be10000 	C:\Users\User\Documents\sts\sts-4.31.0.RELEASE\plugins\org.eclipse.justj.openjdk.hotspot.jre.full.win32.x86_64_21.0.7.v20250502-0916\jre\bin\server\jvm.dll
0x00007ffe9b2a0000 - 0x00007ffe9b356000 	C:\WINDOWS\System32\ADVAPI32.dll
0x00007ffe99e60000 - 0x00007ffe99f07000 	C:\WINDOWS\System32\sechost.dll
0x00007ffe99fa0000 - 0x00007ffe9a0b8000 	C:\WINDOWS\System32\RPCRT4.dll
0x00007ffe99dd0000 - 0x00007ffe99e50000 	C:\WINDOWS\System32\WS2_32.dll
0x00007ffe97ad0000 - 0x00007ffe97b2e000 	C:\WINDOWS\SYSTEM32\POWRPROF.dll
0x00007ffe8c830000 - 0x00007ffe8c866000 	C:\WINDOWS\SYSTEM32\WINMM.dll
0x00007ffe8c1e0000 - 0x00007ffe8c1eb000 	C:\WINDOWS\SYSTEM32\VERSION.dll
0x00007ffe97ab0000 - 0x00007ffe97ac4000 	C:\WINDOWS\SYSTEM32\UMPDC.dll
0x00007ffe96a00000 - 0x00007ffe96a1b000 	C:\WINDOWS\SYSTEM32\kernel.appcore.dll
0x00007ffe71530000 - 0x00007ffe7153a000 	C:\Users\User\Documents\sts\sts-4.31.0.RELEASE\plugins\org.eclipse.justj.openjdk.hotspot.jre.full.win32.x86_64_21.0.7.v20250502-0916\jre\bin\jimage.dll
0x00007ffe95c90000 - 0x00007ffe95ed2000 	C:\WINDOWS\SYSTEM32\DBGHELP.DLL
0x00007ffe99330000 - 0x00007ffe996b2000 	C:\WINDOWS\System32\combase.dll
0x00007ffe9a0c0000 - 0x00007ffe9a198000 	C:\WINDOWS\System32\OLEAUT32.dll
0x00007ffe796f0000 - 0x00007ffe7972b000 	C:\WINDOWS\SYSTEM32\dbgcore.DLL
0x00007ffe98590000 - 0x00007ffe98635000 	C:\WINDOWS\System32\bcryptPrimitives.dll
0x00007ffe6ad10000 - 0x00007ffe6ad2f000 	C:\Users\User\Documents\sts\sts-4.31.0.RELEASE\plugins\org.eclipse.justj.openjdk.hotspot.jre.full.win32.x86_64_21.0.7.v20250502-0916\jre\bin\java.dll
0x00007ffe9a660000 - 0x00007ffe9adc7000 	C:\WINDOWS\System32\SHELL32.dll
0x00007ffe98c00000 - 0x00007ffe98d6a000 	C:\WINDOWS\System32\wintypes.dll
0x00007ffe97c70000 - 0x00007ffe984d8000 	C:\WINDOWS\System32\windows.storage.dll
0x00007ffe9a3c0000 - 0x00007ffe9a4b8000 	C:\WINDOWS\System32\SHCORE.dll
0x00007ffe992a0000 - 0x00007ffe99306000 	C:\WINDOWS\System32\shlwapi.dll
0x00007ffe97b90000 - 0x00007ffe97bb9000 	C:\WINDOWS\SYSTEM32\profapi.dll
0x00007ffe5fc10000 - 0x00007ffe5fc28000 	C:\Users\User\Documents\sts\sts-4.31.0.RELEASE\plugins\org.eclipse.justj.openjdk.hotspot.jre.full.win32.x86_64_21.0.7.v20250502-0916\jre\bin\zip.dll
0x00007ffe70100000 - 0x00007ffe70110000 	C:\Users\User\Documents\sts\sts-4.31.0.RELEASE\plugins\org.eclipse.justj.openjdk.hotspot.jre.full.win32.x86_64_21.0.7.v20250502-0916\jre\bin\net.dll
0x00007ffe92940000 - 0x00007ffe92a6d000 	C:\WINDOWS\SYSTEM32\WINHTTP.dll
0x00007ffe96f70000 - 0x00007ffe96fdc000 	C:\WINDOWS\system32\mswsock.dll
0x00007ffe5cac0000 - 0x00007ffe5cad6000 	C:\Users\User\Documents\sts\sts-4.31.0.RELEASE\plugins\org.eclipse.justj.openjdk.hotspot.jre.full.win32.x86_64_21.0.7.v20250502-0916\jre\bin\nio.dll
0x00007ffe8b420000 - 0x00007ffe8b42a000 	C:\Users\User\Documents\sts\sts-4.31.0.RELEASE\plugins\org.eclipse.justj.openjdk.hotspot.jre.full.win32.x86_64_21.0.7.v20250502-0916\jre\bin\management.dll
0x00007ffe8b410000 - 0x00007ffe8b41b000 	C:\Users\User\Documents\sts\sts-4.31.0.RELEASE\plugins\org.eclipse.justj.openjdk.hotspot.jre.full.win32.x86_64_21.0.7.v20250502-0916\jre\bin\management_ext.dll
0x00007ffe99140000 - 0x00007ffe99148000 	C:\WINDOWS\System32\PSAPI.DLL
0x00007ffe78360000 - 0x00007ffe78378000 	C:\WINDOWS\system32\napinsp.dll
0x00007ffe964f0000 - 0x00007ffe96622000 	C:\WINDOWS\SYSTEM32\DNSAPI.dll
0x00007ffe964b0000 - 0x00007ffe964e2000 	C:\WINDOWS\SYSTEM32\IPHLPAPI.DLL
0x00007ffe99130000 - 0x00007ffe9913a000 	C:\WINDOWS\System32\NSI.dll
0x00007ffe745b0000 - 0x00007ffe745c3000 	C:\WINDOWS\System32\winrnr.dll
0x00007ffe74580000 - 0x00007ffe745a2000 	C:\WINDOWS\system32\nlansp_c.dll
0x00007ffe74560000 - 0x00007ffe74576000 	C:\WINDOWS\system32\wshbth.dll
0x00007ffe913f0000 - 0x00007ffe913fb000 	C:\Windows\System32\rasadhlp.dll
0x00007ffe92f20000 - 0x00007ffe92fa6000 	C:\WINDOWS\System32\fwpuclnt.dll
0x00007ffe97260000 - 0x00007ffe9727b000 	C:\WINDOWS\SYSTEM32\CRYPTSP.dll
0x00007ffe96960000 - 0x00007ffe96999000 	C:\WINDOWS\system32\rsaenh.dll
0x00007ffe97020000 - 0x00007ffe97053000 	C:\WINDOWS\SYSTEM32\USERENV.dll
0x00007ffe97b60000 - 0x00007ffe97b8a000 	C:\WINDOWS\SYSTEM32\bcrypt.dll
0x00007ffe97250000 - 0x00007ffe9725c000 	C:\WINDOWS\SYSTEM32\CRYPTBASE.dll
0x00007ffe8b5a0000 - 0x00007ffe8b5a9000 	C:\Users\User\Documents\sts\sts-4.31.0.RELEASE\plugins\org.eclipse.justj.openjdk.hotspot.jre.full.win32.x86_64_21.0.7.v20250502-0916\jre\bin\extnet.dll
0x0000018adc4d0000 - 0x0000018adc4d4000 	C:\Users\User\.javacpp\cache\javacpp-1.5.9-windows-x86_64.jar\org\bytedeco\javacpp\windows-x86_64\api-ms-win-crt-locale-l1-1-0.dll
0x0000018adc4e0000 - 0x0000018adc4e5000 	C:\Users\User\.javacpp\cache\javacpp-1.5.9-windows-x86_64.jar\org\bytedeco\javacpp\windows-x86_64\api-ms-win-crt-string-l1-1-0.dll
0x0000018adc4f0000 - 0x0000018adc4f5000 	C:\Users\User\.javacpp\cache\javacpp-1.5.9-windows-x86_64.jar\org\bytedeco\javacpp\windows-x86_64\api-ms-win-crt-stdio-l1-1-0.dll
0x0000018adc500000 - 0x0000018adc506000 	C:\Users\User\.javacpp\cache\javacpp-1.5.9-windows-x86_64.jar\org\bytedeco\javacpp\windows-x86_64\api-ms-win-crt-math-l1-1-0.dll
0x0000018adc520000 - 0x0000018adc524000 	C:\Users\User\.javacpp\cache\javacpp-1.5.9-windows-x86_64.jar\org\bytedeco\javacpp\windows-x86_64\api-ms-win-crt-heap-l1-1-0.dll
0x0000018adc530000 - 0x0000018adc535000 	C:\Users\User\.javacpp\cache\javacpp-1.5.9-windows-x86_64.jar\org\bytedeco\javacpp\windows-x86_64\api-ms-win-crt-runtime-l1-1-0.dll
0x0000018ade5f0000 - 0x0000018ade5f5000 	C:\Users\User\.javacpp\cache\javacpp-1.5.9-windows-x86_64.jar\org\bytedeco\javacpp\windows-x86_64\api-ms-win-crt-convert-l1-1-0.dll
0x0000018aecfd0000 - 0x0000018aecfd4000 	C:\Users\User\.javacpp\cache\javacpp-1.5.9-windows-x86_64.jar\org\bytedeco\javacpp\windows-x86_64\api-ms-win-crt-environment-l1-1-0.dll
0x0000018aecfe0000 - 0x0000018aecfe4000 	C:\Users\User\.javacpp\cache\javacpp-1.5.9-windows-x86_64.jar\org\bytedeco\javacpp\windows-x86_64\api-ms-win-crt-time-l1-1-0.dll
0x0000018aecff0000 - 0x0000018aecff4000 	C:\Users\User\.javacpp\cache\javacpp-1.5.9-windows-x86_64.jar\org\bytedeco\javacpp\windows-x86_64\api-ms-win-crt-filesystem-l1-1-0.dll
0x0000018af1b40000 - 0x0000018af1b44000 	C:\Users\User\.javacpp\cache\javacpp-1.5.9-windows-x86_64.jar\org\bytedeco\javacpp\windows-x86_64\api-ms-win-crt-utility-l1-1-0.dll
0x0000018af1b50000 - 0x0000018af1b56000 	C:\Users\User\.javacpp\cache\javacpp-1.5.9-windows-x86_64.jar\org\bytedeco\javacpp\windows-x86_64\api-ms-win-crt-multibyte-l1-1-0.dll
0x0000018af1b60000 - 0x0000018af1b64000 	C:\Users\User\.javacpp\cache\javacpp-1.5.9-windows-x86_64.jar\org\bytedeco\javacpp\windows-x86_64\api-ms-win-crt-conio-l1-1-0.dll
0x0000018af1b70000 - 0x0000018af1b81000 	C:\Users\User\.javacpp\cache\javacpp-1.5.9-windows-x86_64.jar\org\bytedeco\javacpp\windows-x86_64\api-ms-win-crt-private-l1-1-0.dll
0x0000018af1b90000 - 0x0000018af1b94000 	C:\Users\User\.javacpp\cache\javacpp-1.5.9-windows-x86_64.jar\org\bytedeco\javacpp\windows-x86_64\api-ms-win-crt-process-l1-1-0.dll
0x0000018af1ca0000 - 0x0000018af1ca4000 	C:\Users\User\.javacpp\cache\javacpp-1.5.9-windows-x86_64.jar\org\bytedeco\javacpp\windows-x86_64\api-ms-win-core-console-l1-2-0.dll
0x0000018af1cb0000 - 0x0000018af1cb4000 	C:\Users\User\.javacpp\cache\javacpp-1.5.9-windows-x86_64.jar\org\bytedeco\javacpp\windows-x86_64\api-ms-win-core-string-l1-1-0.dll
0x0000018af1cc0000 - 0x0000018af1cc4000 	C:\Users\User\.javacpp\cache\javacpp-1.5.9-windows-x86_64.jar\org\bytedeco\javacpp\windows-x86_64\api-ms-win-core-errorhandling-l1-1-0.dll
0x0000018af1cd0000 - 0x0000018af1cd4000 	C:\Users\User\.javacpp\cache\javacpp-1.5.9-windows-x86_64.jar\org\bytedeco\javacpp\windows-x86_64\api-ms-win-core-timezone-l1-1-0.dll
0x0000018af1ce0000 - 0x0000018af1ce5000 	C:\Users\User\.javacpp\cache\javacpp-1.5.9-windows-x86_64.jar\org\bytedeco\javacpp\windows-x86_64\api-ms-win-core-file-l1-1-0.dll
0x0000018af1cf0000 - 0x0000018af1cf4000 	C:\Users\User\.javacpp\cache\javacpp-1.5.9-windows-x86_64.jar\org\bytedeco\javacpp\windows-x86_64\api-ms-win-core-namedpipe-l1-1-0.dll
0x0000018af1d00000 - 0x0000018af1d04000 	C:\Users\User\.javacpp\cache\javacpp-1.5.9-windows-x86_64.jar\org\bytedeco\javacpp\windows-x86_64\api-ms-win-core-handle-l1-1-0.dll
0x0000018af1d10000 - 0x0000018af1d14000 	C:\Users\User\.javacpp\cache\javacpp-1.5.9-windows-x86_64.jar\org\bytedeco\javacpp\windows-x86_64\api-ms-win-core-file-l2-1-0.dll
0x0000018af1d20000 - 0x0000018af1d24000 	C:\Users\User\.javacpp\cache\javacpp-1.5.9-windows-x86_64.jar\org\bytedeco\javacpp\windows-x86_64\api-ms-win-core-heap-l1-1-0.dll
0x0000018af1d30000 - 0x0000018af1d34000 	C:\Users\User\.javacpp\cache\javacpp-1.5.9-windows-x86_64.jar\org\bytedeco\javacpp\windows-x86_64\api-ms-win-core-libraryloader-l1-1-0.dll
0x0000018af1d40000 - 0x0000018af1d44000 	C:\Users\User\.javacpp\cache\javacpp-1.5.9-windows-x86_64.jar\org\bytedeco\javacpp\windows-x86_64\api-ms-win-core-synch-l1-1-0.dll
0x0000018af1d50000 - 0x0000018af1d54000 	C:\Users\User\.javacpp\cache\javacpp-1.5.9-windows-x86_64.jar\org\bytedeco\javacpp\windows-x86_64\api-ms-win-core-processthreads-l1-1-0.dll
0x0000018af1d60000 - 0x0000018af1d64000 	C:\Users\User\.javacpp\cache\javacpp-1.5.9-windows-x86_64.jar\org\bytedeco\javacpp\windows-x86_64\api-ms-win-core-processenvironment-l1-1-0.dll
0x0000018af1d70000 - 0x0000018af1d74000 	C:\Users\User\.javacpp\cache\javacpp-1.5.9-windows-x86_64.jar\org\bytedeco\javacpp\windows-x86_64\api-ms-win-core-datetime-l1-1-0.dll
0x0000018af1d80000 - 0x0000018af1d84000 	C:\Users\User\.javacpp\cache\javacpp-1.5.9-windows-x86_64.jar\org\bytedeco\javacpp\windows-x86_64\api-ms-win-core-localization-l1-2-0.dll
0x0000018af1d90000 - 0x0000018af1d94000 	C:\Users\User\.javacpp\cache\javacpp-1.5.9-windows-x86_64.jar\org\bytedeco\javacpp\windows-x86_64\api-ms-win-core-sysinfo-l1-1-0.dll
0x0000018af1da0000 - 0x0000018af1da4000 	C:\Users\User\.javacpp\cache\javacpp-1.5.9-windows-x86_64.jar\org\bytedeco\javacpp\windows-x86_64\api-ms-win-core-synch-l1-2-0.dll
0x0000018af1db0000 - 0x0000018af1db4000 	C:\Users\User\.javacpp\cache\javacpp-1.5.9-windows-x86_64.jar\org\bytedeco\javacpp\windows-x86_64\api-ms-win-core-console-l1-1-0.dll
0x0000018af1dc0000 - 0x0000018af1dc4000 	C:\Users\User\.javacpp\cache\javacpp-1.5.9-windows-x86_64.jar\org\bytedeco\javacpp\windows-x86_64\api-ms-win-core-debug-l1-1-0.dll
0x0000018af1dd0000 - 0x0000018af1dd4000 	C:\Users\User\.javacpp\cache\javacpp-1.5.9-windows-x86_64.jar\org\bytedeco\javacpp\windows-x86_64\api-ms-win-core-rtlsupport-l1-1-0.dll
0x0000018af1de0000 - 0x0000018af1de4000 	C:\Users\User\.javacpp\cache\javacpp-1.5.9-windows-x86_64.jar\org\bytedeco\javacpp\windows-x86_64\api-ms-win-core-processthreads-l1-1-1.dll
0x0000018af1df0000 - 0x0000018af1df4000 	C:\Users\User\.javacpp\cache\javacpp-1.5.9-windows-x86_64.jar\org\bytedeco\javacpp\windows-x86_64\api-ms-win-core-file-l1-2-0.dll
0x0000018af1e00000 - 0x0000018af1e04000 	C:\Users\User\.javacpp\cache\javacpp-1.5.9-windows-x86_64.jar\org\bytedeco\javacpp\windows-x86_64\api-ms-win-core-profile-l1-1-0.dll
0x0000018af1e10000 - 0x0000018af1e14000 	C:\Users\User\.javacpp\cache\javacpp-1.5.9-windows-x86_64.jar\org\bytedeco\javacpp\windows-x86_64\api-ms-win-core-memory-l1-1-0.dll
0x0000018af1e20000 - 0x0000018af1e24000 	C:\Users\User\.javacpp\cache\javacpp-1.5.9-windows-x86_64.jar\org\bytedeco\javacpp\windows-x86_64\api-ms-win-core-util-l1-1-0.dll
0x0000018af1e30000 - 0x0000018af1e34000 	C:\Users\User\.javacpp\cache\javacpp-1.5.9-windows-x86_64.jar\org\bytedeco\javacpp\windows-x86_64\api-ms-win-core-interlocked-l1-1-0.dll
0x00007ffe7e0f0000 - 0x00007ffe7e201000 	C:\Users\User\.javacpp\cache\javacpp-1.5.9-windows-x86_64.jar\org\bytedeco\javacpp\windows-x86_64\ucrtbase.dll
0x00007ffe933f0000 - 0x00007ffe9340b000 	C:\Users\User\.javacpp\cache\javacpp-1.5.9-windows-x86_64.jar\org\bytedeco\javacpp\windows-x86_64\vcruntime140.dll
0x00007ffe933e0000 - 0x00007ffe933ec000 	C:\Users\User\.javacpp\cache\javacpp-1.5.9-windows-x86_64.jar\org\bytedeco\javacpp\windows-x86_64\vcruntime140_1.dll
0x00007ffe932f0000 - 0x00007ffe9337d000 	C:\Users\User\.javacpp\cache\javacpp-1.5.9-windows-x86_64.jar\org\bytedeco\javacpp\windows-x86_64\msvcp140.dll
0x00007ffe933d0000 - 0x00007ffe933d9000 	C:\Users\User\.javacpp\cache\javacpp-1.5.9-windows-x86_64.jar\org\bytedeco\javacpp\windows-x86_64\msvcp140_1.dll
0x00007ffe8be20000 - 0x00007ffe8be6e000 	C:\Users\User\.javacpp\cache\javacpp-1.5.9-windows-x86_64.jar\org\bytedeco\javacpp\windows-x86_64\concrt140.dll
0x00007ffe8c620000 - 0x00007ffe8c651000 	C:\Users\User\.javacpp\cache\javacpp-1.5.9-windows-x86_64.jar\org\bytedeco\javacpp\windows-x86_64\vcomp140.dll
0x00007ffe932e0000 - 0x00007ffe932ef000 	C:\Users\User\.javacpp\cache\javacpp-1.5.9-windows-x86_64.jar\org\bytedeco\javacpp\windows-x86_64\jnijavacpp.dll
0x00007ffdee910000 - 0x00007ffdf0650000 	C:\Users\User\.javacpp\cache\openblas-0.3.23-1.5.9-windows-x86_64.jar\org\bytedeco\openblas\windows-x86_64\libopenblas_nolapack.dll
0x00007ffe8bb50000 - 0x00007ffe8bbaf000 	C:\Users\User\.javacpp\cache\openblas-0.3.23-1.5.9-windows-x86_64.jar\org\bytedeco\openblas\windows-x86_64\jniopenblas_nolapack.dll
0x00007ffdecbd0000 - 0x00007ffdee910000 	C:\Users\User\.javacpp\cache\openblas-0.3.23-1.5.9-windows-x86_64.jar\org\bytedeco\openblas\windows-x86_64\libopenblas.dll
0x00007ffdeb7e0000 - 0x00007ffdecbc3000 	C:\Users\User\.javacpp\cache\openblas-0.3.23-1.5.9-windows-x86_64.jar\org\bytedeco\openblas\windows-x86_64\jniopenblas.dll
0x00007ffe206c0000 - 0x00007ffe20b77000 	C:\Users\User\.javacpp\cache\opencv-4.7.0-1.5.9-windows-x86_64.jar\org\bytedeco\opencv\windows-x86_64\opencv_core470.dll
0x00007ffe1de90000 - 0x00007ffe1e60d000 	C:\Users\User\.javacpp\cache\opencv-4.7.0-1.5.9-windows-x86_64.jar\org\bytedeco\opencv\windows-x86_64\opencv_imgproc470.dll
0x00007ffe7c6a0000 - 0x00007ffe7c936000 	C:\Users\User\.javacpp\cache\opencv-4.7.0-1.5.9-windows-x86_64.jar\org\bytedeco\opencv\windows-x86_64\jniopencv_core.dll
0x00007ffe7c480000 - 0x00007ffe7c5a2000 	C:\Users\User\.javacpp\cache\opencv-4.7.0-1.5.9-windows-x86_64.jar\org\bytedeco\opencv\windows-x86_64\jniopencv_imgproc.dll
0x00007ffe0a8c0000 - 0x00007ffe0acf5000 	C:\Users\User\.javacpp\cache\opencv-4.7.0-1.5.9-windows-x86_64.jar\org\bytedeco\opencv\windows-x86_64\opencv_imgcodecs470.dll
0x00007ffe8b870000 - 0x00007ffe8b8a7000 	C:\Users\User\.javacpp\cache\opencv-4.7.0-1.5.9-windows-x86_64.jar\org\bytedeco\opencv\windows-x86_64\jniopencv_imgcodecs.dll
0x00007ffe7c380000 - 0x00007ffe7c47a000 	C:\Users\User\.javacpp\cache\opencv-4.7.0-1.5.9-windows-x86_64.jar\org\bytedeco\opencv\windows-x86_64\opencv_videoio470.dll
0x00007ffe9a4c0000 - 0x00007ffe9a657000 	C:\WINDOWS\System32\ole32.dll
0x00007ffe91e30000 - 0x00007ffe91ec9000 	C:\WINDOWS\SYSTEM32\MF.dll
0x00007ffe90e20000 - 0x00007ffe9103a000 	C:\WINDOWS\SYSTEM32\MFPlat.DLL
0x00007ffe95460000 - 0x00007ffe955a1000 	C:\WINDOWS\SYSTEM32\dxgi.dll
0x00007ffe943e0000 - 0x00007ffe94643000 	C:\WINDOWS\SYSTEM32\d3d11.dll

dbghelp: loaded successfully - version: 4.0.5 - missing functions: none
symbol engine: initialized successfully - sym options: 0x614 - pdb path: .;C:\Users\User\Documents\sts\sts-4.31.0.RELEASE\plugins\org.eclipse.justj.openjdk.hotspot.jre.full.win32.x86_64_21.0.7.v20250502-0916\jre\bin;C:\WINDOWS\SYSTEM32;C:\WINDOWS\WinSxS\amd64_microsoft.windows.common-controls_6595b64144ccf1df_6.0.26100.8115_none_3e075c82e3354f9c;C:\Users\User\Documents\sts\sts-4.31.0.RELEASE\plugins\org.eclipse.justj.openjdk.hotspot.jre.full.win32.x86_64_21.0.7.v20250502-0916\jre\bin\server;C:\Users\User\.javacpp\cache\javacpp-1.5.9-windows-x86_64.jar\org\bytedeco\javacpp\windows-x86_64;C:\Users\User\.javacpp\cache\openblas-0.3.23-1.5.9-windows-x86_64.jar\org\bytedeco\openblas\windows-x86_64;C:\Users\User\.javacpp\cache\opencv-4.7.0-1.5.9-windows-x86_64.jar\org\bytedeco\opencv\windows-x86_64;C:\ProgramData\A-Volute\A-Volute.Nahimic\Modules\Scheduled\x64;C:\Windows\System32\DriverStore\FileRepository\amdocl.inf_amd64_86efe413d246bdd0;C:\WINDOWS\System32\DriverStore\FileRepository\nvlt.inf_amd64_871dd42e0edd87ab

VM Arguments:
jvm_args: -Dcom.sun.management.jmxremote -Dcom.sun.management.jmxremote.port=12507 -Dcom.sun.management.jmxremote.authenticate=false -Dcom.sun.management.jmxremote.ssl=false -Djava.rmi.server.hostname=localhost -Dspring.jmx.enabled=true -Dmanagement.endpoints.jmx.exposure.include=* -Dspring.application.admin.enabled=true -Dspring.output.ansi.enabled=always -XX:TieredStopAtLevel=1 -Dspring.boot.project.name=face-recognition-service -Dfile.encoding=UTF-8 -Dstdout.encoding=UTF-8 -Dstderr.encoding=UTF-8 -XX:+ShowCodeDetailsInExceptionMessages 
java_command: com.faceauth.recognition.FaceRecognitionServiceApplication
java_class_path (initial): C:\Users\User\Documents\workspace-spring-tools-for-eclipse-4.31.0.RELEASE\OpenCVFacialRecog\face-recognition-service\target\classes;C:\Users\User\.m2\repository\org\springframework\boot\spring-boot-starter-security\4.0.6\spring-boot-starter-security-4.0.6.jar;C:\Users\User\.m2\repository\org\springframework\boot\spring-boot-starter\4.0.6\spring-boot-starter-4.0.6.jar;C:\Users\User\.m2\repository\org\springframework\boot\spring-boot-starter-logging\4.0.6\spring-boot-starter-logging-4.0.6.jar;C:\Users\User\.m2\repository\ch\qos\logback\logback-classic\1.5.32\logback-classic-1.5.32.jar;C:\Users\User\.m2\repository\ch\qos\logback\logback-core\1.5.32\logback-core-1.5.32.jar;C:\Users\User\.m2\repository\org\apache\logging\log4j\log4j-to-slf4j\2.25.4\log4j-to-slf4j-2.25.4.jar;C:\Users\User\.m2\repository\org\apache\logging\log4j\log4j-api\2.25.4\log4j-api-2.25.4.jar;C:\Users\User\.m2\repository\org\slf4j\jul-to-slf4j\2.0.17\jul-to-slf4j-2.0.17.jar;C:\Users\User\.m2\repository\jakarta\annotation\jakarta.annotation-api\3.0.0\jakarta.annotation-api-3.0.0.jar;C:\Users\User\.m2\repository\org\yaml\snakeyaml\2.5\snakeyaml-2.5.jar;C:\Users\User\.m2\repository\org\springframework\boot\spring-boot-security\4.0.6\spring-boot-security-4.0.6.jar;C:\Users\User\.m2\repository\org\springframework\security\spring-security-config\7.0.5\spring-security-config-7.0.5.jar;C:\Users\User\.m2\repository\org\springframework\security\spring-security-core\7.0.5\spring-security-core-7.0.5.jar;C:\Users\User\.m2\repository\org\springframework\security\spring-security-crypto\7.0.5\spring-security-crypto-7.0.5.jar;C:\Users\User\.m2\repository\org\springframework\security\spring-security-web\7.0.5\spring-security-web-7.0.5.jar;C:\Users\User\.m2\repository\org\springframework\spring-expression\7.0.7\spring-expression-7.0.7.jar;C:\Users\User\.m2\repository\org\springframework\spring-aop\7.0.7\spring-aop-7.0.7.jar;C:\Users\User\.m2\repository\org\springframework\spring-beans\7.0.7\spring-beans-7.0.7.jar;C:\Users\User\.m2\repository\org\springframework\spring-core\7.0.7\spring-core-7.0.7.jar;C:\Users\User\.m2\repository\commons-logging\commons-logging\1.3.6\commons-logging-1.3.6.jar;C:\Users\User\.m2\repository\org\springframework\boot\spring-boot-starter-webmvc\4.0.6\spring-boot-starter-webmvc-4.0.6.jar;C:\Users\User\.m2\repository\org\springframework\boot\spring-boot-starter-jackson\4.0.6\spring-boot-starter-jackson-4.0.6.jar;C:\Users\User\.m2\repository\org\springframework\boot\spring-boot-jackson\4.0.6\spring-boot-jackson-4.0.6.jar;C:\Users\User\.m2\repository\tools\jackson\core\jackson-databind\3.1.2\jackson-databind-3.1.2.jar;C:\Users\User\.m2\repository\com\fasterxml\jackson\core\jackson-annotations\2.21\jackson-annotations-2.21.jar;C:\Users\User\.m2\repository\tools\jackson\core\jackson-core\3.1.2\jackson-core-3.1.2.jar;C:\Users\User\.m2\repository\org\springframework\boot\spring-boot-starter-tomcat\4.0.6\spring-boot-starter-tomcat-4.0.6.jar;C:\Users\User\.m2\repository\org\springframework\boot\spring-boot-starter-tomcat-runtime\4.0.6\spring-boot-starter-tomcat-runtime-4.0.6.jar;C:\Users\User\.m2\repository\org\apache\tomcat\embed\tomcat-embed-core\11.0.21\tomcat-embed-core-11.0.21.jar;C:\Users\User\.m2\repository\org\apache\tomcat\embed\tomcat-embed-el\11.0.21\tomcat-embed-el-11.0.21.jar;C:\Users\User\.m2\repository\org\apache\tomcat\embed\tomcat-embed-websocket\11.0.21\tomcat-embed-websocket-11.0.21.jar;C:\Users\User\.m2\repository\org\springframework\boot\spring-boot-tomcat\4.0.6\spring-boot-tomcat-4.0.6.jar;C:\Users\User\.m2\repository\org\springframework\boot\spring-boot-http-converter\4.0.6\spring-boot-http-converter-4.0.6.jar;C:\Users\User\.m2\repository\org\springframework\spring-web\7.0.7\spring-web-7.0.7.jar;C:\Users\User\.m2\repository\io\micrometer\micrometer-observation\1.16.5\micrometer-observation-1.16.5.jar;C:\Users\User\.m2\repository\io\micrometer\micrometer-commons\1.16.5\micrometer-commons-1.16.5.jar;C:\Users\User\.m2\repository\org\springframework\boot\spring-boot-webmvc\4.0.6\spring-boot-webmvc-4.0.6.jar;C:\Users\User\.m2\repository\org\springframework\boot\spring-boot-servlet\4.0.6\spring-boot-servlet-4.0.6.jar;C:\Users\User\.m2\repository\org\springframework\spring-webmvc\7.0.7\spring-webmvc-7.0.7.jar;C:\Users\User\.m2\repository\org\bytedeco\opencv\4.7.0-1.5.9\opencv-4.7.0-1.5.9.jar;C:\Users\User\.m2\repository\org\bytedeco\openblas\0.3.23-1.5.9\openblas-0.3.23-1.5.9.jar;C:\Users\User\.m2\repository\org\bytedeco\javacpp\1.5.9\javacpp-1.5.9.jar;C:\Users\User\.m2\repository\org\bytedeco\opencv-platform\4.7.0-1.5.9\opencv-platform-4.7.0-1.5.9.jar;C:\Users\User\.m2\repository\org\bytedeco\openblas-platform\0.3.23-1.5.9\openblas-platform-0.3.23-1.5.9.jar;C:\Users\User\.m2\repository\org\bytedeco\javacpp-platform\1.5.9\javacpp-platform-1.5.9.jar;C:\Users\User\.m2\repository\org\bytedeco\javacpp\1.5.9\javacpp-1.5.9-android-arm.jar;C:\Users\User\.m2\repository\org\bytedeco\javacpp\1.5.9\javacpp-1.5.9-android-arm64.jar;C:\Users\User\.m2\repository\org\bytedeco\javacpp\1.5.9\javacpp-1.5.9-android-x86.jar;C:\Users\User\.m2\repository\org\bytedeco\javacpp\1.5.9\javacpp-1.5.9-android-x86_64.jar;C:\Users\User\.m2\repository\org\bytedeco\javacpp\1.5.9\javacpp-1.5.9-ios-arm64.jar;C:\Users\User\.m2\repository\org\bytedeco\javacpp\1.5.9\javacpp-1.5.9-ios-x86_64.jar;C:\Users\User\.m2\repository\org\bytedeco\javacpp\1.5.9\javacpp-1.5.9-linux-armhf.jar;C:\Users\User\.m2\repository\org\bytedeco\javacpp\1.5.9\javacpp-1.5.9-linux-arm64.jar;C:\Users\User\.m2\repository\org\bytedeco\javacpp\1.5.9\javacpp-1.5.9-linux-ppc64le.jar;C:\Users\User\.m2\repository\org\bytedeco\javacpp\1.5.9\javacpp-1.5.9-linux-x86.jar;C:\Users\User\.m2\repository\org\bytedeco\javacpp\1.5.9\javacpp-1.5.9-linux-x86_64.jar;C:\Users\User\.m2\repository\org\bytedeco\javacpp\1.5.9\javacpp-1.5.9-macosx-arm64.jar;C:\Users\User\.m2\repository\org\bytedeco\javacpp\1.5.9\javacpp-1.5.9-macosx-x86_64.jar;C:\Users\User\.m2\repository\org\bytedeco\javacpp\1.5.9\javacpp-1.5.9-windows-x86.jar;C:\Users\User\.m2\repository\org\bytedeco\javacpp\1.5.9\javacpp-1.5.9-windows-x86_64.jar;C:\Users\User\.m2\repository\org\bytedeco\openblas\0.3.23-1.5.9\openblas-0.3.23-1.5.9-android-arm.jar;C:\Users\User\.m2\repository\org\bytedeco\openblas\0.3.23-1.5.9\openblas-0.3.23-1.5.9-android-arm64.jar;C:\Users\User\.m2\repository\org\bytedeco\openblas\0.3.23-1.5.9\openblas-0.3.23-1.5.9-android-x86.jar;C:\Users\User\.m2\repository\org\bytedeco\openblas\0.3.23-1.5.9\openblas-0.3.23-1.5.9-android-x86_64.jar;C:\Users\User\.m2\repository\org\bytedeco\openblas\0.3.23-1.5.9\openblas-0.3.23-1.5.9-ios-arm64.jar;C:\Users\User\.m2\repository\org\bytedeco\openblas\0.3.23-1.5.9\openblas-0.3.23-1.5.9-ios-x86_64.jar;C:\Users\User\.m2\repository\org\bytedeco\openblas\0.3.23-1.5.9\openblas-0.3.23-1.5.9-linux-x86.jar;C:\Users\User\.m2\repository\org\bytedeco\openblas\0.3.23-1.5.9\openblas-0.3.23-1.5.9-linux-x86_64.jar;C:\Users\User\.m2\repository\org\bytedeco\openblas\0.3.23-1.5.9\openblas-0.3.23-1.5.9-linux-armhf.jar;C:\Users\User\.m2\repository\org\bytedeco\openblas\0.3.23-1.5.9\openblas-0.3.23-1.5.9-linux-arm64.jar;C:\Users\User\.m2\repository\org\bytedeco\openblas\0.3.23-1.5.9\openblas-0.3.23-1.5.9-linux-ppc64le.jar;C:\Users\User\.m2\repository\org\bytedeco\openblas\0.3.23-1.5.9\openblas-0.3.23-1.5.9-macosx-arm64.jar;C:\Users\User\.m2\repository\org\bytedeco\openblas\0.3.23-1.5.9\openblas-0.3.23-1.5.9-macosx-x86_64.jar;C:\Users\User\.m2\repository\org\bytedeco\openblas\0.3.23-1.5.9\openblas-0.3.23-1.5.9-windows-x86.jar;C:\Users\User\.m2\repository\org\bytedeco\openblas\0.3.23-1.5.9\openblas-0.3.23-1.5.9-windows-x86_64.jar;C:\Users\User\.m2\repository\org\bytedeco\opencv\4.7.0-1.5.9\opencv-4.7.0-1.5.9-android-arm.jar;C:\Users\User\.m2\repository\org\bytedeco\opencv\4.7.0-1.5.9\opencv-4.7.0-1.5.9-android-arm64.jar;C:\Users\User\.m2\repository\org\bytedeco\opencv\4.7.0-1.5.9\opencv-4.7.0-1.5.9-android-x86.jar;C:\Users\User\.m2\repository\org\bytedeco\opencv\4.7.0-1.5.9\opencv-4.7.0-1.5.9-android-x86_64.jar;C:\Users\User\.m2\repository\org\bytedeco\opencv\4.7.0-1.5.9\opencv-4.7.0-1.5.9-ios-arm64.jar;C:\Users\User\.m2\repository\org\bytedeco\opencv\4.7.0-1.5.9\opencv-4.7.0-1.5.9-ios-x86_64.jar;C:\Users\User\.m2\repository\org\bytedeco\opencv\4.7.0-1.5.9\opencv-4.7.0-1.5.9-linux-x86.jar;C:\Users\User\.m2\repository\org\bytedeco\opencv\4.7.0-1.5.9\opencv-4.7.0-1.5.9-linux-x86_64.jar;C:\Users\User\.m2\repository\org\bytedeco\opencv\4.7.0-1.5.9\opencv-4.7.0-1.5.9-linux-armhf.jar;C:\Users\User\.m2\repository\org\bytedeco\opencv\4.7.0-1.5.9\opencv-4.7.0-1.5.9-linux-arm64.jar;C:\Users\User\.m2\repository\org\bytedeco\opencv\4.7.0-1.5.9\opencv-4.7.0-1.5.9-linux-ppc64le.jar;C:\Users\User\.m2\repository\org\bytedeco\opencv\4.7.0-1.5.9\opencv-4.7.0-1.5.9-macosx-arm64.jar;C:\Users\User\.m2\repository\org\bytedeco\opencv\4.7.0-1.5.9\opencv-4.7.0-1.5.9-macosx-x86_64.jar;C:\Users\User\.m2\repository\org\bytedeco\opencv\4.7.0-1.5.9\opencv-4.7.0-1.5.9-windows-x86.jar;C:\Users\User\.m2\repository\org\bytedeco\opencv\4.7.0-1.5.9\opencv-4.7.0-1.5.9-windows-x86_64.jar;C:\Users\User\.m2\repository\org\junit\jupiter\junit-jupiter-api\6.0.3\junit-jupiter-api-6.0.3.jar;C:\Users\User\.m2\repository\org\opentest4j\opentest4j\1.3.0\opentest4j-1.3.0.jar;C:\Users\User\.m2\repository\org\junit\platform\junit-platform-commons\6.0.3\junit-platform-commons-6.0.3.jar;C:\Users\User\.m2\repository\org\apiguardian\apiguardian-api\1.1.2\apiguardian-api-1.1.2.jar;C:\Users\User\.m2\repository\org\jspecify\jspecify\1.0.0\jspecify-1.0.0.jar;C:\Users\User\.m2\repository\org\springframework\boot\spring-boot-devtools\4.0.6\spring-boot-devtools-4.0.6.jar;C:\Users\User\.m2\repository\org\springframework\boot\spring-boot\4.0.6\spring-boot-4.0.6.jar;C:\Users\User\.m2\repository\org\springframework\spring-context\7.0.7\spring-context-7.0.7.jar;C:\Users\User\.m2\repository\org\springframework\boot\spring-boot-autoconfigure\4.0.6\spring-boot-autoconfigure-4.0.6.jar;C:\Users\User\.m2\repository\org\projectlombok\lombok\1.18.46\lombok-1.18.46.jar;C:\Users\User\.m2\repository\org\slf4j\slf4j-api\2.0.17\slf4j-api-2.0.17.jar;C:\Users\User\.m2\repository\org\springframework\boot\spring-boot-web-server\4.0.6\spring-boot-web-server-4.0.6.jar
Launcher Type: SUN_STANDARD

[Global flags]
     intx CICompilerCount                          = 4                                         {product} {ergonomic}
     uint ConcGCThreads                            = 3                                         {product} {ergonomic}
     uint G1ConcRefinementThreads                  = 10                                        {product} {ergonomic}
   size_t G1HeapRegionSize                         = 2097152                                   {product} {ergonomic}
    uintx GCDrainStackTargetSize                   = 64                                        {product} {ergonomic}
   size_t InitialHeapSize                          = 255852544                                 {product} {ergonomic}
     bool ManagementServer                         = true                                      {product} {command line}
   size_t MarkStackSize                            = 4194304                                   {product} {ergonomic}
   size_t MaxHeapSize                              = 4078960640                                {product} {ergonomic}
   size_t MaxNewSize                               = 2447376384                                {product} {ergonomic}
   size_t MinHeapDeltaBytes                        = 2097152                                   {product} {ergonomic}
   size_t MinHeapSize                              = 8388608                                   {product} {ergonomic}
    uintx NonNMethodCodeHeapSize                   = 4096                                   {pd product} {ergonomic}
    uintx NonProfiledCodeHeapSize                  = 0                                      {pd product} {ergonomic}
     bool ProfileInterpreter                       = false                                  {pd product} {command line}
    uintx ProfiledCodeHeapSize                     = 0                                      {pd product} {ergonomic}
     bool ShowCodeDetailsInExceptionMessages       = true                                   {manageable} {command line}
   size_t SoftMaxHeapSize                          = 4078960640                             {manageable} {ergonomic}
     intx TieredStopAtLevel                        = 1                                         {product} {command line}
     bool UseCompressedOops                        = true                           {product lp64_product} {ergonomic}
     bool UseG1GC                                  = true                                      {product} {ergonomic}
     bool UseLargePagesIndividualAllocation        = false                                  {pd product} {ergonomic}

Logging:
Log output configuration:
 #0: stdout all=warning uptime,level,tags foldmultilines=false
 #1: stderr all=off uptime,level,tags foldmultilines=false

Environment Variables:
PATH=C:/Users/User/Documents/sts/sts-4.31.0.RELEASE//plugins/org.eclipse.justj.openjdk.hotspot.jre.full.win32.x86_64_21.0.7.v20250502-0916/jre/bin/server;C:/Users/User/Documents/sts/sts-4.31.0.RELEASE//plugins/org.eclipse.justj.openjdk.hotspot.jre.full.win32.x86_64_21.0.7.v20250502-0916/jre/bin;C:\oraclexe\app\oracle\product\11.2.0\server\bin;C:\Program Files\Python312\Scripts\;C:\Program Files\Python312\;C:\Program Files\Common Files\Oracle\Java\javapath;C:\Windows\system32;C:\Windows;C:\Windows\System32\Wbem;C:\Windows\System32\WindowsPowerShell\v1.0\;C:\Windows\System32\OpenSSH\;C:\Program Files (x86)\NVIDIA Corporation\PhysX\Common;C:\Program Files\dotnet\;C:\Program Files\nodejs\;C:\Users\User\AppData\Roaming\Python\Python312\Scripts';C:\Dev-Cpp\bin;C:\Program Files\Java\jdk-22\bin;C:\MinGW\bin;C:\Program Files\NVIDIA Corporation\NVIDIA app\NvDLISR;C:\Program Files\Neovim\bin;C:\Program Files\Git\cmd;C:\Program Files (x86)\cloudflared\;C:\WINDOWS\system32;C:\WINDOWS;C:\WINDOWS\System32\Wbem;C:\WINDOWS\System32\WindowsPowerShell\v1.0\;C:\WINDOWS\System32\OpenSSH\;C:\Program Files\Docker\Docker\resources\bin;C:\Program Files\MySQL\MySQL Utilities 1.6\;C:\Program Files\MySQL\MySQL Shell 8.0\bin\;C:\Users\User\.cargo\bin;C:\Users\User\AppData\Local\Microsoft\WindowsApps;C:\Users\User\AppData\Local\Programs\Microsoft VS Code\bin;C:\Users\User\AppData\Roaming\npm;C:\Users\User\AppData\Local\Microsoft\WinGet\Links;C:\Program Files (x86)\Nmap;C:\maven\bin;;C:\Users\User\AppData\Local\Programs\Ollama;C:\Users\User\Documents\sts\sts-4.31.0.RELEASE;
USERNAME=User
OS=Windows_NT
PROCESSOR_IDENTIFIER=AMD64 Family 25 Model 68 Stepping 1, AuthenticAMD
TMP=C:\Users\User\AppData\Local\Temp
TEMP=C:\Users\User\AppData\Local\Temp




Periodic native trim disabled

---------------  S Y S T E M  ---------------

OS:
 Windows 11 , 64 bit Build 26100 (10.0.26100.8246)
OS uptime: 0 days 1:31 hours

CPU: total 12 (initial active 12) (12 cores per cpu, 2 threads per core) family 25 model 68 stepping 1 microcode 0xa404107, cx8, cmov, fxsr, ht, mmx, 3dnowpref, sse, sse2, sse3, ssse3, sse4a, sse4.1, sse4.2, popcnt, lzcnt, tsc, tscinvbit, avx, avx2, aes, erms, clmul, bmi1, bmi2, adx, sha, fma, vzeroupper, clflush, clflushopt, rdtscp, rdpid, fsrm, f16c, pku, cet_ss
Processor Information for processor 0
  Max Mhz: 3301, Current Mhz: 2024, Mhz Limit: 3301
Processor Information for processor 1
  Max Mhz: 3301, Current Mhz: 2024, Mhz Limit: 3301
Processor Information for processor 2
  Max Mhz: 3301, Current Mhz: 2024, Mhz Limit: 3301
Processor Information for processor 3
  Max Mhz: 3301, Current Mhz: 2024, Mhz Limit: 3301
Processor Information for processor 4
  Max Mhz: 3301, Current Mhz: 2024, Mhz Limit: 3301
Processor Information for processor 5
  Max Mhz: 3301, Current Mhz: 3301, Mhz Limit: 3301
Processor Information for processor 6
  Max Mhz: 3301, Current Mhz: 2024, Mhz Limit: 3301
Processor Information for processor 7
  Max Mhz: 3301, Current Mhz: 2024, Mhz Limit: 3301
Processor Information for processor 8
  Max Mhz: 3301, Current Mhz: 2024, Mhz Limit: 3301
Processor Information for processor 9
  Max Mhz: 3301, Current Mhz: 2024, Mhz Limit: 3301
Processor Information for processor 10
  Max Mhz: 3301, Current Mhz: 2024, Mhz Limit: 3301
Processor Information for processor 11
  Max Mhz: 3301, Current Mhz: 2024, Mhz Limit: 3301

Memory: 4k page, system-wide physical 15557M (6325M free)
TotalPageFile size 22157M (AvailPageFile size 6123M)
current process WorkingSet (physical memory assigned to process): 455M, peak: 492M
current process commit charge ("private bytes"): 3317M, peak: 3354M

vm_info: OpenJDK 64-Bit Server VM (21.0.7+6-LTS) for windows-amd64 JRE (21.0.7+6-LTS), built on 2025-04-15T00:00:00Z by "admin" with MS VC++ 17.7 (VS2022)

END.
