#
# A fatal error has been detected by the Java Runtime Environment:
#
#  EXCEPTION_ACCESS_VIOLATION (0xc0000005) at pc=0x00007ffe7c7b56b8, pid=2700, tid=4648
#
# JRE version: OpenJDK Runtime Environment Temurin-21.0.7+6 (21.0.7+6) (build 21.0.7+6-LTS)
# Java VM: OpenJDK 64-Bit Server VM Temurin-21.0.7+6 (21.0.7+6-LTS, mixed mode, emulated-client, sharing, tiered, compressed oops, compressed class ptrs, g1 gc, windows-amd64)
# Problematic frame:
# C  [opencv_core470.dll+0x1356b8]
#
# No core dump will be written. Minidumps are not enabled by default on client versions of Windows
#
# If you would like to submit a bug report, please visit:
#   https://github.com/adoptium/adoptium-support/issues
# The crash happened outside the Java Virtual Machine in native code.
# See problematic frame for where to report the bug.
#

---------------  S U M M A R Y ------------

Command Line: -Dcom.sun.management.jmxremote -Dcom.sun.management.jmxremote.port=12533 -Dcom.sun.management.jmxremote.authenticate=false -Dcom.sun.management.jmxremote.ssl=false -Djava.rmi.server.hostname=localhost -Dspring.jmx.enabled=true -Dmanagement.endpoints.jmx.exposure.include=* -Dspring.application.admin.enabled=true -Dspring.output.ansi.enabled=always -XX:TieredStopAtLevel=1 -Dspring.boot.project.name=face-recognition-service -Dfile.encoding=UTF-8 -Dstdout.encoding=UTF-8 -Dstderr.encoding=UTF-8 -XX:+ShowCodeDetailsInExceptionMessages com.faceauth.recognition.FaceRecognitionServiceApplication

Host: AMD Ryzen 5 7535HS with Radeon Graphics        , 12 cores, 15G,  Windows 11 , 64 bit Build 26100 (10.0.26100.8246)
Time: Mon May 18 13:12:13 2026 India Standard Time elapsed time: 25.639058 seconds (0d 0h 0m 25s)

---------------  T H R E A D  ---------------

Current thread (0x0000022e8b21dcc0):  JavaThread "http-nio-8080-exec-1" daemon [_thread_in_native, id=4648, stack(0x000000e69fb00000,0x000000e69fc00000) (1024K)]

Stack: [0x000000e69fb00000,0x000000e69fc00000],  sp=0x000000e69fbfbf40,  free space=1007k
Native frames: (J=compiled Java code, j=interpreted, Vv=VM code, C=native code)
C  [opencv_core470.dll+0x1356b8]

Java frames: (J=compiled Java code, j=interpreted, Vv=VM code)
j  org.bytedeco.opencv.opencv_face.FaceRecognizer.train(Lorg/bytedeco/opencv/opencv_core/MatVector;Lorg/bytedeco/opencv/opencv_core/Mat;)V+0
j  com.faceauth.recognition.service.FaceRecogService.trainFaceRecognition(ILjava/lang/String;)V+254
j  com.faceauth.recognition.controller.FaceRecogController.faceRecognitionRealTime()V+7
j  java.lang.invoke.LambdaForm$DMH+0x0000022dcc38c400.invokeVirtual(Ljava/lang/Object;Ljava/lang/Object;)V+10 java.base@21.0.7
j  java.lang.invoke.LambdaForm$MH+0x0000022dcc56b000.invoke(Ljava/lang/Object;Ljava/lang/Object;)Ljava/lang/Object;+31 java.base@21.0.7
J 4229 c1 jdk.internal.reflect.DirectMethodHandleAccessor.invoke(Ljava/lang/Object;[Ljava/lang/Object;)Ljava/lang/Object; java.base@21.0.7 (92 bytes) @ 0x0000022dc0a51c1c [0x0000022dc0a518a0+0x000000000000037c]
J 4233 c1 java.lang.reflect.Method.invoke(Ljava/lang/Object;[Ljava/lang/Object;)Ljava/lang/Object; java.base@21.0.7 (108 bytes) @ 0x0000022dc0a4f15c [0x0000022dc0a4ef80+0x00000000000001dc]
j  org.springframework.web.method.support.InvocableHandlerMethod.doInvoke([Ljava/lang/Object;)Ljava/lang/Object;+55
j  org.springframework.web.method.support.InvocableHandlerMethod.invokeForRequest(Lorg/springframework/web/context/request/NativeWebRequest;Lorg/springframework/web/method/support/ModelAndViewContainer;[Ljava/lang/Object;)Ljava/lang/Object;+82
j  org.springframework.web.servlet.mvc.method.annotation.ServletInvocableHandlerMethod.invokeAndHandle(Lorg/springframework/web/context/request/ServletWebRequest;Lorg/springframework/web/method/support/ModelAndViewContainer;[Ljava/lang/Object;)V+4
j  org.springframework.web.servlet.mvc.method.annotation.RequestMappingHandlerAdapter.invokeHandlerMethod(Ljakarta/servlet/http/HttpServletRequest;Ljakarta/servlet/http/HttpServletResponse;Lorg/springframework/web/method/HandlerMethod;)Lorg/springframework/web/servlet/ModelAndView;+300
j  org.springframework.web.servlet.mvc.method.annotation.RequestMappingHandlerAdapter.handleInternal(Ljakarta/servlet/http/HttpServletRequest;Ljakarta/servlet/http/HttpServletResponse;Lorg/springframework/web/method/HandlerMethod;)Lorg/springframework/web/servlet/ModelAndView;+81
j  org.springframework.web.servlet.mvc.method.AbstractHandlerMethodAdapter.handle(Ljakarta/servlet/http/HttpServletRequest;Ljakarta/servlet/http/HttpServletResponse;Ljava/lang/Object;)Lorg/springframework/web/servlet/ModelAndView;+7
j  org.springframework.web.servlet.DispatcherServlet.doDispatch(Ljakarta/servlet/http/HttpServletRequest;Ljakarta/servlet/http/HttpServletResponse;)V+184
j  org.springframework.web.servlet.DispatcherServlet.doService(Ljakarta/servlet/http/HttpServletRequest;Ljakarta/servlet/http/HttpServletResponse;)V+216
j  org.springframework.web.servlet.FrameworkServlet.processRequest(Ljakarta/servlet/http/HttpServletRequest;Ljakarta/servlet/http/HttpServletResponse;)V+70
j  org.springframework.web.servlet.FrameworkServlet.doGet(Ljakarta/servlet/http/HttpServletRequest;Ljakarta/servlet/http/HttpServletResponse;)V+3
j  jakarta.servlet.http.HttpServlet.service(Ljakarta/servlet/http/HttpServletRequest;Ljakarta/servlet/http/HttpServletResponse;)V+287
j  org.springframework.web.servlet.FrameworkServlet.service(Ljakarta/servlet/http/HttpServletRequest;Ljakarta/servlet/http/HttpServletResponse;)V+20
j  jakarta.servlet.http.HttpServlet.service(Ljakarta/servlet/ServletRequest;Ljakarta/servlet/ServletResponse;)V+37
j  org.apache.catalina.core.ApplicationFilterChain.doFilter(Ljakarta/servlet/ServletRequest;Ljakarta/servlet/ServletResponse;)V+162
j  org.apache.tomcat.websocket.server.WsFilter.doFilter(Ljakarta/servlet/ServletRequest;Ljakarta/servlet/ServletResponse;Ljakarta/servlet/FilterChain;)V+21
j  org.apache.catalina.core.ApplicationFilterChain.doFilter(Ljakarta/servlet/ServletRequest;Ljakarta/servlet/ServletResponse;)V+69
j  org.springframework.web.filter.CompositeFilter$VirtualFilterChain.doFilter(Ljakarta/servlet/ServletRequest;Ljakarta/servlet/ServletResponse;)V+22
j  org.springframework.security.web.FilterChainProxy.lambda$doFilterInternal$3(Lorg/springframework/security/web/firewall/FirewalledRequest;Ljakarta/servlet/FilterChain;Ljakarta/servlet/ServletRequest;Ljakarta/servlet/ServletResponse;)V+35
j  org.springframework.security.web.FilterChainProxy$$Lambda+0x0000022dcc587768.doFilter(Ljakarta/servlet/ServletRequest;Ljakarta/servlet/ServletResponse;)V+10
j  org.springframework.security.web.FilterChainProxy$VirtualFilterChain.doFilter(Ljakarta/servlet/ServletRequest;Ljakarta/servlet/ServletResponse;)V+17
j  org.springframework.security.web.access.ExceptionTranslationFilter.doFilter(Ljakarta/servlet/http/HttpServletRequest;Ljakarta/servlet/http/HttpServletResponse;Ljakarta/servlet/FilterChain;)V+3
j  org.springframework.security.web.access.ExceptionTranslationFilter.doFilter(Ljakarta/servlet/ServletRequest;Ljakarta/servlet/ServletResponse;Ljakarta/servlet/FilterChain;)V+10
j  org.springframework.security.web.FilterChainProxy$VirtualFilterChain.doFilter(Ljakarta/servlet/ServletRequest;Ljakarta/servlet/ServletResponse;)V+105
j  org.springframework.security.web.authentication.AnonymousAuthenticationFilter.doFilter(Ljakarta/servlet/ServletRequest;Ljakarta/servlet/ServletResponse;Ljakarta/servlet/FilterChain;)V+33
j  org.springframework.security.web.FilterChainProxy$VirtualFilterChain.doFilter(Ljakarta/servlet/ServletRequest;Ljakarta/servlet/ServletResponse;)V+105
j  org.springframework.security.web.servletapi.SecurityContextHolderAwareRequestFilter.doFilter(Ljakarta/servlet/ServletRequest;Ljakarta/servlet/ServletResponse;Ljakarta/servlet/FilterChain;)V+19
j  org.springframework.security.web.FilterChainProxy$VirtualFilterChain.doFilter(Ljakarta/servlet/ServletRequest;Ljakarta/servlet/ServletResponse;)V+105
j  org.springframework.security.web.savedrequest.RequestCacheAwareFilter.doFilter(Ljakarta/servlet/ServletRequest;Ljakarta/servlet/ServletResponse;Ljakarta/servlet/FilterChain;)V+32
j  org.springframework.security.web.FilterChainProxy$VirtualFilterChain.doFilter(Ljakarta/servlet/ServletRequest;Ljakarta/servlet/ServletResponse;)V+105
j  org.springframework.security.web.authentication.www.BasicAuthenticationFilter.doFilterInternal(Ljakarta/servlet/http/HttpServletRequest;Ljakarta/servlet/http/HttpServletResponse;Ljakarta/servlet/FilterChain;)V+31
j  org.springframework.web.filter.OncePerRequestFilter.doFilter(Ljakarta/servlet/ServletRequest;Ljakarta/servlet/ServletResponse;Ljakarta/servlet/FilterChain;)V+150
j  org.springframework.security.web.FilterChainProxy$VirtualFilterChain.doFilter(Ljakarta/servlet/ServletRequest;Ljakarta/servlet/ServletResponse;)V+105
j  org.springframework.security.web.authentication.logout.LogoutFilter.doFilter(Ljakarta/servlet/http/HttpServletRequest;Ljakarta/servlet/http/HttpServletResponse;Ljakarta/servlet/FilterChain;)V+83
j  org.springframework.security.web.authentication.logout.LogoutFilter.doFilter(Ljakarta/servlet/ServletRequest;Ljakarta/servlet/ServletResponse;Ljakarta/servlet/FilterChain;)V+10
j  org.springframework.security.web.FilterChainProxy$VirtualFilterChain.doFilter(Ljakarta/servlet/ServletRequest;Ljakarta/servlet/ServletResponse;)V+105
j  org.springframework.security.web.csrf.CsrfFilter.doFilterInternal(Ljakarta/servlet/http/HttpServletRequest;Ljakarta/servlet/http/HttpServletResponse;Ljakarta/servlet/FilterChain;)V+88
j  org.springframework.web.filter.OncePerRequestFilter.doFilter(Ljakarta/servlet/ServletRequest;Ljakarta/servlet/ServletResponse;Ljakarta/servlet/FilterChain;)V+150
j  org.springframework.security.web.FilterChainProxy$VirtualFilterChain.doFilter(Ljakarta/servlet/ServletRequest;Ljakarta/servlet/ServletResponse;)V+105
j  org.springframework.security.web.header.HeaderWriterFilter.doHeadersAfter(Ljakarta/servlet/http/HttpServletRequest;Ljakarta/servlet/http/HttpServletResponse;Ljakarta/servlet/FilterChain;)V+29
j  org.springframework.security.web.header.HeaderWriterFilter.doFilterInternal(Ljakarta/servlet/http/HttpServletRequest;Ljakarta/servlet/http/HttpServletResponse;Ljakarta/servlet/FilterChain;)V+21
j  org.springframework.web.filter.OncePerRequestFilter.doFilter(Ljakarta/servlet/ServletRequest;Ljakarta/servlet/ServletResponse;Ljakarta/servlet/FilterChain;)V+150
j  org.springframework.security.web.FilterChainProxy$VirtualFilterChain.doFilter(Ljakarta/servlet/ServletRequest;Ljakarta/servlet/ServletResponse;)V+105
j  org.springframework.security.web.context.SecurityContextHolderFilter.doFilter(Ljakarta/servlet/http/HttpServletRequest;Ljakarta/servlet/http/HttpServletResponse;Ljakarta/servlet/FilterChain;)V+59
j  org.springframework.security.web.context.SecurityContextHolderFilter.doFilter(Ljakarta/servlet/ServletRequest;Ljakarta/servlet/ServletResponse;Ljakarta/servlet/FilterChain;)V+10
j  org.springframework.security.web.FilterChainProxy$VirtualFilterChain.doFilter(Ljakarta/servlet/ServletRequest;Ljakarta/servlet/ServletResponse;)V+105
j  org.springframework.security.web.context.request.async.WebAsyncManagerIntegrationFilter.doFilterInternal(Ljakarta/servlet/http/HttpServletRequest;Ljakarta/servlet/http/HttpServletResponse;Ljakarta/servlet/FilterChain;)V+55
j  org.springframework.web.filter.OncePerRequestFilter.doFilter(Ljakarta/servlet/ServletRequest;Ljakarta/servlet/ServletResponse;Ljakarta/servlet/FilterChain;)V+150
j  org.springframework.security.web.FilterChainProxy$VirtualFilterChain.doFilter(Ljakarta/servlet/ServletRequest;Ljakarta/servlet/ServletResponse;)V+105
j  org.springframework.security.web.session.DisableEncodeUrlFilter.doFilterInternal(Ljakarta/servlet/http/HttpServletRequest;Ljakarta/servlet/http/HttpServletResponse;Ljakarta/servlet/FilterChain;)V+10
j  org.springframework.web.filter.OncePerRequestFilter.doFilter(Ljakarta/servlet/ServletRequest;Ljakarta/servlet/ServletResponse;Ljakarta/servlet/FilterChain;)V+150
j  org.springframework.security.web.FilterChainProxy$VirtualFilterChain.doFilter(Ljakarta/servlet/ServletRequest;Ljakarta/servlet/ServletResponse;)V+105
j  org.springframework.security.web.FilterChainProxy.doFilterInternal(Ljakarta/servlet/ServletRequest;Ljakarta/servlet/ServletResponse;Ljakarta/servlet/FilterChain;)V+163
j  org.springframework.security.web.FilterChainProxy.doFilter(Ljakarta/servlet/ServletRequest;Ljakarta/servlet/ServletResponse;Ljakarta/servlet/FilterChain;)V+48
j  org.springframework.web.filter.CompositeFilter$VirtualFilterChain.doFilter(Ljakarta/servlet/ServletRequest;Ljakarta/servlet/ServletResponse;)V+63
j  org.springframework.web.filter.ServletRequestPathFilter.doFilter(Ljakarta/servlet/ServletRequest;Ljakarta/servlet/ServletResponse;Ljakarta/servlet/FilterChain;)V+25
j  org.springframework.web.filter.CompositeFilter$VirtualFilterChain.doFilter(Ljakarta/servlet/ServletRequest;Ljakarta/servlet/ServletResponse;)V+63
j  org.springframework.web.filter.CompositeFilter.doFilter(Ljakarta/servlet/ServletRequest;Ljakarta/servlet/ServletResponse;Ljakarta/servlet/FilterChain;)V+14
j  org.springframework.security.config.annotation.web.configuration.WebSecurityConfiguration$CompositeFilterChainProxy.doFilter(Ljakarta/servlet/ServletRequest;Ljakarta/servlet/ServletResponse;Ljakarta/servlet/FilterChain;)V+7
j  org.springframework.web.filter.DelegatingFilterProxy.invokeDelegate(Ljakarta/servlet/Filter;Ljakarta/servlet/ServletRequest;Ljakarta/servlet/ServletResponse;Ljakarta/servlet/FilterChain;)V+5
j  org.springframework.web.filter.DelegatingFilterProxy.doFilter(Ljakarta/servlet/ServletRequest;Ljakarta/servlet/ServletResponse;Ljakarta/servlet/FilterChain;)V+98
j  org.apache.catalina.core.ApplicationFilterChain.doFilter(Ljakarta/servlet/ServletRequest;Ljakarta/servlet/ServletResponse;)V+69
j  org.springframework.web.filter.RequestContextFilter.doFilterInternal(Ljakarta/servlet/http/HttpServletRequest;Ljakarta/servlet/http/HttpServletResponse;Ljakarta/servlet/FilterChain;)V+21
j  org.springframework.web.filter.OncePerRequestFilter.doFilter(Ljakarta/servlet/ServletRequest;Ljakarta/servlet/ServletResponse;Ljakarta/servlet/FilterChain;)V+150
j  org.apache.catalina.core.ApplicationFilterChain.doFilter(Ljakarta/servlet/ServletRequest;Ljakarta/servlet/ServletResponse;)V+69
j  org.springframework.web.filter.FormContentFilter.doFilterInternal(Ljakarta/servlet/http/HttpServletRequest;Ljakarta/servlet/http/HttpServletResponse;Ljakarta/servlet/FilterChain;)V+38
j  org.springframework.web.filter.OncePerRequestFilter.doFilter(Ljakarta/servlet/ServletRequest;Ljakarta/servlet/ServletResponse;Ljakarta/servlet/FilterChain;)V+150
j  org.apache.catalina.core.ApplicationFilterChain.doFilter(Ljakarta/servlet/ServletRequest;Ljakarta/servlet/ServletResponse;)V+69
j  org.springframework.web.filter.CharacterEncodingFilter.doFilterInternal(Ljakarta/servlet/http/HttpServletRequest;Ljakarta/servlet/http/HttpServletResponse;Ljakarta/servlet/FilterChain;)V+53
j  org.springframework.web.filter.OncePerRequestFilter.doFilter(Ljakarta/servlet/ServletRequest;Ljakarta/servlet/ServletResponse;Ljakarta/servlet/FilterChain;)V+150
j  org.apache.catalina.core.ApplicationFilterChain.doFilter(Ljakarta/servlet/ServletRequest;Ljakarta/servlet/ServletResponse;)V+69
j  org.apache.catalina.core.StandardWrapperValve.invoke(Lorg/apache/catalina/connector/Request;Lorg/apache/catalina/connector/Response;)V+510
j  org.apache.catalina.core.StandardContextValve.invoke(Lorg/apache/catalina/connector/Request;Lorg/apache/catalina/connector/Response;)V+124
j  org.apache.catalina.authenticator.AuthenticatorBase.invoke(Lorg/apache/catalina/connector/Request;Lorg/apache/catalina/connector/Response;)V+221
j  org.apache.catalina.core.StandardHostValve.invoke(Lorg/apache/catalina/connector/Request;Lorg/apache/catalina/connector/Response;)V+125
j  org.apache.catalina.valves.ErrorReportValve.invoke(Lorg/apache/catalina/connector/Request;Lorg/apache/catalina/connector/Response;)V+6
j  org.apache.catalina.core.StandardEngineValve.invoke(Lorg/apache/catalina/connector/Request;Lorg/apache/catalina/connector/Response;)V+59
j  org.apache.catalina.connector.CoyoteAdapter.service(Lorg/apache/coyote/Request;Lorg/apache/coyote/Response;)V+179
j  org.apache.coyote.http11.Http11Processor.service(Lorg/apache/tomcat/util/net/SocketWrapperBase;)Lorg/apache/tomcat/util/net/AbstractEndpoint$Handler$SocketState;+796
j  org.apache.coyote.AbstractProcessorLight.process(Lorg/apache/tomcat/util/net/SocketWrapperBase;Lorg/apache/tomcat/util/net/SocketEvent;)Lorg/apache/tomcat/util/net/AbstractEndpoint$Handler$SocketState;+155
j  org.apache.coyote.AbstractProtocol$ConnectionHandler.process(Lorg/apache/tomcat/util/net/SocketWrapperBase;Lorg/apache/tomcat/util/net/SocketEvent;)Lorg/apache/tomcat/util/net/AbstractEndpoint$Handler$SocketState;+477
j  org.apache.tomcat.util.net.NioEndpoint$SocketProcessor.doRun()V+222
j  org.apache.tomcat.util.net.SocketProcessorBase.run()V+32
j  org.apache.tomcat.util.threads.ThreadPoolExecutor.runWorker(Lorg/apache/tomcat/util/threads/ThreadPoolExecutor$Worker;)V+92
j  org.apache.tomcat.util.threads.ThreadPoolExecutor$Worker.run()V+5
j  org.apache.tomcat.util.threads.TaskThread$WrappingRunnable.run()V+4
j  java.lang.Thread.runWith(Ljava/lang/Object;Ljava/lang/Runnable;)V+5 java.base@21.0.7
j  java.lang.Thread.run()V+19 java.base@21.0.7
v  ~StubRoutines::call_stub 0x0000022dbff7100d

siginfo: EXCEPTION_ACCESS_VIOLATION (0xc0000005), reading address 0x0000000000000000


Registers:
RAX=0x0000000000000000, RBX=0x000000e69fbfc090, RCX=0x000000e69fbfc0e0, RDX=0x0000022e1027d530
RSP=0x000000e69fbfbf40, RBP=0x000000e69fbfc0c0, RSI=0x0000022e1027d530, RDI=0x0000000000000000
R8 =0x00000000ffffffff, R9 =0x0000022e8bb30320, R10=0x00007ffe1bd33c40, R11=0x000000000000002a
R12=0x0000000000000000, R13=0x0000022e0cd0f5b0, R14=0x000000e69fbfc1d8, R15=0x0000000000000000
RIP=0x00007ffe7c7b56b8, EFLAGS=0x0000000000010293

XMM[0]=0x0000000000000000 0x0000000000000000
XMM[1]=0x000a002e00390033 0x0031003000300030
XMM[2]=0x004c004c00440020 0x0072006f00660020
XMM[3]=0x0077006f006e006b 0x006e005500220020
XMM[4]=0x0065006c00690061 0x006600200022006e
XMM[5]=0x706f5f76636e6570 0x6f5f6f6365646574
XMM[6]=0x0000000000000000 0x0000000000000000
XMM[7]=0x0000000000000000 0x0000000000000000
XMM[8]=0x0000000000000000 0x0000000000000000
XMM[9]=0x0000000000000000 0x0000000000000000
XMM[10]=0x0000000000000000 0x0000000000000000
XMM[11]=0x0000000000000000 0x0000000000000000
XMM[12]=0x0000000000000000 0x0000000000000000
XMM[13]=0x0000000000000000 0x0000000000000000
XMM[14]=0x0000000000000000 0x0000000000000000
XMM[15]=0x0000000000000000 0x0000000000000000
  MXCSR=0x00001f80


Register to memory mapping:

RAX=0x0 is null
RBX=0x000000e69fbfc090 is pointing into the stack for thread: 0x0000022e8b21dcc0
RCX=0x000000e69fbfc0e0 is pointing into the stack for thread: 0x0000022e8b21dcc0
RDX=0x0000022e1027d530 points into unknown readable memory: 0x0000000000000000 | 00 00 00 00 00 00 00 00
RSP=0x000000e69fbfbf40 is pointing into the stack for thread: 0x0000022e8b21dcc0
RBP=0x000000e69fbfc0c0 is pointing into the stack for thread: 0x0000022e8b21dcc0
RSI=0x0000022e1027d530 points into unknown readable memory: 0x0000000000000000 | 00 00 00 00 00 00 00 00
RDI=0x0 is null
R8 =0x00000000ffffffff is an unknown value
R9 =0x0000022e8bb30320 points into unknown readable memory: 0x0000000242ff4000 | 00 40 ff 42 02 00 00 00
R10=0x00007ffe1bd33c40 jvm.dll
R11=0x000000000000002a is an unknown value
R12=0x0 is null
R13=0x0000022e0cd0f5b0 is pointing into metadata
R14=0x000000e69fbfc1d8 is pointing into the stack for thread: 0x0000022e8b21dcc0
R15=0x0 is null

Top of Stack: (sp=0x000000e69fbfbf40)
0x000000e69fbfbf40:   000000000000199c 00007ffe7c811da6
0x000000e69fbfbf50:   00000000000003d8 000000e69fbfc1e0
0x000000e69fbfbf60:   0000022e0cd0f5b8 0000000000000030
0x000000e69fbfbf70:   000000e69fbfc1d8 00007ffe1f54ddb1
0x000000e69fbfbf80:   000000e69fbfc090 00000000ffffffff
0x000000e69fbfbf90:   0000000000000000 0000000000000000
0x000000e69fbfbfa0:   0000000000000000 0000c46b71e867e2
0x000000e69fbfbfb0:   000000e69fbfc1f0 00007ffe1f5b2542
0x000000e69fbfbfc0:   0000022e8b21e078 000000e69fbfc090
0x000000e69fbfbfd0:   0000022e8a9e9310 636e65706f5f6f63
0x000000e69fbfbfe0:   76636e65706f5f76 465f65636166315f
0x000000e69fbfbff0:   676f636552656361 000000e69fbfc300
0x000000e69fbfc000:   00007ffe1ba61a88 0000005600000000
0x000000e69fbfc010:   0000000000000000 0000000000000000
0x000000e69fbfc020:   0000000000000000 0000000000000000
0x000000e69fbfc030:   0000022e11018ac0 0000000000000056
0x000000e69fbfc040:   0000000000000060 5f67726f4c5f5f00
0x000000e69fbfc050:   6f63656465747962 5f76636e65706f5f
0x000000e69fbfc060:   315f76636e65706f 74614d5f65726f63
0x000000e69fbfc070:   325f726f74636556 0000000000000000
0x000000e69fbfc080:   00001c0cd156ed4d 00007ffe1b6fcf7c
0x000000e69fbfc090:   0000000000000000 0000000000000000
0x000000e69fbfc0a0:   0000000000000000 0000000000000000
0x000000e69fbfc0b0:   0000000000000000 0000000000000000
0x000000e69fbfc0c0:   0000000000000000 0000000000000000
0x000000e69fbfc0d0:   000000e69fbfc098 000000e69fbfc0e0
0x000000e69fbfc0e0:   0000000000000000 0000000000000000
0x000000e69fbfc0f0:   0000022dcacd67a0 00007ffe1b6f2cac
0x000000e69fbfc100:   0000022e10371c38 0000022dcac12a80
0x000000e69fbfc110:   0000022e0e6d92c8 0000022dcac12a80
0x000000e69fbfc120:   0000000000000001 000000e69fbfc2e0
0x000000e69fbfc130:   000000e69fbfc1f0 00007ffe1b6f0f6c 

Instructions: (pc=0x00007ffe7c7b56b8)
0x00007ffe7c7b55b8:   89 52 20 4c 89 52 28 4c 89 52 30 4c 89 52 38 49
0x00007ffe7c7b55c8:   8b c0 48 8b 4c 24 50 48 33 cc e8 e9 42 20 00 48
0x00007ffe7c7b55d8:   83 c4 68 c3 48 8d 15 3d ff 25 00 48 8d 4c 24 30
0x00007ffe7c7b55e8:   e8 c3 e0 ec ff 90 c7 44 24 20 62 02 00 00 4c 8d
0x00007ffe7c7b55f8:   0d a3 fa 25 00 4c 8d 05 ec fd 25 00 48 8d 54 24
0x00007ffe7c7b5608:   30 b9 29 ff ff ff e8 fd eb 12 00 cc cc cc cc cc
0x00007ffe7c7b5618:   cc cc cc cc cc cc cc cc 48 89 5c 24 08 48 89 74
0x00007ffe7c7b5628:   24 10 57 48 83 ec 30 8b 02 48 8b d9 89 01 33 ff
0x00007ffe7c7b5638:   8b 42 04 48 8b f2 89 41 04 48 83 c1 08 8b 42 08
0x00007ffe7c7b5648:   89 01 8b 42 0c 89 43 0c 48 8b 42 10 48 89 43 10
0x00007ffe7c7b5658:   48 8b 42 18 48 89 43 18 48 8b 42 20 48 89 43 20
0x00007ffe7c7b5668:   48 8b 42 28 48 89 43 28 48 8b 42 30 48 89 43 30
0x00007ffe7c7b5678:   48 8b 42 38 48 89 43 38 48 8d 43 50 48 89 43 48
0x00007ffe7c7b5688:   48 89 4b 40 48 89 38 48 8b 43 48 48 89 78 08 48
0x00007ffe7c7b5698:   8b 4b 38 48 85 c9 74 0a b8 01 00 00 00 f0 0f c1
0x00007ffe7c7b56a8:   41 14 83 7a 04 02 7f 31 48 8b 42 48 48 8b 4b 48
0x00007ffe7c7b56b8:   48 8b 00 48 89 01 48 8b 42 48 48 8b 4b 48 48 8b
0x00007ffe7c7b56c8:   40 08 48 89 41 08 48 8b c3 48 8b 5c 24 40 48 8b
0x00007ffe7c7b56d8:   74 24 48 48 83 c4 30 5f c3 89 7b 04 45 33 c9 8b
0x00007ffe7c7b56e8:   52 04 45 33 c0 48 8b cb 40 88 7c 24 20 e8 f6 5a
0x00007ffe7c7b56f8:   00 00 39 7b 04 7e 44 48 8b d7 4c 8b c7 66 66 66
0x00007ffe7c7b5708:   0f 1f 84 00 00 00 00 00 48 8b 46 40 4d 8d 40 04
0x00007ffe7c7b5718:   48 8b 4b 40 48 8d 52 08 ff c7 41 8b 44 00 fc 41
0x00007ffe7c7b5728:   89 44 08 fc 48 8b 46 48 48 8b 4b 48 48 8b 44 02
0x00007ffe7c7b5738:   f8 48 89 44 0a f8 3b 7b 04 7c cd 48 8b 74 24 48
0x00007ffe7c7b5748:   48 8b c3 48 8b 5c 24 40 48 83 c4 30 5f c3 cc cc
0x00007ffe7c7b5758:   cc cc cc cc cc cc cc cc 48 89 5c 24 10 48 89 6c
0x00007ffe7c7b5768:   24 18 48 89 74 24 20 57 48 83 ec 60 48 8b 05 7d
0x00007ffe7c7b5778:   90 34 00 48 33 c4 48 89 44 24 50 4c 8b d2 48 8b
0x00007ffe7c7b5788:   d9 8b 02 89 01 c7 41 04 02 00 00 00 48 8d 79 08
0x00007ffe7c7b5798:   41 8b 40 0c 89 07 41 8b 40 08 89 41 0c 49 63 48
0x00007ffe7c7b57a8:   04 48 8b 42 48 48 0f af 08 48 03 4a 10 48 89 4b 


Stack slot to memory mapping:

stack at sp + 0 slots: 0x000000000000199c is an unknown value
stack at sp + 1 slots: 0x00007ffe7c811da6 opencv_core470.dll
stack at sp + 2 slots: 0x00000000000003d8 is an unknown value
stack at sp + 3 slots: 0x000000e69fbfc1e0 is pointing into the stack for thread: 0x0000022e8b21dcc0
stack at sp + 4 slots: {method} {0x0000022e0cd0f5c0} 'train' '(Lorg/bytedeco/opencv/opencv_core/MatVector;Lorg/bytedeco/opencv/opencv_core/Mat;)V' in 'org/bytedeco/opencv/opencv_face/FaceRecognizer'
stack at sp + 5 slots: 0x0000000000000030 is an unknown value
stack at sp + 6 slots: 0x000000e69fbfc1d8 is pointing into the stack for thread: 0x0000022e8b21dcc0
stack at sp + 7 slots: 0x00007ffe1f54ddb1 points into unknown readable memory: eb 0f 44 8b c6 48 8b


Compiled method (c1) 25783 4229   !   1       jdk.internal.reflect.DirectMethodHandleAccessor::invoke (92 bytes)
 total in heap  [0x0000022dc0a51510,0x0000022dc0a53410] = 7936
 relocation     [0x0000022dc0a51670,0x0000022dc0a51888] = 536
 main code      [0x0000022dc0a518a0,0x0000022dc0a52390] = 2800
 stub code      [0x0000022dc0a52390,0x0000022dc0a524a0] = 272
 oops           [0x0000022dc0a524a0,0x0000022dc0a524b0] = 16
 metadata       [0x0000022dc0a524b0,0x0000022dc0a52518] = 104
 scopes data    [0x0000022dc0a52518,0x0000022dc0a52858] = 832
 scopes pcs     [0x0000022dc0a52858,0x0000022dc0a52c38] = 992
 dependencies   [0x0000022dc0a52c38,0x0000022dc0a52c40] = 8
 handler table  [0x0000022dc0a52c40,0x0000022dc0a53360] = 1824
 nul chk table  [0x0000022dc0a53360,0x0000022dc0a53410] = 176

[Constant Pool (empty)]

[MachCode]
[Entry Point]
  # {method} {0x0000022dcb19def0} 'invoke' '(Ljava/lang/Object;[Ljava/lang/Object;)Ljava/lang/Object;' in 'jdk/internal/reflect/DirectMethodHandleAccessor'
  # this:     rdx:rdx   = 'jdk/internal/reflect/DirectMethodHandleAccessor'
  # parm0:    r8:r8     = 'java/lang/Object'
  # parm1:    r9:r9     = '[Ljava/lang/Object;'
  #           [sp+0x180]  (sp of caller)
  0x0000022dc0a518a0: 448b 5208 | 49bb 0000 | 00cb 2d02 | 0000 4d03 | d34c 3bd0 

  0x0000022dc0a518b4: ;   {runtime_call ic_miss_stub}
  0x0000022dc0a518b4: 0f85 c6ce | 56ff 660f | 1f44 0000 
[Verified Entry Point]
  0x0000022dc0a518c0: 8984 2400 | 80ff ff55 | 4881 ec70 | 0100 0090 | 4181 7f20 | 0500 0000 

  0x0000022dc0a518d8: ;   {runtime_call StubRoutines (final stubs)}
  0x0000022dc0a518d8: 7405 e881 | 3455 ff48 | 8994 24b0 | 0000 004c | 8984 24c0 | 0000 004c | 898c 24b8 | 0000 008b 
  0x0000022dc0a518f8: 7210 81e6 | 0002 0000 | 81fe 0002 | 0000 be00 | 0000 0075 | 05be 0100 | 0000 83e6 | 0185 f60f 
  0x0000022dc0a51918: 8547 0000 | 008b 7214 | 48c1 e603 

  0x0000022dc0a51924: ; implicit exception: dispatches to 0x0000022dc0a52221
  0x0000022dc0a51924: 418b 7808 | 49ba 0000 | 00cb 2d02 | 0000 4903 | fa48 8b7f | 7048 8b3f 

  0x0000022dc0a5193c: ; implicit exception: dispatches to 0x0000022dc0a52226
  0x0000022dc0a5193c: 483b 064c | 8bc7 488b 

  0x0000022dc0a51944: ;   {optimized virtual_call}
  0x0000022dc0a51944: d666 90e8 

  0x0000022dc0a51948: ; ImmutableOopMap {[176]=Oop [184]=Oop [192]=Oop }
                      ;*invokevirtual isAssignableFrom {reexecute=0 rethrow=0 return_oop=0}
                      ; - jdk.internal.reflect.DirectMethodHandleAccessor::checkReceiver@8 (line 196)
                      ; - jdk.internal.reflect.DirectMethodHandleAccessor::invoke@9 (line 99)
  0x0000022dc0a51948: f48d 7eff 

  0x0000022dc0a5194c: ;   {other}
  0x0000022dc0a5194c: 0f1f 8400 | 3c04 0000 | 85c0 0f84 | 9d07 0000 | 488b 9424 | b000 0000 | 448b 420c | 498b d04c 
  0x0000022dc0a5196c: 8b84 24b8 | 0000 000f 

  0x0000022dc0a51974: ;   {static_call}
  0x0000022dc0a51974: 1f40 00e8 

  0x0000022dc0a51978: ; ImmutableOopMap {[176]=Oop [184]=Oop [192]=Oop }
                      ;*invokestatic checkArgumentCount {reexecute=0 rethrow=0 return_oop=0}
                      ; - jdk.internal.reflect.DirectMethodHandleAccessor::invoke@17 (line 101)
  0x0000022dc0a51978: a4ce ffff 

  0x0000022dc0a5197c: ;   {other}
  0x0000022dc0a5197c: 0f1f 8400 | 6c04 0001 | 488b 9424 | b000 0000 | 8b72 0c85 | f60f 841a | 0200 0083 | fe01 0f84 
  0x0000022dc0a5199c: 9901 0000 | 83fe 020f | 8400 0100 | 0083 fe03 | 0f84 5700 | 0000 8b72 | 1848 c1e6 | 0348 89b4 
  0x0000022dc0a519bc: 24c8 0000 | 008b 7e10 | 48c1 e703 

  0x0000022dc0a519c8: ;   {oop(a 'java/lang/invoke/MethodType'{0x000000070dd147c8} = (Ljava/lang/Object;[Ljava/lang/Object;)Ljava/lang/Object;)}
  0x0000022dc0a519c8: 48bb c847 | d10d 0700 | 0000 483b | fb0f 8534 | 0400 008b | 7e14 48c1 | e703 8b7f | 1c48 c1e7 
  0x0000022dc0a519e8: 0348 85ff | 0f85 2003 | 0000 488b 

  0x0000022dc0a519f4: ;   {static_call}
  0x0000022dc0a519f4: d666 90e8 

  0x0000022dc0a519f8: ; ImmutableOopMap {[176]=Oop [184]=Oop [192]=Oop [200]=Oop }
                      ;*invokestatic maybeCustomize {reexecute=0 rethrow=0 return_oop=0}
                      ; - java.lang.invoke.Invokers::checkCustomized@19 (line 627)
                      ; - java.lang.invoke.Invokers$Holder::invokeExact_MT@14
                      ; - jdk.internal.reflect.DirectMethodHandleAccessor::invokeImpl@104 (line 157)
                      ; - jdk.internal.reflect.DirectMethodHandleAccessor::invoke@23 (line 103)
  0x0000022dc0a519f8: c4cc 86ff 

  0x0000022dc0a519fc: ;   {other}
  0x0000022dc0a519fc: 0f1f 8400 | ec04 0002 | e909 0300 | 004c 8b8c | 24b8 0000 | 008b 7218 | 48c1 e603 | 4889 b424 
  0x0000022dc0a51a1c: e800 0000 

  0x0000022dc0a51a20: ; implicit exception: dispatches to 0x0000022dc0a52235
  0x0000022dc0a51a20: 418b 790c | bb02 0000 | 003b df0f | 8d09 0800 | 0041 8b79 | 1048 c1e7 | 0348 89bc | 24d0 0000 
  0x0000022dc0a51a40: 0041 8b59 | 1448 c1e3 | 0348 899c | 24d8 0000 | 0041 8b41 | 1848 c1e0 | 0348 8984 | 24e0 0000 
  0x0000022dc0a51a60: 008b 4e10 | 48c1 e103 

  0x0000022dc0a51a68: ;   {oop(a 'java/lang/invoke/MethodType'{0x000000070d143238} = (Ljava/lang/Object;Ljava/lang/Object;Ljava/lang/Object;Ljava/lang/Object;)Ljava/lang/Object;)}
  0x0000022dc0a51a68: 49b8 3832 | 140d 0700 | 0000 493b | c80f 8564 | 0300 008b | 4e14 48c1 | e103 8b49 | 1c48 c1e1 
  0x0000022dc0a51a88: 0348 85c9 | 0f85 3002 | 0000 488b 

  0x0000022dc0a51a94: ;   {static_call}
  0x0000022dc0a51a94: d666 90e8 

  0x0000022dc0a51a98: ; ImmutableOopMap {[176]=Oop [192]=Oop [208]=Oop [216]=Oop [224]=Oop [232]=Oop }
                      ;*invokestatic maybeCustomize {reexecute=0 rethrow=0 return_oop=0}
                      ; - java.lang.invoke.Invokers::checkCustomized@19 (line 627)
                      ; - java.lang.invoke.LambdaForm$MH/0x0000022dcc0d2000::invokeExact_MT@15
                      ; - jdk.internal.reflect.DirectMethodHandleAccessor::invokeImpl@92 (line 156)
                      ; - jdk.internal.reflect.DirectMethodHandleAccessor::invoke@23 (line 103)
  0x0000022dc0a51a98: 24cc 86ff 

  0x0000022dc0a51a9c: ;   {other}
  0x0000022dc0a51a9c: 0f1f 8400 | 8c05 0003 | e919 0200 | 004c 8b8c | 24b8 0000 | 008b 7218 | 48c1 e603 | 4889 b424 
  0x0000022dc0a51abc: 0001 0000 

  0x0000022dc0a51ac0: ; implicit exception: dispatches to 0x0000022dc0a52249
  0x0000022dc0a51ac0: 418b 790c | bb01 0000 | 003b df0f | 8d7d 0700 | 0041 8b79 | 1048 c1e7 | 0348 89bc | 24f0 0000 
  0x0000022dc0a51ae0: 0041 8b59 | 1448 c1e3 | 0348 899c | 24f8 0000 | 008b 4610 | 48c1 e003 

  0x0000022dc0a51af8: ;   {oop(a 'java/lang/invoke/MethodType'{0x000000070d143030} = (Ljava/lang/Object;Ljava/lang/Object;Ljava/lang/Object;)Ljava/lang/Object;)}
  0x0000022dc0a51af8: 48b9 3030 | 140d 0700 | 0000 483b | c10f 85a4 | 0200 008b | 4614 48c1 | e003 8b40 | 1c48 c1e0 
  0x0000022dc0a51b18: 0348 85c0 | 0f85 5801 | 0000 488b 

  0x0000022dc0a51b24: ;   {static_call}
  0x0000022dc0a51b24: d666 90e8 

  0x0000022dc0a51b28: ; ImmutableOopMap {[176]=Oop [192]=Oop [240]=Oop [248]=Oop [256]=Oop }
                      ;*invokestatic maybeCustomize {reexecute=0 rethrow=0 return_oop=0}
                      ; - java.lang.invoke.Invokers::checkCustomized@19 (line 627)
                      ; - java.lang.invoke.LambdaForm$MH/0x0000022dcc24d400::invokeExact_MT@15
                      ; - jdk.internal.reflect.DirectMethodHandleAccessor::invokeImpl@72 (line 155)
                      ; - jdk.internal.reflect.DirectMethodHandleAccessor::invoke@23 (line 103)
  0x0000022dc0a51b28: 94cb 86ff 

  0x0000022dc0a51b2c: ;   {other}
  0x0000022dc0a51b2c: 0f1f 8400 | 1c06 0004 | e941 0100 | 004c 8b8c | 24b8 0000 | 008b 7218 | 48c1 e603 | 4889 b424 
  0x0000022dc0a51b4c: 1001 0000 

  0x0000022dc0a51b50: ; implicit exception: dispatches to 0x0000022dc0a5225d
  0x0000022dc0a51b50: 4183 790c | 000f 860c | 0700 0041 | 8b79 1048 | c1e7 0348 | 89bc 2408 | 0100 008b | 5e10 48c1 
  0x0000022dc0a51b70: ;   {oop(a 'java/lang/invoke/MethodType'{0x000000070d142e30} = (Ljava/lang/Object;Ljava/lang/Object;)Ljava/lang/Object;)}
  0x0000022dc0a51b70: e303 48b8 | 302e 140d | 0700 0000 | 483b d80f | 85fa 0100 | 008b 5e14 | 48c1 e303 

  0x0000022dc0a51b8c: ; implicit exception: dispatches to 0x0000022dc0a5227e
  0x0000022dc0a51b8c: 8b5b 1c48 | c1e3 0348 | 85db 0f85 | 9e00 0000 

  0x0000022dc0a51b9c: ;   {static_call}
  0x0000022dc0a51b9c: 488b d6e8 

  0x0000022dc0a51ba0: ; ImmutableOopMap {[176]=Oop [192]=Oop [264]=Oop [272]=Oop }
                      ;*invokestatic maybeCustomize {reexecute=0 rethrow=0 return_oop=0}
                      ; - java.lang.invoke.Invokers::checkCustomized@19 (line 627)
                      ; - java.lang.invoke.Invokers$Holder::invokeExact_MT@14
                      ; - jdk.internal.reflect.DirectMethodHandleAccessor::invokeImpl@55 (line 154)
                      ; - jdk.internal.reflect.DirectMethodHandleAccessor::invoke@23 (line 103)
  0x0000022dc0a51ba0: 1ccb 86ff 

  0x0000022dc0a51ba4: ;   {other}
  0x0000022dc0a51ba4: 0f1f 8400 | 9406 0005 | e989 0000 | 008b 7218 | 48c1 e603 | 4889 b424 | 1801 0000 

  0x0000022dc0a51bc0: ; implicit exception: dispatches to 0x0000022dc0a52283
  0x0000022dc0a51bc0: 8b7e 1048 

  0x0000022dc0a51bc4: ;   {oop(a 'java/lang/invoke/MethodType'{0x000000070d142c38} = (Ljava/lang/Object;)Ljava/lang/Object;)}
  0x0000022dc0a51bc4: c1e7 0348 | bb38 2c14 | 0d07 0000 | 0048 3bfb | 0f85 7801 | 0000 8b7e | 1448 c1e7 | 038b 7f1c 
  0x0000022dc0a51be4: 48c1 e703 | 4885 ff0f | 8513 0000 | 0048 8bd6 

  0x0000022dc0a51bf4: ;   {static_call}
  0x0000022dc0a51bf4: 6666 90e8 

  0x0000022dc0a51bf8: ; ImmutableOopMap {[176]=Oop [192]=Oop [280]=Oop }
                      ;*invokestatic maybeCustomize {reexecute=0 rethrow=0 return_oop=0}
                      ; - java.lang.invoke.Invokers::checkCustomized@19 (line 627)
                      ; - java.lang.invoke.Invokers$Holder::invokeExact_MT@14
                      ; - jdk.internal.reflect.DirectMethodHandleAccessor::invokeImpl@41 (line 153)
                      ; - jdk.internal.reflect.DirectMethodHandleAccessor::invoke@23 (line 103)
  0x0000022dc0a51bf8: c4ca 86ff 

  0x0000022dc0a51bfc: ;   {other}
  0x0000022dc0a51bfc: 0f1f 8400 | ec06 0006 | 4c8b 8424 | c000 0000 | 488b 9424 | 1801 0000 

  0x0000022dc0a51c14: ;   {optimized virtual_call}
  0x0000022dc0a51c14: 6666 90e8 

  0x0000022dc0a51c18: ; ImmutableOopMap {[176]=Oop }
                      ;*invokevirtual invokeBasic {reexecute=0 rethrow=0 return_oop=0}
                      ; - java.lang.invoke.Invokers$Holder::invokeExact_MT@19
                      ; - jdk.internal.reflect.DirectMethodHandleAccessor::invokeImpl@41 (line 153)
                      ; - jdk.internal.reflect.DirectMethodHandleAccessor::invoke@23 (line 103)
  0x0000022dc0a51c18: e448 65ff 

  0x0000022dc0a51c1c: ;   {other}
  0x0000022dc0a51c1c: 0f1f 8400 | 0c07 0007 | 4881 c470 | 0100 005d 

  0x0000022dc0a51c2c: ;   {poll_return}
  0x0000022dc0a51c2c: 493b a748 | 0400 000f | 8754 0600 | 00c3 4c8b | 8424 c000 | 0000 4c8b | 8c24 0801 | 0000 488b 
  0x0000022dc0a51c4c: 9424 1001 | 0000 0f1f 

  0x0000022dc0a51c54: ;   {optimized virtual_call}
  0x0000022dc0a51c54: 4400 00e8 

  0x0000022dc0a51c58: ; ImmutableOopMap {[176]=Oop }
                      ;*invokevirtual invokeBasic {reexecute=0 rethrow=0 return_oop=0}
                      ; - java.lang.invoke.Invokers$Holder::invokeExact_MT@20
                      ; - jdk.internal.reflect.DirectMethodHandleAccessor::invokeImpl@55 (line 154)
                      ; - jdk.internal.reflect.DirectMethodHandleAccessor::invoke@23 (line 103)
  0x0000022dc0a51c58: 24f0 7fff 

  0x0000022dc0a51c5c: ;   {other}
  0x0000022dc0a51c5c: 0f1f 8400 | 4c07 0008 | 4881 c470 | 0100 005d 

  0x0000022dc0a51c6c: ;   {poll_return}
  0x0000022dc0a51c6c: 493b a748 | 0400 000f | 872a 0600 | 00c3 4c8b | 8424 c000 | 0000 4c8b | 8c24 f000 | 0000 488b 
  0x0000022dc0a51c8c: bc24 f800 | 0000 488b | 9424 0001 | 0000 0f1f 

  0x0000022dc0a51c9c: ;   {optimized virtual_call}
  0x0000022dc0a51c9c: 4400 00e8 

  0x0000022dc0a51ca0: ; ImmutableOopMap {[176]=Oop }
                      ;*invokevirtual invokeBasic {reexecute=0 rethrow=0 return_oop=0}
                      ; - java.lang.invoke.LambdaForm$MH/0x0000022dcc24d400::invokeExact_MT@22
                      ; - jdk.internal.reflect.DirectMethodHandleAccessor::invokeImpl@72 (line 155)
                      ; - jdk.internal.reflect.DirectMethodHandleAccessor::invoke@23 (line 103)
  0x0000022dc0a51ca0: 5c4a 7eff 

  0x0000022dc0a51ca4: ;   {other}
  0x0000022dc0a51ca4: 0f1f 8400 | 9407 0009 | 4881 c470 | 0100 005d 

  0x0000022dc0a51cb4: ;   {poll_return}
  0x0000022dc0a51cb4: 493b a748 | 0400 000f | 87f8 0500 | 00c3 4c8b | 8424 c000 | 0000 4c8b | 8c24 d000 | 0000 488b 
  0x0000022dc0a51cd4: bc24 d800 | 0000 488b | b424 e000 | 0000 488b | 9424 e800 | 0000 0f1f 

  0x0000022dc0a51cec: ;   {optimized virtual_call}
  0x0000022dc0a51cec: 4400 00e8 

  0x0000022dc0a51cf0: ; ImmutableOopMap {[176]=Oop }
                      ;*invokevirtual invokeBasic {reexecute=0 rethrow=0 return_oop=0}
                      ; - java.lang.invoke.LambdaForm$MH/0x0000022dcc0d2000::invokeExact_MT@24
                      ; - jdk.internal.reflect.DirectMethodHandleAccessor::invokeImpl@92 (line 156)
                      ; - jdk.internal.reflect.DirectMethodHandleAccessor::invoke@23 (line 103)
  0x0000022dc0a51cf0: 8cf8 7eff 

  0x0000022dc0a51cf4: ;   {other}
  0x0000022dc0a51cf4: 0f1f 8400 | e407 000a | 4881 c470 | 0100 005d 

  0x0000022dc0a51d04: ;   {poll_return}
  0x0000022dc0a51d04: 493b a748 | 0400 000f | 87be 0500 | 00c3 4c8b | 8c24 b800 | 0000 4c8b | 8424 c000 | 0000 488b 
  0x0000022dc0a51d24: 9424 c800 | 0000 0f1f 

  0x0000022dc0a51d2c: ;   {optimized virtual_call}
  0x0000022dc0a51d2c: 4400 00e8 

  0x0000022dc0a51d30: ; ImmutableOopMap {[176]=Oop }
                      ;*invokevirtual invokeBasic {reexecute=0 rethrow=0 return_oop=0}
                      ; - java.lang.invoke.Invokers$Holder::invokeExact_MT@20
                      ; - jdk.internal.reflect.DirectMethodHandleAccessor::invokeImpl@104 (line 157)
                      ; - jdk.internal.reflect.DirectMethodHandleAccessor::invoke@23 (line 103)
  0x0000022dc0a51d30: 4cef 7fff 

  0x0000022dc0a51d34: ;   {other}
  0x0000022dc0a51d34: 0f1f 8400 | 2408 000b | 4881 c470 | 0100 005d 

  0x0000022dc0a51d44: ;   {poll_return}
  0x0000022dc0a51d44: 493b a748 | 0400 000f | 8794 0500 

  0x0000022dc0a51d50: ;   {oop(a 'java/lang/invoke/MethodType'{0x000000070d142c38} = (Ljava/lang/Object;)Ljava/lang/Object;)}
  0x0000022dc0a51d50: 00c3 49b8 | 382c 140d | 0700 0000 

  0x0000022dc0a51d5c: ;   {static_call}
  0x0000022dc0a51d5c: 488b d7e8 

  0x0000022dc0a51d60: ; ImmutableOopMap {[176]=Oop [192]=Oop [280]=Oop }
                      ;*invokestatic newWrongMethodTypeException {reexecute=0 rethrow=0 return_oop=0}
                      ; - java.lang.invoke.Invokers::checkExactType@12 (line 531)
                      ; - java.lang.invoke.Invokers$Holder::invokeExact_MT@10
                      ; - jdk.internal.reflect.DirectMethodHandleAccessor::invokeImpl@41 (line 153)
                      ; - jdk.internal.reflect.DirectMethodHandleAccessor::invoke@23 (line 103)
  0x0000022dc0a51d60: 1cd3 56ff 

  0x0000022dc0a51d64: ;   {other}
  0x0000022dc0a51d64: 0f1f 8400 | 5408 000c 

  0x0000022dc0a51d6c: ; implicit exception: dispatches to 0x0000022dc0a522fb
                      ; ImmutableOopMap {rax=Oop [176]=Oop [192]=Oop [280]=Oop }
                      ;*athrow {reexecute=1 rethrow=0 return_oop=0}
                      ; - (reexecute) java.lang.invoke.Invokers::checkExactType@15 (line 531)
                      ; - java.lang.invoke.Invokers$Holder::invokeExact_MT@10
                      ; - jdk.internal.reflect.DirectMethodHandleAccessor::invokeImpl@41 (line 153)
                      ; - jdk.internal.reflect.DirectMethodHandleAccessor::invoke@23 (line 103)
                      ;   {section_word}
  0x0000022dc0a51d6c: 483b 0048 | ba6f 1da5 | c02d 0200 

  0x0000022dc0a51d78: ;   {runtime_call handle_exception_nofpu Runtime1 stub}
  0x0000022dc0a51d78: 00e8 8233 

  0x0000022dc0a51d7c: ;   {oop(a 'java/lang/invoke/MethodType'{0x000000070d142e30} = (Ljava/lang/Object;Ljava/lang/Object;)Ljava/lang/Object;)}
  0x0000022dc0a51d7c: 62ff 9049 | b830 2e14 | 0d07 0000 | 0048 8bd3 

  0x0000022dc0a51d8c: ;   {static_call}
  0x0000022dc0a51d8c: 6666 90e8 

  0x0000022dc0a51d90: ; ImmutableOopMap {[176]=Oop [192]=Oop [264]=Oop [272]=Oop }
                      ;*invokestatic newWrongMethodTypeException {reexecute=0 rethrow=0 return_oop=0}
                      ; - java.lang.invoke.Invokers::checkExactType@12 (line 531)
                      ; - java.lang.invoke.Invokers$Holder::invokeExact_MT@10
                      ; - jdk.internal.reflect.DirectMethodHandleAccessor::invokeImpl@55 (line 154)
                      ; - jdk.internal.reflect.DirectMethodHandleAccessor::invoke@23 (line 103)
  0x0000022dc0a51d90: ecd2 56ff 

  0x0000022dc0a51d94: ;   {other}
  0x0000022dc0a51d94: 0f1f 8400 | 8408 000e 

  0x0000022dc0a51d9c: ; implicit exception: dispatches to 0x0000022dc0a52300
                      ; ImmutableOopMap {rax=Oop [176]=Oop [192]=Oop [264]=Oop [272]=Oop }
                      ;*athrow {reexecute=1 rethrow=0 return_oop=0}
                      ; - (reexecute) java.lang.invoke.Invokers::checkExactType@15 (line 531)
                      ; - java.lang.invoke.Invokers$Holder::invokeExact_MT@10
                      ; - jdk.internal.reflect.DirectMethodHandleAccessor::invokeImpl@55 (line 154)
                      ; - jdk.internal.reflect.DirectMethodHandleAccessor::invoke@23 (line 103)
                      ;   {section_word}
  0x0000022dc0a51d9c: 483b 0048 | ba9f 1da5 | c02d 0200 

  0x0000022dc0a51da8: ;   {runtime_call handle_exception_nofpu Runtime1 stub}
  0x0000022dc0a51da8: 00e8 5233 

  0x0000022dc0a51dac: ;   {oop(a 'java/lang/invoke/MethodType'{0x000000070d143030} = (Ljava/lang/Object;Ljava/lang/Object;Ljava/lang/Object;)Ljava/lang/Object;)}
  0x0000022dc0a51dac: 62ff 9049 | b830 3014 | 0d07 0000 | 0048 8bd0 

  0x0000022dc0a51dbc: ;   {static_call}
  0x0000022dc0a51dbc: 6666 90e8 

  0x0000022dc0a51dc0: ; ImmutableOopMap {[176]=Oop [192]=Oop [240]=Oop [248]=Oop [256]=Oop }
                      ;*invokestatic newWrongMethodTypeException {reexecute=0 rethrow=0 return_oop=0}
                      ; - java.lang.invoke.Invokers::checkExactType@12 (line 531)
                      ; - java.lang.invoke.LambdaForm$MH/0x0000022dcc24d400::invokeExact_MT@11
                      ; - jdk.internal.reflect.DirectMethodHandleAccessor::invokeImpl@72 (line 155)
                      ; - jdk.internal.reflect.DirectMethodHandleAccessor::invoke@23 (line 103)
  0x0000022dc0a51dc0: bcd2 56ff 

  0x0000022dc0a51dc4: ;   {other}
  0x0000022dc0a51dc4: 0f1f 8400 | b408 0010 

  0x0000022dc0a51dcc: ; implicit exception: dispatches to 0x0000022dc0a52305
                      ; ImmutableOopMap {rax=Oop [176]=Oop [192]=Oop [240]=Oop [248]=Oop [256]=Oop }
                      ;*athrow {reexecute=1 rethrow=0 return_oop=0}
                      ; - (reexecute) java.lang.invoke.Invokers::checkExactType@15 (line 531)
                      ; - java.lang.invoke.LambdaForm$MH/0x0000022dcc24d400::invokeExact_MT@11
                      ; - jdk.internal.reflect.DirectMethodHandleAccessor::invokeImpl@72 (line 155)
                      ; - jdk.internal.reflect.DirectMethodHandleAccessor::invoke@23 (line 103)
                      ;   {section_word}
  0x0000022dc0a51dcc: 483b 0048 | bacf 1da5 | c02d 0200 

  0x0000022dc0a51dd8: ;   {runtime_call handle_exception_nofpu Runtime1 stub}
  0x0000022dc0a51dd8: 00e8 2233 

  0x0000022dc0a51ddc: ;   {oop(a 'java/lang/invoke/MethodType'{0x000000070d143238} = (Ljava/lang/Object;Ljava/lang/Object;Ljava/lang/Object;Ljava/lang/Object;)Ljava/lang/Object;)}
  0x0000022dc0a51ddc: 62ff 9049 | b838 3214 | 0d07 0000 | 0048 8bd1 

  0x0000022dc0a51dec: ;   {static_call}
  0x0000022dc0a51dec: 6666 90e8 

  0x0000022dc0a51df0: ; ImmutableOopMap {[176]=Oop [192]=Oop [208]=Oop [216]=Oop [224]=Oop [232]=Oop }
                      ;*invokestatic newWrongMethodTypeException {reexecute=0 rethrow=0 return_oop=0}
                      ; - java.lang.invoke.Invokers::checkExactType@12 (line 531)
                      ; - java.lang.invoke.LambdaForm$MH/0x0000022dcc0d2000::invokeExact_MT@11
                      ; - jdk.internal.reflect.DirectMethodHandleAccessor::invokeImpl@92 (line 156)
                      ; - jdk.internal.reflect.DirectMethodHandleAccessor::invoke@23 (line 103)
  0x0000022dc0a51df0: 8cd2 56ff 

  0x0000022dc0a51df4: ;   {other}
  0x0000022dc0a51df4: 0f1f 8400 | e408 0012 

  0x0000022dc0a51dfc: ; implicit exception: dispatches to 0x0000022dc0a5230a
                      ; ImmutableOopMap {rax=Oop [176]=Oop [192]=Oop [208]=Oop [216]=Oop [224]=Oop [232]=Oop }
                      ;*athrow {reexecute=1 rethrow=0 return_oop=0}
                      ; - (reexecute) java.lang.invoke.Invokers::checkExactType@15 (line 531)
                      ; - java.lang.invoke.LambdaForm$MH/0x0000022dcc0d2000::invokeExact_MT@11
                      ; - jdk.internal.reflect.DirectMethodHandleAccessor::invokeImpl@92 (line 156)
                      ; - jdk.internal.reflect.DirectMethodHandleAccessor::invoke@23 (line 103)
                      ;   {section_word}
  0x0000022dc0a51dfc: 483b 0048 | baff 1da5 | c02d 0200 

  0x0000022dc0a51e08: ;   {runtime_call handle_exception_nofpu Runtime1 stub}
  0x0000022dc0a51e08: 00e8 f232 

  0x0000022dc0a51e0c: ;   {oop(a 'java/lang/invoke/MethodType'{0x000000070dd147c8} = (Ljava/lang/Object;[Ljava/lang/Object;)Ljava/lang/Object;)}
  0x0000022dc0a51e0c: 62ff 9049 | b8c8 47d1 | 0d07 0000 | 0048 8bd7 

  0x0000022dc0a51e1c: ;   {static_call}
  0x0000022dc0a51e1c: 6666 90e8 

  0x0000022dc0a51e20: ; ImmutableOopMap {[176]=Oop [184]=Oop [192]=Oop [200]=Oop }
                      ;*invokestatic newWrongMethodTypeException {reexecute=0 rethrow=0 return_oop=0}
                      ; - java.lang.invoke.Invokers::checkExactType@12 (line 531)
                      ; - java.lang.invoke.Invokers$Holder::invokeExact_MT@10
                      ; - jdk.internal.reflect.DirectMethodHandleAccessor::invokeImpl@104 (line 157)
                      ; - jdk.internal.reflect.DirectMethodHandleAccessor::invoke@23 (line 103)
  0x0000022dc0a51e20: 5cd2 56ff 

  0x0000022dc0a51e24: ;   {other}
  0x0000022dc0a51e24: 0f1f 8400 | 1409 0014 

  0x0000022dc0a51e2c: ; implicit exception: dispatches to 0x0000022dc0a5230f
                      ; ImmutableOopMap {rax=Oop [176]=Oop [184]=Oop [192]=Oop [200]=Oop }
                      ;*athrow {reexecute=1 rethrow=0 return_oop=0}
                      ; - (reexecute) java.lang.invoke.Invokers::checkExactType@15 (line 531)
                      ; - java.lang.invoke.Invokers$Holder::invokeExact_MT@10
                      ; - jdk.internal.reflect.DirectMethodHandleAccessor::invokeImpl@104 (line 157)
                      ; - jdk.internal.reflect.DirectMethodHandleAccessor::invoke@23 (line 103)
                      ;   {section_word}
  0x0000022dc0a51e2c: 483b 0048 | ba2f 1ea5 | c02d 0200 

  0x0000022dc0a51e38: ;   {runtime_call handle_exception_nofpu Runtime1 stub}
  0x0000022dc0a51e38: 00e8 c232 | 62ff 9049 | 8b87 f804 | 0000 4d33 | d24d 8997 | f804 0000 | 4d33 d24d | 8997 0005 
  0x0000022dc0a51e58: ;   {oop(a 'java/lang/Class'{0x000000070d675ce0} = 'jdk/internal/reflect/DirectMethodHandleAccessor')}
  0x0000022dc0a51e58: 0000 48ba | e05c 670d | 0700 0000 | 4c8b c048 | 8984 2420 

  0x0000022dc0a51e6c: ;   {static_call}
  0x0000022dc0a51e6c: 0100 00e8 

  0x0000022dc0a51e70: ; ImmutableOopMap {[288]=Oop }
                      ;*invokestatic isIllegalArgument {reexecute=0 rethrow=0 return_oop=0}
                      ; - jdk.internal.reflect.DirectMethodHandleAccessor::isIllegalArgument@3 (line 191)
                      ; - jdk.internal.reflect.DirectMethodHandleAccessor::invoke@58 (line 112)
  0x0000022dc0a51e70: 0cd2 56ff 

  0x0000022dc0a51e74: ;   {other}
  0x0000022dc0a51e74: 0f1f 8400 | 6409 0016 | 83e0 0185 | c00f 84ea | 0100 00e9 | 5d01 0000 | 498b 87f8 | 0400 004d 
  0x0000022dc0a51e94: 33d2 4d89 | 97f8 0400 | 004d 33d2 | 4d89 9700 

  0x0000022dc0a51ea4: ;   {oop(a 'java/lang/Class'{0x000000070d675ce0} = 'jdk/internal/reflect/DirectMethodHandleAccessor')}
  0x0000022dc0a51ea4: 0500 0048 | bae0 5c67 | 0d07 0000 | 004c 8bc0 | 4889 8424 | 2801 0000 

  0x0000022dc0a51ebc: ;   {static_call}
  0x0000022dc0a51ebc: 6666 90e8 

  0x0000022dc0a51ec0: ; ImmutableOopMap {[296]=Oop }
                      ;*invokestatic isIllegalArgument {reexecute=0 rethrow=0 return_oop=0}
                      ; - jdk.internal.reflect.DirectMethodHandleAccessor::isIllegalArgument@3 (line 191)
                      ; - jdk.internal.reflect.DirectMethodHandleAccessor::invoke@30 (line 105)
  0x0000022dc0a51ec0: bcd1 56ff 

  0x0000022dc0a51ec4: ;   {other}
  0x0000022dc0a51ec4: 0f1f 8400 | b409 0017 | 83e0 0185 | c00f 848a 

  0x0000022dc0a51ed4: ;   {metadata('java/lang/IllegalArgumentException')}
  0x0000022dc0a51ed4: 0000 0048 | ba00 ba06 | cb2d 0200 | 0049 8b87 | b801 0000 | 488d 7828 | 493b bfc8 | 0100 000f 
  0x0000022dc0a51ef4: 871b 0400 | 0049 89bf | b801 0000 | 48c7 0001 | 0000 0048 | 8bca 49ba | 0000 00cb | 2d02 0000 
  0x0000022dc0a51f14: 492b ca89 | 4808 4833 | c989 480c | 4833 c948 | 8948 1048 | 8948 1848 

  0x0000022dc0a51f2c: ;   {oop("argument type mismatch"{0x000000070d785b00})}
  0x0000022dc0a51f2c: 8948 2049 | b800 5b78 | 0d07 0000 | 0048 8bd0 | 4889 8424 | 3001 0000 

  0x0000022dc0a51f44: ;   {optimized virtual_call}
  0x0000022dc0a51f44: 6666 90e8 

  0x0000022dc0a51f48: ; ImmutableOopMap {[304]=Oop }
                      ;*invokespecial <init> {reexecute=0 rethrow=0 return_oop=0}
                      ; - jdk.internal.reflect.DirectMethodHandleAccessor::invoke@42 (line 107)
  0x0000022dc0a51f48: 34cb 56ff 

  0x0000022dc0a51f4c: ;   {other}
  0x0000022dc0a51f4c: 0f1f 8400 | 3c0a 0018 | 488b 8424 | 3001 0000 | e91e 0400 | 004c 8b84 | 2428 0100 

  0x0000022dc0a51f68: ;   {metadata('java/lang/reflect/InvocationTargetException')}
  0x0000022dc0a51f68: 0048 ba78 | 8409 cc2d | 0200 0049 | 8b87 b801 | 0000 488d | 7828 493b | bfc8 0100 | 000f 8796 
  0x0000022dc0a51f88: 0300 0049 | 89bf b801 | 0000 48c7 | 0001 0000 | 0048 8bca | 49ba 0000 | 00cb 2d02 | 0000 492b 
  0x0000022dc0a51fa8: ca89 4808 | 4833 c989 | 480c 4833 | c948 8948 | 1048 8948 | 1848 8948 | 2048 8bd0 | 4889 8424 
  0x0000022dc0a51fc8: 3801 0000 

  0x0000022dc0a51fcc: ;   {optimized virtual_call}
  0x0000022dc0a51fcc: 6666 90e8 

  0x0000022dc0a51fd0: ; ImmutableOopMap {[312]=Oop }
                      ;*invokespecial <init> {reexecute=0 rethrow=0 return_oop=0}
                      ; - jdk.internal.reflect.DirectMethodHandleAccessor::invoke@51 (line 109)
  0x0000022dc0a51fd0: acca 56ff 

  0x0000022dc0a51fd4: ;   {other}
  0x0000022dc0a51fd4: 0f1f 8400 | c40a 0019 | 488b 8424 | 3801 0000 | e996 0300 

  0x0000022dc0a51fe8: ;   {metadata('java/lang/IllegalArgumentException')}
  0x0000022dc0a51fe8: 0048 ba00 | ba06 cb2d | 0200 0049 | 8b87 b801 | 0000 488d | 7828 493b | bfc8 0100 | 000f 8723 
  0x0000022dc0a52008: 0300 0049 | 89bf b801 | 0000 48c7 | 0001 0000 | 0048 8bca | 49ba 0000 | 00cb 2d02 | 0000 492b 
  0x0000022dc0a52028: ca89 4808 | 4833 c989 | 480c 4833 | c948 8948 | 1048 8948 | 1848 8948 | 204c 8b84 | 2420 0100 
  0x0000022dc0a52048: 0048 8bd0 | 4889 8424 | 4001 0000 

  0x0000022dc0a52054: ;   {optimized virtual_call}
  0x0000022dc0a52054: 6666 90e8 

  0x0000022dc0a52058: ; ImmutableOopMap {[320]=Oop }
                      ;*invokespecial <init> {reexecute=0 rethrow=0 return_oop=0}
                      ; - jdk.internal.reflect.DirectMethodHandleAccessor::invoke@69 (line 113)
  0x0000022dc0a52058: 24ca 56ff 

  0x0000022dc0a5205c: ;   {other}
  0x0000022dc0a5205c: 0f1f 8400 | 4c0b 001a | 488b 8424 | 4001 0000 | e90e 0300 | 004c 8b84 | 2420 0100 

  0x0000022dc0a52078: ;   {metadata('java/lang/reflect/InvocationTargetException')}
  0x0000022dc0a52078: 0048 ba78 | 8409 cc2d | 0200 0049 | 8b87 b801 | 0000 488d | 7828 493b | bfc8 0100 | 000f 87a0 
  0x0000022dc0a52098: 0200 0049 | 89bf b801 | 0000 48c7 | 0001 0000 | 0048 8bca | 49ba 0000 | 00cb 2d02 | 0000 492b 
  0x0000022dc0a520b8: ca89 4808 | 4833 c989 | 480c 4833 | c948 8948 | 1048 8948 | 1848 8948 | 2048 8bd0 | 4889 8424 
  0x0000022dc0a520d8: 4801 0000 

  0x0000022dc0a520dc: ;   {optimized virtual_call}
  0x0000022dc0a520dc: 6666 90e8 

  0x0000022dc0a520e0: ; ImmutableOopMap {[328]=Oop }
                      ;*invokespecial <init> {reexecute=0 rethrow=0 return_oop=0}
                      ; - jdk.internal.reflect.DirectMethodHandleAccessor::invoke@78 (line 115)
  0x0000022dc0a520e0: 9cc9 56ff 

  0x0000022dc0a520e4: ;   {other}
  0x0000022dc0a520e4: 0f1f 8400 | d40b 001b | 488b 8424 | 4801 0000 | e986 0200 

  0x0000022dc0a520f8: ;   {metadata('java/lang/IllegalArgumentException')}
  0x0000022dc0a520f8: 0048 ba00 | ba06 cb2d | 0200 0049 | 8b87 b801 | 0000 488d | 7828 493b | bfc8 0100 | 000f 872d 
  0x0000022dc0a52118: 0200 0049 | 89bf b801 | 0000 48c7 | 0001 0000 | 0048 8bca | 49ba 0000 | 00cb 2d02 | 0000 492b 
  0x0000022dc0a52138: ca89 4808 | 4833 c989 | 480c 4833 | c948 8948 | 1048 8948 | 1848 8948 

  0x0000022dc0a52150: ;   {oop("object is not an instance of declaring class"{0x000000070eae7650})}
  0x0000022dc0a52150: 2049 b850 | 76ae 0e07 | 0000 0048 | 8bd0 4889 | 8424 5001 

  0x0000022dc0a52164: ;   {optimized virtual_call}
  0x0000022dc0a52164: 0000 90e8 

  0x0000022dc0a52168: ; ImmutableOopMap {[176]=Oop [184]=Oop [192]=Oop [336]=Oop }
                      ;*invokespecial <init> {reexecute=0 rethrow=0 return_oop=0}
                      ; - jdk.internal.reflect.DirectMethodHandleAccessor::checkReceiver@20 (line 197)
                      ; - jdk.internal.reflect.DirectMethodHandleAccessor::invoke@9 (line 99)
  0x0000022dc0a52168: 14c9 56ff 

  0x0000022dc0a5216c: ;   {other}
  0x0000022dc0a5216c: 0f1f 8400 | 5c0c 001c | 488b 8424 | 5001 0000 | e9fe 0100 | 0049 8b87 | f804 0000 | 4d33 d24d 
  0x0000022dc0a5218c: 8997 f804 | 0000 4d33 | d24d 8997 | 0005 0000 

  0x0000022dc0a5219c: ;   {metadata('java/lang/reflect/InvocationTargetException')}
  0x0000022dc0a5219c: 4c8b c048 | ba78 8409 | cc2d 0200 | 0049 8b87 | b801 0000 | 488d 7828 | 493b bfc8 | 0100 000f 
  0x0000022dc0a521bc: 8794 0100 | 0049 89bf | b801 0000 | 48c7 0001 | 0000 0048 | 8bca 49ba | 0000 00cb | 2d02 0000 
  0x0000022dc0a521dc: 492b ca89 | 4808 4833 | c989 480c | 4833 c948 | 8948 1048 | 8948 1848 | 8948 2048 | 8bd0 4889 
  0x0000022dc0a521fc: 8424 5801 | 0000 0f1f 

  0x0000022dc0a52204: ;   {optimized virtual_call}
  0x0000022dc0a52204: 4400 00e8 

  0x0000022dc0a52208: ; ImmutableOopMap {[344]=Oop }
                      ;*invokespecial <init> {reexecute=0 rethrow=0 return_oop=0}
                      ; - jdk.internal.reflect.DirectMethodHandleAccessor::invoke@88 (line 118)
  0x0000022dc0a52208: 74c8 56ff 

  0x0000022dc0a5220c: ;   {other}
  0x0000022dc0a5220c: 0f1f 8400 | fc0c 001d | 488b 8424 | 5801 0000 | e95e 0100 

  0x0000022dc0a52220: ;   {runtime_call throw_null_pointer_exception Runtime1 stub}
  0x0000022dc0a52220: 00e8 5a12 

  0x0000022dc0a52224: ; ImmutableOopMap {rdx=Oop r8=Oop rsi=Oop [176]=Oop [184]=Oop [192]=Oop }
                      ;*invokevirtual getClass {reexecute=0 rethrow=0 return_oop=0}
                      ; - jdk.internal.reflect.DirectMethodHandleAccessor::checkReceiver@5 (line 196)
                      ; - jdk.internal.reflect.DirectMethodHandleAccessor::invoke@9 (line 99)
                      ;   {runtime_call throw_null_pointer_exception Runtime1 stub}
  0x0000022dc0a52224: 62ff e855 

  0x0000022dc0a52228: ; ImmutableOopMap {rdx=Oop r8=Oop rsi=Oop rdi=Oop [176]=Oop [184]=Oop [192]=Oop }
                      ;*invokevirtual isAssignableFrom {reexecute=0 rethrow=0 return_oop=0}
                      ; - jdk.internal.reflect.DirectMethodHandleAccessor::checkReceiver@8 (line 196)
                      ; - jdk.internal.reflect.DirectMethodHandleAccessor::invoke@9 (line 99)
                      ;   {runtime_call throw_null_pointer_exception Runtime1 stub}
  0x0000022dc0a52228: 1262 ffe8 

  0x0000022dc0a5222c: ; ImmutableOopMap {rdx=Oop rsi=Oop [176]=Oop [184]=Oop [192]=Oop [200]=Oop }
                      ;*invokevirtual type {reexecute=0 rethrow=0 return_oop=0}
                      ; - java.lang.invoke.Invokers::checkExactType@1 (line 529)
                      ; - java.lang.invoke.Invokers$Holder::invokeExact_MT@10
                      ; - jdk.internal.reflect.DirectMethodHandleAccessor::invokeImpl@104 (line 157)
                      ; - jdk.internal.reflect.DirectMethodHandleAccessor::invoke@23 (line 103)
  0x0000022dc0a5222c: 5012 62ff 

  0x0000022dc0a52230: ;   {runtime_call throw_null_pointer_exception Runtime1 stub}
  0x0000022dc0a52230: e84b 1262 

  0x0000022dc0a52234: ; ImmutableOopMap {rdx=Oop rsi=Oop [176]=Oop [184]=Oop [192]=Oop [200]=Oop }
                      ;*getfield customized {reexecute=1 rethrow=0 return_oop=0}
                      ; - (reexecute) java.lang.invoke.Invokers::checkCustomized@12 (line 626)
                      ; - java.lang.invoke.Invokers$Holder::invokeExact_MT@14
                      ; - jdk.internal.reflect.DirectMethodHandleAccessor::invokeImpl@104 (line 157)
                      ; - jdk.internal.reflect.DirectMethodHandleAccessor::invoke@23 (line 103)
                      ;   {runtime_call predicate_failed_trap Runtime1 stub}
  0x0000022dc0a52234: ffe8 c679 

  0x0000022dc0a52238: ; ImmutableOopMap {rdx=Oop r9=Oop rsi=Oop [176]=Oop [184]=Oop [192]=Oop [232]=Oop }
                      ;*aaload {reexecute=0 rethrow=0 return_oop=0}
                      ; - jdk.internal.reflect.DirectMethodHandleAccessor::invokeImpl@85 (line 156)
                      ; - jdk.internal.reflect.DirectMethodHandleAccessor::invoke@23 (line 103)
                      ;   {runtime_call predicate_failed_trap Runtime1 stub}
  0x0000022dc0a52238: 62ff e8c1 

  0x0000022dc0a5223c: ; ImmutableOopMap {rdx=Oop r9=Oop rsi=Oop [176]=Oop [184]=Oop [192]=Oop [232]=Oop }
                      ;*aaload {reexecute=0 rethrow=0 return_oop=0}
                      ; - jdk.internal.reflect.DirectMethodHandleAccessor::invokeImpl@85 (line 156)
                      ; - jdk.internal.reflect.DirectMethodHandleAccessor::invoke@23 (line 103)
                      ;   {runtime_call throw_null_pointer_exception Runtime1 stub}
  0x0000022dc0a5223c: 7962 ffe8 

  0x0000022dc0a52240: ; ImmutableOopMap {rdx=Oop rsi=Oop rdi=Oop rbx=Oop rax=Oop [176]=Oop [192]=Oop [208]=Oop [216]=Oop [224]=Oop [232]=Oop }
                      ;*invokevirtual type {reexecute=0 rethrow=0 return_oop=0}
                      ; - java.lang.invoke.Invokers::checkExactType@1 (line 529)
                      ; - java.lang.invoke.LambdaForm$MH/0x0000022dcc0d2000::invokeExact_MT@11
                      ; - jdk.internal.reflect.DirectMethodHandleAccessor::invokeImpl@92 (line 156)
                      ; - jdk.internal.reflect.DirectMethodHandleAccessor::invoke@23 (line 103)
  0x0000022dc0a52240: 3c12 62ff 

  0x0000022dc0a52244: ;   {runtime_call throw_null_pointer_exception Runtime1 stub}
  0x0000022dc0a52244: e837 1262 

  0x0000022dc0a52248: ; ImmutableOopMap {rdx=Oop rsi=Oop rdi=Oop rbx=Oop rax=Oop [176]=Oop [192]=Oop [208]=Oop [216]=Oop [224]=Oop [232]=Oop }
                      ;*getfield customized {reexecute=1 rethrow=0 return_oop=0}
                      ; - (reexecute) java.lang.invoke.Invokers::checkCustomized@12 (line 626)
                      ; - java.lang.invoke.LambdaForm$MH/0x0000022dcc0d2000::invokeExact_MT@15
                      ; - jdk.internal.reflect.DirectMethodHandleAccessor::invokeImpl@92 (line 156)
                      ; - jdk.internal.reflect.DirectMethodHandleAccessor::invoke@23 (line 103)
                      ;   {runtime_call predicate_failed_trap Runtime1 stub}
  0x0000022dc0a52248: ffe8 b279 

  0x0000022dc0a5224c: ; ImmutableOopMap {rdx=Oop r9=Oop rsi=Oop [176]=Oop [184]=Oop [192]=Oop [256]=Oop }
                      ;*aaload {reexecute=0 rethrow=0 return_oop=0}
                      ; - jdk.internal.reflect.DirectMethodHandleAccessor::invokeImpl@68 (line 155)
                      ; - jdk.internal.reflect.DirectMethodHandleAccessor::invoke@23 (line 103)
                      ;   {runtime_call predicate_failed_trap Runtime1 stub}
  0x0000022dc0a5224c: 62ff e8ad 

  0x0000022dc0a52250: ; ImmutableOopMap {rdx=Oop r9=Oop rsi=Oop [176]=Oop [184]=Oop [192]=Oop [256]=Oop }
                      ;*aaload {reexecute=0 rethrow=0 return_oop=0}
                      ; - jdk.internal.reflect.DirectMethodHandleAccessor::invokeImpl@68 (line 155)
                      ; - jdk.internal.reflect.DirectMethodHandleAccessor::invoke@23 (line 103)
                      ;   {runtime_call throw_null_pointer_exception Runtime1 stub}
  0x0000022dc0a52250: 7962 ffe8 

  0x0000022dc0a52254: ; ImmutableOopMap {rdx=Oop rsi=Oop rdi=Oop rbx=Oop [176]=Oop [192]=Oop [240]=Oop [248]=Oop [256]=Oop }
                      ;*invokevirtual type {reexecute=0 rethrow=0 return_oop=0}
                      ; - java.lang.invoke.Invokers::checkExactType@1 (line 529)
                      ; - java.lang.invoke.LambdaForm$MH/0x0000022dcc24d400::invokeExact_MT@11
                      ; - jdk.internal.reflect.DirectMethodHandleAccessor::invokeImpl@72 (line 155)
                      ; - jdk.internal.reflect.DirectMethodHandleAccessor::invoke@23 (line 103)
  0x0000022dc0a52254: 2812 62ff 

  0x0000022dc0a52258: ;   {runtime_call throw_null_pointer_exception Runtime1 stub}
  0x0000022dc0a52258: e823 1262 

  0x0000022dc0a5225c: ; ImmutableOopMap {rdx=Oop rsi=Oop rdi=Oop rbx=Oop [176]=Oop [192]=Oop [240]=Oop [248]=Oop [256]=Oop }
                      ;*getfield customized {reexecute=1 rethrow=0 return_oop=0}
                      ; - (reexecute) java.lang.invoke.Invokers::checkCustomized@12 (line 626)
                      ; - java.lang.invoke.LambdaForm$MH/0x0000022dcc24d400::invokeExact_MT@15
                      ; - jdk.internal.reflect.DirectMethodHandleAccessor::invokeImpl@72 (line 155)
                      ; - jdk.internal.reflect.DirectMethodHandleAccessor::invoke@23 (line 103)
                      ;   {runtime_call throw_null_pointer_exception Runtime1 stub}
  0x0000022dc0a5225c: ffe8 1e12 

  0x0000022dc0a52260: ; ImmutableOopMap {rdx=Oop r9=Oop rsi=Oop [176]=Oop [184]=Oop [192]=Oop [272]=Oop }
                      ;*aaload {reexecute=0 rethrow=0 return_oop=0}
                      ; - jdk.internal.reflect.DirectMethodHandleAccessor::invokeImpl@54 (line 154)
                      ; - jdk.internal.reflect.DirectMethodHandleAccessor::invoke@23 (line 103)
                      ;   {runtime_call throw_null_pointer_exception Runtime1 stub}
  0x0000022dc0a52260: 62ff e819 

  0x0000022dc0a52264: ; ImmutableOopMap {rdx=Oop r9=Oop rsi=Oop [176]=Oop [184]=Oop [192]=Oop [272]=Oop }
                      ;*aaload {reexecute=0 rethrow=0 return_oop=0}
                      ; - jdk.internal.reflect.DirectMethodHandleAccessor::invokeImpl@54 (line 154)
                      ; - jdk.internal.reflect.DirectMethodHandleAccessor::invoke@23 (line 103)
  0x0000022dc0a52264: 1262 ff48 | c704 2400 | 0000 004c | 894c 2408 

  0x0000022dc0a52274: ;   {runtime_call throw_range_check_failed Runtime1 stub}
  0x0000022dc0a52274: e807 0962 

  0x0000022dc0a52278: ; ImmutableOopMap {rdx=Oop r9=Oop rsi=Oop [176]=Oop [184]=Oop [192]=Oop [272]=Oop }
                      ;*aaload {reexecute=0 rethrow=0 return_oop=0}
                      ; - jdk.internal.reflect.DirectMethodHandleAccessor::invokeImpl@54 (line 154)
                      ; - jdk.internal.reflect.DirectMethodHandleAccessor::invoke@23 (line 103)
                      ;   {runtime_call throw_null_pointer_exception Runtime1 stub}
  0x0000022dc0a52278: ffe8 0212 

  0x0000022dc0a5227c: ; ImmutableOopMap {rdx=Oop rsi=Oop rdi=Oop [176]=Oop [192]=Oop [264]=Oop [272]=Oop }
                      ;*invokevirtual type {reexecute=0 rethrow=0 return_oop=0}
                      ; - java.lang.invoke.Invokers::checkExactType@1 (line 529)
                      ; - java.lang.invoke.Invokers$Holder::invokeExact_MT@10
                      ; - jdk.internal.reflect.DirectMethodHandleAccessor::invokeImpl@55 (line 154)
                      ; - jdk.internal.reflect.DirectMethodHandleAccessor::invoke@23 (line 103)
                      ;   {runtime_call throw_null_pointer_exception Runtime1 stub}
  0x0000022dc0a5227c: 62ff e8fd 

  0x0000022dc0a52280: ; ImmutableOopMap {rdx=Oop rsi=Oop rdi=Oop [176]=Oop [192]=Oop [264]=Oop [272]=Oop }
                      ;*getfield customized {reexecute=1 rethrow=0 return_oop=0}
                      ; - (reexecute) java.lang.invoke.Invokers::checkCustomized@12 (line 626)
                      ; - java.lang.invoke.Invokers$Holder::invokeExact_MT@14
                      ; - jdk.internal.reflect.DirectMethodHandleAccessor::invokeImpl@55 (line 154)
                      ; - jdk.internal.reflect.DirectMethodHandleAccessor::invoke@23 (line 103)
                      ;   {runtime_call throw_null_pointer_exception Runtime1 stub}
  0x0000022dc0a52280: 1162 ffe8 

  0x0000022dc0a52284: ; ImmutableOopMap {rdx=Oop rsi=Oop [176]=Oop [192]=Oop [280]=Oop }
                      ;*invokevirtual type {reexecute=0 rethrow=0 return_oop=0}
                      ; - java.lang.invoke.Invokers::checkExactType@1 (line 529)
                      ; - java.lang.invoke.Invokers$Holder::invokeExact_MT@10
                      ; - jdk.internal.reflect.DirectMethodHandleAccessor::invokeImpl@41 (line 153)
                      ; - jdk.internal.reflect.DirectMethodHandleAccessor::invoke@23 (line 103)
  0x0000022dc0a52284: f811 62ff 

  0x0000022dc0a52288: ;   {runtime_call throw_null_pointer_exception Runtime1 stub}
  0x0000022dc0a52288: e8f3 1162 

  0x0000022dc0a5228c: ; ImmutableOopMap {rdx=Oop rsi=Oop [176]=Oop [192]=Oop [280]=Oop }
                      ;*getfield customized {reexecute=1 rethrow=0 return_oop=0}
                      ; - (reexecute) java.lang.invoke.Invokers::checkCustomized@12 (line 626)
                      ; - java.lang.invoke.Invokers$Holder::invokeExact_MT@14
                      ; - jdk.internal.reflect.DirectMethodHandleAccessor::invokeImpl@41 (line 153)
                      ; - jdk.internal.reflect.DirectMethodHandleAccessor::invoke@23 (line 103)
                      ;   {internal_word}
  0x0000022dc0a5228c: ff49 ba2c | 1ca5 c02d | 0200 004d | 8997 6004 

  0x0000022dc0a5229c: ;   {runtime_call SafepointBlob}
  0x0000022dc0a5229c: 0000 e95d 

  0x0000022dc0a522a0: ;   {internal_word}
  0x0000022dc0a522a0: 3457 ff49 | ba6c 1ca5 | c02d 0200 | 004d 8997 | 6004 0000 

  0x0000022dc0a522b4: ;   {runtime_call SafepointBlob}
  0x0000022dc0a522b4: e947 3457 

  0x0000022dc0a522b8: ;   {internal_word}
  0x0000022dc0a522b8: ff49 bab4 | 1ca5 c02d | 0200 004d | 8997 6004 

  0x0000022dc0a522c8: ;   {runtime_call SafepointBlob}
  0x0000022dc0a522c8: 0000 e931 

  0x0000022dc0a522cc: ;   {internal_word}
  0x0000022dc0a522cc: 3457 ff49 | ba04 1da5 | c02d 0200 | 004d 8997 | 6004 0000 

  0x0000022dc0a522e0: ;   {runtime_call SafepointBlob}
  0x0000022dc0a522e0: e91b 3457 

  0x0000022dc0a522e4: ;   {internal_word}
  0x0000022dc0a522e4: ff49 ba44 | 1da5 c02d | 0200 004d | 8997 6004 

  0x0000022dc0a522f4: ;   {runtime_call SafepointBlob}
  0x0000022dc0a522f4: 0000 e905 

  0x0000022dc0a522f8: ;   {runtime_call throw_null_pointer_exception Runtime1 stub}
  0x0000022dc0a522f8: 3457 ffe8 

  0x0000022dc0a522fc: ; ImmutableOopMap {rax=Oop [176]=Oop [192]=Oop [280]=Oop }
                      ;*athrow {reexecute=1 rethrow=0 return_oop=0}
                      ; - (reexecute) java.lang.invoke.Invokers::checkExactType@15 (line 531)
                      ; - java.lang.invoke.Invokers$Holder::invokeExact_MT@10
                      ; - jdk.internal.reflect.DirectMethodHandleAccessor::invokeImpl@41 (line 153)
                      ; - jdk.internal.reflect.DirectMethodHandleAccessor::invoke@23 (line 103)
  0x0000022dc0a522fc: 8011 62ff 

  0x0000022dc0a52300: ;   {runtime_call throw_null_pointer_exception Runtime1 stub}
  0x0000022dc0a52300: e87b 1162 

  0x0000022dc0a52304: ; ImmutableOopMap {rax=Oop [176]=Oop [192]=Oop [264]=Oop [272]=Oop }
                      ;*athrow {reexecute=1 rethrow=0 return_oop=0}
                      ; - (reexecute) java.lang.invoke.Invokers::checkExactType@15 (line 531)
                      ; - java.lang.invoke.Invokers$Holder::invokeExact_MT@10
                      ; - jdk.internal.reflect.DirectMethodHandleAccessor::invokeImpl@55 (line 154)
                      ; - jdk.internal.reflect.DirectMethodHandleAccessor::invoke@23 (line 103)
                      ;   {runtime_call throw_null_pointer_exception Runtime1 stub}
  0x0000022dc0a52304: ffe8 7611 

  0x0000022dc0a52308: ; ImmutableOopMap {rax=Oop [176]=Oop [192]=Oop [240]=Oop [248]=Oop [256]=Oop }
                      ;*athrow {reexecute=1 rethrow=0 return_oop=0}
                      ; - (reexecute) java.lang.invoke.Invokers::checkExactType@15 (line 531)
                      ; - java.lang.invoke.LambdaForm$MH/0x0000022dcc24d400::invokeExact_MT@11
                      ; - jdk.internal.reflect.DirectMethodHandleAccessor::invokeImpl@72 (line 155)
                      ; - jdk.internal.reflect.DirectMethodHandleAccessor::invoke@23 (line 103)
                      ;   {runtime_call throw_null_pointer_exception Runtime1 stub}
  0x0000022dc0a52308: 62ff e871 

  0x0000022dc0a5230c: ; ImmutableOopMap {rax=Oop [176]=Oop [192]=Oop [208]=Oop [216]=Oop [224]=Oop [232]=Oop }
                      ;*athrow {reexecute=1 rethrow=0 return_oop=0}
                      ; - (reexecute) java.lang.invoke.Invokers::checkExactType@15 (line 531)
                      ; - java.lang.invoke.LambdaForm$MH/0x0000022dcc0d2000::invokeExact_MT@11
                      ; - jdk.internal.reflect.DirectMethodHandleAccessor::invokeImpl@92 (line 156)
                      ; - jdk.internal.reflect.DirectMethodHandleAccessor::invoke@23 (line 103)
                      ;   {runtime_call throw_null_pointer_exception Runtime1 stub}
  0x0000022dc0a5230c: 1162 ffe8 

  0x0000022dc0a52310: ; ImmutableOopMap {rax=Oop [176]=Oop [184]=Oop [192]=Oop [200]=Oop }
                      ;*athrow {reexecute=1 rethrow=0 return_oop=0}
                      ; - (reexecute) java.lang.invoke.Invokers::checkExactType@15 (line 531)
                      ; - java.lang.invoke.Invokers$Holder::invokeExact_MT@10
                      ; - jdk.internal.reflect.DirectMethodHandleAccessor::invokeImpl@104 (line 157)
                      ; - jdk.internal.reflect.DirectMethodHandleAccessor::invoke@23 (line 103)
  0x0000022dc0a52310: 6c11 62ff 

  0x0000022dc0a52314: ;   {runtime_call fast_new_instance Runtime1 stub}
  0x0000022dc0a52314: 488b d2e8 

  0x0000022dc0a52318: ; ImmutableOopMap {}
                      ;*new {reexecute=0 rethrow=0 return_oop=0}
                      ; - jdk.internal.reflect.DirectMethodHandleAccessor::invoke@36 (line 107)
  0x0000022dc0a52318: e41e 62ff | e90e fcff | ff48 8bd2 

  0x0000022dc0a52324: ;   {runtime_call fast_new_instance Runtime1 stub}
  0x0000022dc0a52324: e8d7 1e62 

  0x0000022dc0a52328: ; ImmutableOopMap {r8=Oop }
                      ;*new {reexecute=0 rethrow=0 return_oop=0}
                      ; - jdk.internal.reflect.DirectMethodHandleAccessor::invoke@46 (line 109)
  0x0000022dc0a52328: ffe9 93fc | ffff 488b 

  0x0000022dc0a52330: ;   {runtime_call fast_new_instance Runtime1 stub}
  0x0000022dc0a52330: d2e8 ca1e 

  0x0000022dc0a52334: ; ImmutableOopMap {[288]=Oop }
                      ;*new {reexecute=0 rethrow=0 return_oop=0}
                      ; - jdk.internal.reflect.DirectMethodHandleAccessor::invoke@64 (line 113)
  0x0000022dc0a52334: 62ff e906 | fdff ff48 

  0x0000022dc0a5233c: ;   {runtime_call fast_new_instance Runtime1 stub}
  0x0000022dc0a5233c: 8bd2 e8bd 

  0x0000022dc0a52340: ; ImmutableOopMap {r8=Oop }
                      ;*new {reexecute=0 rethrow=0 return_oop=0}
                      ; - jdk.internal.reflect.DirectMethodHandleAccessor::invoke@73 (line 115)
  0x0000022dc0a52340: 1e62 ffe9 | 89fd ffff 

  0x0000022dc0a52348: ;   {runtime_call fast_new_instance Runtime1 stub}
  0x0000022dc0a52348: 488b d2e8 

  0x0000022dc0a5234c: ; ImmutableOopMap {[176]=Oop [184]=Oop [192]=Oop }
                      ;*new {reexecute=0 rethrow=0 return_oop=0}
                      ; - jdk.internal.reflect.DirectMethodHandleAccessor::checkReceiver@14 (line 197)
                      ; - jdk.internal.reflect.DirectMethodHandleAccessor::invoke@9 (line 99)
  0x0000022dc0a5234c: b01e 62ff | e9fc fdff | ff48 8bd2 

  0x0000022dc0a52358: ;   {runtime_call fast_new_instance Runtime1 stub}
  0x0000022dc0a52358: e8a3 1e62 

  0x0000022dc0a5235c: ; ImmutableOopMap {r8=Oop }
                      ;*new {reexecute=0 rethrow=0 return_oop=0}
                      ; - jdk.internal.reflect.DirectMethodHandleAccessor::invoke@83 (line 118)
  0x0000022dc0a5235c: ffe9 95fe | ffff 498b | 87f8 0400 | 0049 c787 | f804 0000 | 0000 0000 | 49c7 8700 | 0500 0000 
  0x0000022dc0a5237c: 0000 0048 | 81c4 7001 

  0x0000022dc0a52384: ;   {runtime_call unwind_exception Runtime1 stub}
  0x0000022dc0a52384: 0000 5de9 | 74f3 61ff | f4f4 f4f4 
[Stub Code]
  0x0000022dc0a52390: ;   {no_reloc}
  0x0000022dc0a52390: 0f1f 4400 

  0x0000022dc0a52394: ;   {static_stub}
  0x0000022dc0a52394: 0048 bb00 | 0000 0000 

  0x0000022dc0a5239c: ;   {runtime_call nmethod}
  0x0000022dc0a5239c: 0000 00e9 | fbff ffff 

  0x0000022dc0a523a4: ;   {static_stub}
  0x0000022dc0a523a4: 9048 bb00 | 0000 0000 

  0x0000022dc0a523ac: ;   {runtime_call nmethod}
  0x0000022dc0a523ac: 0000 00e9 | fbff ffff 

  0x0000022dc0a523b4: ;   {static_stub}
  0x0000022dc0a523b4: 48bb 0000 | 0000 0000 

  0x0000022dc0a523bc: ;   {runtime_call nmethod}
  0x0000022dc0a523bc: 0000 e9fb 

  0x0000022dc0a523c0: ;   {static_stub}
  0x0000022dc0a523c0: ffff ff48 | bb00 0000 | 0000 0000 

  0x0000022dc0a523cc: ;   {runtime_call nmethod}
  0x0000022dc0a523cc: 00e9 fbff 

  0x0000022dc0a523d0: ;   {static_stub}
  0x0000022dc0a523d0: ffff 48bb | 0000 0000 | 0000 0000 

  0x0000022dc0a523dc: ;   {runtime_call nmethod}
  0x0000022dc0a523dc: e9fb ffff 

  0x0000022dc0a523e0: ;   {static_stub}
  0x0000022dc0a523e0: ff48 bb00 | 0000 0000 

  0x0000022dc0a523e8: ;   {runtime_call nmethod}
  0x0000022dc0a523e8: 0000 00e9 | fbff ffff 

  0x0000022dc0a523f0: ;   {static_stub}
  0x0000022dc0a523f0: 48bb 0000 | 0000 0000 

  0x0000022dc0a523f8: ;   {runtime_call nmethod}
  0x0000022dc0a523f8: 0000 e9fb 

  0x0000022dc0a523fc: ;   {static_stub}
  0x0000022dc0a523fc: ffff ff48 | bb00 0000 | 0000 0000 

  0x0000022dc0a52408: ;   {runtime_call nmethod}
  0x0000022dc0a52408: 00e9 fbff 

  0x0000022dc0a5240c: ;   {static_stub}
  0x0000022dc0a5240c: ffff 48bb | 0000 0000 | 0000 0000 

  0x0000022dc0a52418: ;   {runtime_call nmethod}
  0x0000022dc0a52418: e9fb ffff 

  0x0000022dc0a5241c: ;   {static_stub}
  0x0000022dc0a5241c: ff48 bb00 | 0000 0000 

  0x0000022dc0a52424: ;   {runtime_call nmethod}
  0x0000022dc0a52424: 0000 00e9 | fbff ffff 

  0x0000022dc0a5242c: ;   {static_stub}
  0x0000022dc0a5242c: 48bb 0000 | 0000 0000 

  0x0000022dc0a52434: ;   {runtime_call nmethod}
  0x0000022dc0a52434: 0000 e9fb 

  0x0000022dc0a52438: ;   {static_stub}
  0x0000022dc0a52438: ffff ff48 | bb00 0000 | 0000 0000 

  0x0000022dc0a52444: ;   {runtime_call nmethod}
  0x0000022dc0a52444: 00e9 fbff 

  0x0000022dc0a52448: ;   {static_stub}
  0x0000022dc0a52448: ffff 48bb | 0000 0000 | 0000 0000 

  0x0000022dc0a52454: ;   {runtime_call nmethod}
  0x0000022dc0a52454: e9fb ffff 

  0x0000022dc0a52458: ;   {runtime_call handle_exception_from_callee Runtime1 stub}
  0x0000022dc0a52458: ffe8 a232 

  0x0000022dc0a5245c: ;   {external_word}
  0x0000022dc0a5245c: 62ff 48b9 | 907f a71b | fe7f 0000 | 4883 e4f0 

  0x0000022dc0a5246c: ;   {runtime_call}
  0x0000022dc0a5246c: 48b8 e044 | 6a1b fe7f | 0000 ffd0 

  0x0000022dc0a52478: ;   {section_word}
  0x0000022dc0a52478: f449 ba79 | 24a5 c02d | 0200 0041 

  0x0000022dc0a52484: ;   {runtime_call DeoptimizationBlob}
  0x0000022dc0a52484: 52e9 1625 

  0x0000022dc0a52488: ;   {section_word}
  0x0000022dc0a52488: 57ff 49ba | 8a24 a5c0 | 2d02 0000 

  0x0000022dc0a52494: ;   {runtime_call DeoptimizationBlob}
  0x0000022dc0a52494: 4152 e905 | 2557 fff4 | f4f4 f4f4 
[/MachCode]


Compiled method (c1) 25819 4233       1       java.lang.reflect.Method::invoke (108 bytes)
 total in heap  [0x0000022dc0a4ed90,0x0000022dc0a4f3a0] = 1552
 relocation     [0x0000022dc0a4eef0,0x0000022dc0a4ef80] = 144
 main code      [0x0000022dc0a4ef80,0x0000022dc0a4f1d8] = 600
 stub code      [0x0000022dc0a4f1d8,0x0000022dc0a4f270] = 152
 metadata       [0x0000022dc0a4f270,0x0000022dc0a4f278] = 8
 scopes data    [0x0000022dc0a4f278,0x0000022dc0a4f2f8] = 128
 scopes pcs     [0x0000022dc0a4f2f8,0x0000022dc0a4f388] = 144
 dependencies   [0x0000022dc0a4f388,0x0000022dc0a4f390] = 8
 nul chk table  [0x0000022dc0a4f390,0x0000022dc0a4f3a0] = 16

[Constant Pool (empty)]

[MachCode]
[Entry Point]
  # {method} {0x0000022dcb043cd8} 'invoke' '(Ljava/lang/Object;[Ljava/lang/Object;)Ljava/lang/Object;' in 'java/lang/reflect/Method'
  # this:     rdx:rdx   = 'java/lang/reflect/Method'
  # parm0:    r8:r8     = 'java/lang/Object'
  # parm1:    r9:r9     = '[Ljava/lang/Object;'
  #           [sp+0x90]  (sp of caller)
  0x0000022dc0a4ef80: 448b 5208 | 49bb 0000 | 00cb 2d02 | 0000 4d03 | d34c 3bd0 

  0x0000022dc0a4ef94: ;   {runtime_call ic_miss_stub}
  0x0000022dc0a4ef94: 0f85 e6f7 | 56ff 660f | 1f44 0000 
[Verified Entry Point]
  0x0000022dc0a4efa0: 8984 2400 | 80ff ff55 | 4881 ec80 | 0000 0090 | 4181 7f20 | 0500 0000 

  0x0000022dc0a4efb8: ;   {runtime_call StubRoutines (final stubs)}
  0x0000022dc0a4efb8: 7405 e8a1 | 5d55 ff48 | 8954 2448 | 4c89 4424 | 504c 894c | 2458 488b | f248 8bd6 

  0x0000022dc0a4efd4: ;   {optimized virtual_call}
  0x0000022dc0a4efd4: 6666 90e8 

  0x0000022dc0a4efd8: ; ImmutableOopMap {[72]=Oop [80]=Oop [88]=Oop }
                      ;*invokevirtual isCallerSensitive {reexecute=0 rethrow=0 return_oop=0}
                      ; - java.lang.reflect.Method::invoke@1 (line 561)
  0x0000022dc0a4efd8: 8426 feff 

  0x0000022dc0a4efdc: ;   {other}
  0x0000022dc0a4efdc: 0f1f 8400 | 4c02 0000 | 488b 5424 | 480f be72 | 0c85 f60f | 841b 0000 | 0085 c00f | 8513 0000 
  0x0000022dc0a4effc: ;   {oop(nullptr)}
  0x0000022dc0a4effc: 0048 bb00 | 0000 0000 | 0000 0089 | 4424 60e9 | 1c00 0000 | 8944 2460 

  0x0000022dc0a4f014: ;   {static_call}
  0x0000022dc0a4f014: 6666 90e8 

  0x0000022dc0a4f018: ; ImmutableOopMap {[72]=Oop [80]=Oop [88]=Oop }
                      ;*invokestatic getCallerClass {reexecute=0 rethrow=0 return_oop=0}
                      ; - java.lang.reflect.Method::invoke@19 (line 564)
  0x0000022dc0a4f018: c4ed 7bff 

  0x0000022dc0a4f01c: ;   {other}
  0x0000022dc0a4f01c: 0f1f 8400 | 8c02 0001 | 488b d848 | 8b54 2448 | 440f be42 | 0c45 85c0 | 0f84 0a00 | 0000 4889 
  0x0000022dc0a4f03c: 5c24 68e9 | 7d00 0000 | 448b 4a24 | 49c1 e103 | 8b72 204c | 8bc6 4183 | e008 4585 | c041 b800 
  0x0000022dc0a4f05c: 0000 0074 | 0641 b801 | 0000 0041 | 83e0 0145 | 85c0 0f84 | 0f00 0000 

  0x0000022dc0a4f074: ;   {oop(nullptr)}
  0x0000022dc0a4f074: 48bf 0000 | 0000 0000 | 0000 e91d | 0000 004c | 8b44 2450 

  0x0000022dc0a4f088: ; implicit exception: dispatches to 0x0000022dc0a4f17a
  0x0000022dc0a4f088: 418b 7808 | 49ba 0000 | 00cb 2d02 | 0000 4903 | fa48 8b7f | 7048 8b3f | 4c8b c348 | 8bca 488b 
  0x0000022dc0a4f0a8: d148 895c 

  0x0000022dc0a4f0ac: ;   {optimized virtual_call}
  0x0000022dc0a4f0ac: 2468 90e8 

  0x0000022dc0a4f0b0: ; ImmutableOopMap {[72]=Oop [80]=Oop [88]=Oop [104]=Oop }
                      ;*invokevirtual checkAccess {reexecute=0 rethrow=0 return_oop=0}
                      ; - java.lang.reflect.Method::invoke@60 (line 571)
  0x0000022dc0a4f0b0: 4cb4 87ff 

  0x0000022dc0a4f0b4: ;   {other}
  0x0000022dc0a4f0b4: 0f1f 8400 | 2403 0002 | 488b 5424 | 488b 724c | 48c1 e603 | 4885 f60f | 8516 0000 | 0066 0f1f 
  0x0000022dc0a4f0d4: ;   {optimized virtual_call}
  0x0000022dc0a4f0d4: 4400 00e8 

  0x0000022dc0a4f0d8: ; ImmutableOopMap {[80]=Oop [88]=Oop [104]=Oop }
                      ;*invokevirtual acquireMethodAccessor {reexecute=0 rethrow=0 return_oop=0}
                      ; - java.lang.reflect.Method::invoke@75 (line 577)
  0x0000022dc0a4f0d8: 4d01 0000 

  0x0000022dc0a4f0dc: ;   {other}
  0x0000022dc0a4f0dc: 0f1f 8400 | 4c03 0003 | 488b f08b | 4424 6085 | c00f 8447 | 0000 0048 | 8b5c 2468 | 4c8b 4424 
  0x0000022dc0a4f0fc: 504c 8b4c | 2458 488b | fb48 8bd6 | 0f1f 4400 | 0048 b8ff | ffff ffff 

  0x0000022dc0a4f114: ;   {virtual_call}
  0x0000022dc0a4f114: ffff ffe8 

  0x0000022dc0a4f118: ; ImmutableOopMap {}
                      ;*invokeinterface invoke {reexecute=0 rethrow=0 return_oop=0}
                      ; - java.lang.reflect.Method::invoke@90 (line 580)
  0x0000022dc0a4f118: 64fc 56ff 

  0x0000022dc0a4f11c: ;   {other}
  0x0000022dc0a4f11c: 0f1f 8400 | 8c03 0004 | 4881 c480 | 0000 005d 

  0x0000022dc0a4f12c: ;   {poll_return}
  0x0000022dc0a4f12c: 493b a748 | 0400 000f | 8746 0000 | 00c3 4c8b | 4c24 584c | 8b44 2450 | 488b d666 | 0f1f 4400 
  0x0000022dc0a4f14c: 0048 b8b8 | dc19 cb2d 

  0x0000022dc0a4f154: ;   {virtual_call}
  0x0000022dc0a4f154: 0200 00e8 

  0x0000022dc0a4f158: ; ImmutableOopMap {}
                      ;*invokeinterface invoke {reexecute=0 rethrow=0 return_oop=0}
                      ; - java.lang.reflect.Method::invoke@102 (line 580)
  0x0000022dc0a4f158: 4427 0000 

  0x0000022dc0a4f15c: ;   {other}
  0x0000022dc0a4f15c: 0f1f 8400 | cc03 0005 | 4881 c480 | 0000 005d 

  0x0000022dc0a4f16c: ;   {poll_return}
  0x0000022dc0a4f16c: 493b a748 | 0400 000f | 871c 0000 

  0x0000022dc0a4f178: ;   {runtime_call throw_null_pointer_exception Runtime1 stub}
  0x0000022dc0a4f178: 00c3 e801 

  0x0000022dc0a4f17c: ; ImmutableOopMap {rbx=Oop rdx=Oop r9=Oop r8=Oop [72]=Oop [80]=Oop [88]=Oop }
                      ;*invokevirtual getClass {reexecute=0 rethrow=0 return_oop=0}
                      ; - java.lang.reflect.Method::invoke@53 (line 572)
                      ;   {internal_word}
  0x0000022dc0a4f17c: 4362 ff49 | ba2c f1a4 | c02d 0200 | 004d 8997 | 6004 0000 

  0x0000022dc0a4f190: ;   {runtime_call SafepointBlob}
  0x0000022dc0a4f190: e96b 6557 

  0x0000022dc0a4f194: ;   {internal_word}
  0x0000022dc0a4f194: ff49 ba6c | f1a4 c02d | 0200 004d | 8997 6004 

  0x0000022dc0a4f1a4: ;   {runtime_call SafepointBlob}
  0x0000022dc0a4f1a4: 0000 e955 | 6557 ff49 | 8b87 f804 | 0000 49c7 | 87f8 0400 | 0000 0000 | 0049 c787 | 0005 0000 
  0x0000022dc0a4f1c4: 0000 0000 | 4881 c480 | 0000 005d 

  0x0000022dc0a4f1d0: ;   {runtime_call unwind_exception Runtime1 stub}
  0x0000022dc0a4f1d0: e92b 2562 | fff4 f4f4 
[Stub Code]
  0x0000022dc0a4f1d8: ;   {no_reloc}
  0x0000022dc0a4f1d8: 0f1f 4400 

  0x0000022dc0a4f1dc: ;   {static_stub}
  0x0000022dc0a4f1dc: 0048 bb00 | 0000 0000 

  0x0000022dc0a4f1e4: ;   {runtime_call nmethod}
  0x0000022dc0a4f1e4: 0000 00e9 | fbff ffff 

  0x0000022dc0a4f1ec: ;   {static_stub}
  0x0000022dc0a4f1ec: 9048 bb00 | 0000 0000 

  0x0000022dc0a4f1f4: ;   {runtime_call nmethod}
  0x0000022dc0a4f1f4: 0000 00e9 | fbff ffff 

  0x0000022dc0a4f1fc: ;   {static_stub}
  0x0000022dc0a4f1fc: 48bb 0000 | 0000 0000 

  0x0000022dc0a4f204: ;   {runtime_call nmethod}
  0x0000022dc0a4f204: 0000 e9fb 

  0x0000022dc0a4f208: ;   {static_stub}
  0x0000022dc0a4f208: ffff ff48 | bb00 0000 | 0000 0000 

  0x0000022dc0a4f214: ;   {runtime_call nmethod}
  0x0000022dc0a4f214: 00e9 fbff 

  0x0000022dc0a4f218: ;   {static_stub}
  0x0000022dc0a4f218: ffff 48bb | 0000 0000 | 0000 0000 

  0x0000022dc0a4f224: ;   {runtime_call nmethod}
  0x0000022dc0a4f224: e9fb ffff 

  0x0000022dc0a4f228: ;   {static_stub}
  0x0000022dc0a4f228: ff48 bb48 | 4104 cb2d 

  0x0000022dc0a4f230: ;   {runtime_call I2C/C2I adapters}
  0x0000022dc0a4f230: 0200 00e9 | 2b42 57ff 
[Exception Handler]
  0x0000022dc0a4f238: ;   {runtime_call handle_exception_from_callee Runtime1 stub}
  0x0000022dc0a4f238: e8c3 6462 

  0x0000022dc0a4f23c: ;   {external_word}
  0x0000022dc0a4f23c: ff48 b990 | 7fa7 1bfe | 7f00 0048 

  0x0000022dc0a4f248: ;   {runtime_call}
  0x0000022dc0a4f248: 83e4 f048 | b8e0 446a | 1bfe 7f00 | 00ff d0f4 
[Deopt Handler Code]
  0x0000022dc0a4f258: ;   {section_word}
  0x0000022dc0a4f258: 49ba 58f2 | a4c0 2d02 | 0000 4152 

  0x0000022dc0a4f264: ;   {runtime_call DeoptimizationBlob}
  0x0000022dc0a4f264: e937 5757 | fff4 f4f4 | f4f4 f4f4 
[/MachCode]


---------------  P R O C E S S  ---------------

Threads class SMR info:
_java_thread_list=0x0000022e11ac2cc0, length=39, elements={
0x0000022dcaba3a70, 0x0000022dcaba40d0, 0x0000022dcaba7b40, 0x0000022dcaba8550,
0x0000022dcabaa890, 0x0000022dcabaf7d0, 0x0000022dcabc18f0, 0x0000022dcaccf210,
0x0000022dcad35670, 0x0000022e1041d7c0, 0x0000022e104362a0, 0x0000022e10448420,
0x0000022e1047dd00, 0x0000022e10495180, 0x0000022e1049e880, 0x0000022e1049c120,
0x0000022e1072ee60, 0x0000022e111add20, 0x0000022e111ac2e0, 0x0000022e111ad000,
0x0000022e8b21d630, 0x0000022e8b21dcc0, 0x0000022e8b21f700, 0x0000022e8b21c280,
0x0000022e8b21fd90, 0x0000022e8b21c910, 0x0000022e8b220420, 0x0000022e8b21e9e0,
0x0000022e8b21e350, 0x0000022e8b21cfa0, 0x0000022e8b21f070, 0x0000022e8b2238a0,
0x0000022e8b2217d0, 0x0000022e8b221140, 0x0000022e8b2224f0, 0x0000022e8b222b80,
0x0000022e8b223210, 0x0000022e8b220ab0, 0x0000022e111ad690
}

Java Threads: ( => current thread )
  0x0000022dcaba3a70 JavaThread "Reference Handler"          daemon [_thread_blocked, id=8172, stack(0x000000e69c000000,0x000000e69c100000) (1024K)]
  0x0000022dcaba40d0 JavaThread "Finalizer"                  daemon [_thread_blocked, id=17768, stack(0x000000e69c100000,0x000000e69c200000) (1024K)]
  0x0000022dcaba7b40 JavaThread "Signal Dispatcher"          daemon [_thread_blocked, id=12348, stack(0x000000e69c200000,0x000000e69c300000) (1024K)]
  0x0000022dcaba8550 JavaThread "Attach Listener"            daemon [_thread_blocked, id=11356, stack(0x000000e69c300000,0x000000e69c400000) (1024K)]
  0x0000022dcabaa890 JavaThread "Service Thread"             daemon [_thread_blocked, id=20708, stack(0x000000e69c400000,0x000000e69c500000) (1024K)]
  0x0000022dcabaf7d0 JavaThread "Monitor Deflation Thread"   daemon [_thread_blocked, id=6676, stack(0x000000e69c500000,0x000000e69c600000) (1024K)]
  0x0000022dcabc18f0 JavaThread "C1 CompilerThread0"         daemon [_thread_blocked, id=9668, stack(0x000000e69c600000,0x000000e69c700000) (1024K)]
  0x0000022dcaccf210 JavaThread "Common-Cleaner"             daemon [_thread_blocked, id=3312, stack(0x000000e69c700000,0x000000e69c800000) (1024K)]
  0x0000022dcad35670 JavaThread "Notification Thread"        daemon [_thread_blocked, id=14400, stack(0x000000e69ca00000,0x000000e69cb00000) (1024K)]
  0x0000022e1041d7c0 JavaThread "RMI TCP Accept-0"           daemon [_thread_in_native, id=21572, stack(0x000000e69cc00000,0x000000e69cd00000) (1024K)]
  0x0000022e104362a0 JavaThread "RMI TCP Accept-12533"       daemon [_thread_in_native, id=4192, stack(0x000000e69cd00000,0x000000e69ce00000) (1024K)]
  0x0000022e10448420 JavaThread "RMI TCP Accept-0"           daemon [_thread_in_native, id=9964, stack(0x000000e69ce00000,0x000000e69cf00000) (1024K)]
  0x0000022e1047dd00 JavaThread "RMI TCP Connection(1)-127.0.0.1" daemon [_thread_in_native, id=17300, stack(0x000000e69cf00000,0x000000e69d000000) (1024K)]
  0x0000022e10495180 JavaThread "RMI Scheduler(0)"           daemon [_thread_blocked, id=11916, stack(0x000000e69d000000,0x000000e69d100000) (1024K)]
  0x0000022e1049e880 JavaThread "RMI TCP Connection(2)-127.0.0.1" daemon [_thread_in_native, id=6916, stack(0x000000e69d100000,0x000000e69d200000) (1024K)]
  0x0000022e1049c120 JavaThread "JMX server connection timeout 28" daemon [_thread_blocked, id=20644, stack(0x000000e69d200000,0x000000e69d300000) (1024K)]
  0x0000022e1072ee60 JavaThread "JavaCPP Deallocator"        daemon [_thread_blocked, id=20436, stack(0x000000e69da00000,0x000000e69db00000) (1024K)]
  0x0000022e111add20 JavaThread "Catalina-utility-1"                [_thread_blocked, id=3532, stack(0x000000e69f700000,0x000000e69f800000) (1024K)]
  0x0000022e111ac2e0 JavaThread "Catalina-utility-2"                [_thread_blocked, id=20688, stack(0x000000e69f800000,0x000000e69f900000) (1024K)]
  0x0000022e111ad000 JavaThread "container-0"                       [_thread_blocked, id=20540, stack(0x000000e69f900000,0x000000e69fa00000) (1024K)]
  0x0000022e8b21d630 JavaThread "File Watcher"               daemon [_thread_blocked, id=21256, stack(0x000000e69fa00000,0x000000e69fb00000) (1024K)]
=>0x0000022e8b21dcc0 JavaThread "http-nio-8080-exec-1"       daemon [_thread_in_native, id=4648, stack(0x000000e69fb00000,0x000000e69fc00000) (1024K)]
  0x0000022e8b21f700 JavaThread "http-nio-8080-exec-2"       daemon [_thread_blocked, id=4964, stack(0x000000e69fc00000,0x000000e69fd00000) (1024K)]
  0x0000022e8b21c280 JavaThread "http-nio-8080-exec-3"       daemon [_thread_blocked, id=424, stack(0x000000e69fd00000,0x000000e69fe00000) (1024K)]
  0x0000022e8b21fd90 JavaThread "http-nio-8080-exec-4"       daemon [_thread_blocked, id=14316, stack(0x000000e69fe00000,0x000000e69ff00000) (1024K)]
  0x0000022e8b21c910 JavaThread "http-nio-8080-exec-5"       daemon [_thread_blocked, id=22440, stack(0x000000e69ff00000,0x000000e6a0000000) (1024K)]
  0x0000022e8b220420 JavaThread "http-nio-8080-exec-6"       daemon [_thread_blocked, id=10832, stack(0x000000e6a0000000,0x000000e6a0100000) (1024K)]
  0x0000022e8b21e9e0 JavaThread "http-nio-8080-exec-7"       daemon [_thread_blocked, id=15596, stack(0x000000e6a0100000,0x000000e6a0200000) (1024K)]
  0x0000022e8b21e350 JavaThread "http-nio-8080-exec-8"       daemon [_thread_blocked, id=19008, stack(0x000000e6a0200000,0x000000e6a0300000) (1024K)]
  0x0000022e8b21cfa0 JavaThread "http-nio-8080-exec-9"       daemon [_thread_blocked, id=12088, stack(0x000000e6a0300000,0x000000e6a0400000) (1024K)]
  0x0000022e8b21f070 JavaThread "http-nio-8080-exec-10"      daemon [_thread_blocked, id=11788, stack(0x000000e6a0400000,0x000000e6a0500000) (1024K)]
  0x0000022e8b2238a0 JavaThread "http-nio-8080-Poller"       daemon [_thread_in_native, id=8848, stack(0x000000e6a0500000,0x000000e6a0600000) (1024K)]
  0x0000022e8b2217d0 JavaThread "http-nio-8080-Acceptor"     daemon [_thread_in_native, id=11440, stack(0x000000e6a0600000,0x000000e6a0700000) (1024K)]
  0x0000022e8b221140 JavaThread "DestroyJavaVM"                     [_thread_blocked, id=220, stack(0x000000e69b800000,0x000000e69b900000) (1024K)]
  0x0000022e8b2224f0 JavaThread "RMI TCP Connection(3)-127.0.0.1" daemon [_thread_in_native, id=13032, stack(0x000000e69f600000,0x000000e69f700000) (1024K)]
  0x0000022e8b222b80 JavaThread "RMI TCP Connection(4)-127.0.0.1" daemon [_thread_in_native, id=15640, stack(0x000000e6a0700000,0x000000e6a0800000) (1024K)]
  0x0000022e8b223210 JavaThread "RMI TCP Connection(5)-127.0.0.1" daemon [_thread_in_native, id=21764, stack(0x000000e6a0800000,0x000000e6a0900000) (1024K)]
  0x0000022e8b220ab0 JavaThread "RMI TCP Connection(6)-127.0.0.1" daemon [_thread_in_native, id=12048, stack(0x000000e6a0900000,0x000000e6a0a00000) (1024K)]
  0x0000022e111ad690 JavaThread "RMI TCP Connection(7)-127.0.0.1" daemon [_thread_in_native, id=8492, stack(0x000000e6a0b00000,0x000000e6a0c00000) (1024K)]
Total: 39

Other Threads:
  0x0000022dcab858b0 VMThread "VM Thread"                           [id=20808, stack(0x000000e69bf00000,0x000000e69c000000) (1024K)]
  0x0000022dcab76380 WatcherThread "VM Periodic Task Thread"        [id=4844, stack(0x000000e69be00000,0x000000e69bf00000) (1024K)]
  0x0000022dbc642620 WorkerThread "GC Thread#0"                     [id=12644, stack(0x000000e69b900000,0x000000e69ba00000) (1024K)]
  0x0000022e104a83c0 WorkerThread "GC Thread#1"                     [id=15464, stack(0x000000e69d300000,0x000000e69d400000) (1024K)]
  0x0000022e104a8760 WorkerThread "GC Thread#2"                     [id=21612, stack(0x000000e69d400000,0x000000e69d500000) (1024K)]
  0x0000022e104a8b00 WorkerThread "GC Thread#3"                     [id=4912, stack(0x000000e69d500000,0x000000e69d600000) (1024K)]
  0x0000022e104a92b0 WorkerThread "GC Thread#4"                     [id=21152, stack(0x000000e69d600000,0x000000e69d700000) (1024K)]
  0x0000022e104fbbe0 WorkerThread "GC Thread#5"                     [id=4672, stack(0x000000e69d700000,0x000000e69d800000) (1024K)]
  0x0000022e105045c0 WorkerThread "GC Thread#6"                     [id=9476, stack(0x000000e69d800000,0x000000e69d900000) (1024K)]
  0x0000022e10505980 WorkerThread "GC Thread#7"                     [id=18488, stack(0x000000e69d900000,0x000000e69da00000) (1024K)]
  0x0000022e11517ba0 WorkerThread "GC Thread#8"                     [id=10700, stack(0x000000e69db00000,0x000000e69dc00000) (1024K)]
  0x0000022e116b6140 WorkerThread "GC Thread#9"                     [id=10960, stack(0x000000e69f200000,0x000000e69f300000) (1024K)]
  0x0000022dbc652820 ConcurrentGCThread "G1 Main Marker"            [id=20496, stack(0x000000e69ba00000,0x000000e69bb00000) (1024K)]
  0x0000022dbc656760 WorkerThread "G1 Conc#0"                       [id=17704, stack(0x000000e69bb00000,0x000000e69bc00000) (1024K)]
  0x0000022e116b6c20 WorkerThread "G1 Conc#1"                       [id=19712, stack(0x000000e69f300000,0x000000e69f400000) (1024K)]
  0x0000022e116b6fc0 WorkerThread "G1 Conc#2"                       [id=19648, stack(0x000000e69f400000,0x000000e69f500000) (1024K)]
  0x0000022dcaa46ab0 ConcurrentGCThread "G1 Refine#0"               [id=6056, stack(0x000000e69bc00000,0x000000e69bd00000) (1024K)]
  0x0000022dcaa48ef0 ConcurrentGCThread "G1 Service"                [id=15972, stack(0x000000e69bd00000,0x000000e69be00000) (1024K)]
Total: 18

Threads with active compile tasks:
Total: 0

VM state: not at safepoint (normal execution)

VM Mutex/Monitor currently owned by a thread: None

Heap address: 0x000000070ce00000, size: 3890 MB, Compressed Oops mode: Zero based, Oop shift amount: 3

CDS archive(s) mapped at: [0x0000022dcb000000-0x0000022dcbc80000-0x0000022dcbc80000), size 13107200, SharedBaseAddress: 0x0000022dcb000000, ArchiveRelocationMode: 1.
Compressed class space mapped at: 0x0000022dcc000000-0x0000022e0c000000, reserved size: 1073741824
Narrow klass base: 0x0000022dcb000000, Narrow klass shift: 0, Narrow klass range: 0x100000000

GC Precious Log:
 CardTable entry size: 512
 Card Set container configuration: InlinePtr #cards 4 size 8 Array Of Cards #cards 16 size 48 Howl #buckets 8 coarsen threshold 3686 Howl Bitmap #cards 512 size 80 coarsen threshold 460 Card regions per heap region 1 cards per card region 4096
 CPUs: 12 total, 12 available
 Memory: 15557M
 Large Page Support: Disabled
 NUMA Support: Disabled
 Compressed Oops: Enabled (Zero based)
 Heap Region Size: 2M
 Heap Min Capacity: 8M
 Heap Initial Capacity: 244M
 Heap Max Capacity: 3890M
 Pre-touch: Disabled
 Parallel Workers: 10
 Concurrent Workers: 3
 Concurrent Refinement Workers: 10
 Periodic GC: Disabled

Heap:
 garbage-first heap   total 55296K, used 31899K [0x000000070ce00000, 0x0000000800000000)
  region size 2048K, 8 young (16384K), 2 survivors (4096K)
 Metaspace       used 44247K, committed 44992K, reserved 1114112K
  class space    used 5490K, committed 5824K, reserved 1048576K

Heap Regions: E=young(eden), S=young(survivor), O=old, HS=humongous(starts), HC=humongous(continues), CS=collection set, F=free, TAMS=top-at-mark-start, PB=parsable bottom
|   0|0x000000070ce00000, 0x000000070d000000, 0x000000070d000000|100%| O|  |TAMS 0x000000070ce00000| PB 0x000000070ce00000| Untracked 
|   1|0x000000070d000000, 0x000000070d200000, 0x000000070d200000|100%| O|  |TAMS 0x000000070d000000| PB 0x000000070d000000| Untracked 
|   2|0x000000070d200000, 0x000000070d400000, 0x000000070d400000|100%| O|  |TAMS 0x000000070d200000| PB 0x000000070d200000| Untracked 
|   3|0x000000070d400000, 0x000000070d600000, 0x000000070d600000|100%| O|  |TAMS 0x000000070d400000| PB 0x000000070d400000| Untracked 
|   4|0x000000070d600000, 0x000000070d800000, 0x000000070d800000|100%| O|  |TAMS 0x000000070d600000| PB 0x000000070d600000| Untracked 
|   5|0x000000070d800000, 0x000000070da00000, 0x000000070da00000|100%| O|  |TAMS 0x000000070d800000| PB 0x000000070d800000| Untracked 
|   6|0x000000070da00000, 0x000000070dc00000, 0x000000070dc00000|100%| O|  |TAMS 0x000000070da00000| PB 0x000000070da00000| Untracked 
|   7|0x000000070dc00000, 0x000000070de00000, 0x000000070de00000|100%| O|  |TAMS 0x000000070dc00000| PB 0x000000070dc00000| Untracked 
|   8|0x000000070de00000, 0x000000070df26fd0, 0x000000070e000000| 57%| O|  |TAMS 0x000000070de00000| PB 0x000000070de00000| Untracked 
|   9|0x000000070e000000, 0x000000070e000000, 0x000000070e200000|  0%| F|  |TAMS 0x000000070e000000| PB 0x000000070e000000| Untracked 
|  10|0x000000070e200000, 0x000000070e200000, 0x000000070e400000|  0%| F|  |TAMS 0x000000070e200000| PB 0x000000070e200000| Untracked 
|  11|0x000000070e400000, 0x000000070e400000, 0x000000070e600000|  0%| F|  |TAMS 0x000000070e400000| PB 0x000000070e400000| Untracked 
|  12|0x000000070e600000, 0x000000070e600000, 0x000000070e800000|  0%| F|  |TAMS 0x000000070e600000| PB 0x000000070e600000| Untracked 
|  13|0x000000070e800000, 0x000000070ea00000, 0x000000070ea00000|100%| S|CS|TAMS 0x000000070e800000| PB 0x000000070e800000| Complete 
|  14|0x000000070ea00000, 0x000000070ec00000, 0x000000070ec00000|100%| S|CS|TAMS 0x000000070ea00000| PB 0x000000070ea00000| Complete 
|  15|0x000000070ec00000, 0x000000070ec00000, 0x000000070ee00000|  0%| F|  |TAMS 0x000000070ec00000| PB 0x000000070ec00000| Untracked 
|  16|0x000000070ee00000, 0x000000070ee00000, 0x000000070f000000|  0%| F|  |TAMS 0x000000070ee00000| PB 0x000000070ee00000| Untracked 
|  17|0x000000070f000000, 0x000000070f000000, 0x000000070f200000|  0%| F|  |TAMS 0x000000070f000000| PB 0x000000070f000000| Untracked 
|  18|0x000000070f200000, 0x000000070f200000, 0x000000070f400000|  0%| F|  |TAMS 0x000000070f200000| PB 0x000000070f200000| Untracked 
|  19|0x000000070f400000, 0x000000070f400000, 0x000000070f600000|  0%| F|  |TAMS 0x000000070f400000| PB 0x000000070f400000| Untracked 
|  20|0x000000070f600000, 0x000000070f600000, 0x000000070f800000|  0%| F|  |TAMS 0x000000070f600000| PB 0x000000070f600000| Untracked 
|  21|0x000000070f800000, 0x000000070f9e9f80, 0x000000070fa00000| 95%| E|  |TAMS 0x000000070f800000| PB 0x000000070f800000| Complete 
|  22|0x000000070fa00000, 0x000000070fc00000, 0x000000070fc00000|100%| E|CS|TAMS 0x000000070fa00000| PB 0x000000070fa00000| Complete 
|  23|0x000000070fc00000, 0x000000070fe00000, 0x000000070fe00000|100%| E|CS|TAMS 0x000000070fc00000| PB 0x000000070fc00000| Complete 
|  24|0x000000070fe00000, 0x0000000710000000, 0x0000000710000000|100%| E|CS|TAMS 0x000000070fe00000| PB 0x000000070fe00000| Complete 
|  25|0x0000000710000000, 0x0000000710200000, 0x0000000710200000|100%| E|CS|TAMS 0x0000000710000000| PB 0x0000000710000000| Complete 
| 121|0x000000071c000000, 0x000000071c200000, 0x000000071c200000|100%| E|CS|TAMS 0x000000071c000000| PB 0x000000071c000000| Complete 

Card table byte_map: [0x0000022dc3a40000,0x0000022dc41e0000] _byte_map_base: 0x0000022dc01d9000

Marking Bits: (CMBitMap*) 0x0000022dbc642c30
 Bits: [0x0000022dc41e0000, 0x0000022dc7ea8000)

Polling page: 0x0000022dba460000

Metaspace:

Usage:
  Non-class:     37.85 MB used.
      Class:      5.36 MB used.
       Both:     43.21 MB used.

Virtual space:
  Non-class space:       64.00 MB reserved,      38.25 MB ( 60%) committed,  1 nodes.
      Class space:        1.00 GB reserved,       5.69 MB ( <1%) committed,  1 nodes.
             Both:        1.06 GB reserved,      43.94 MB (  4%) committed. 

Chunk freelists:
   Non-Class:  9.14 MB
       Class:  10.16 MB
        Both:  19.30 MB

MaxMetaspaceSize: unlimited
CompressedClassSpaceSize: 1.00 GB
Initial GC threshold: 21.00 MB
Current GC threshold: 48.88 MB
CDS: on
 - commit_granule_bytes: 65536.
 - commit_granule_words: 8192.
 - virtual_space_node_default_size: 8388608.
 - enlarge_chunks_in_place: 1.
 - use_allocation_guard: 0.


Internal statistics:

num_allocs_failed_limit: 3.
num_arena_births: 924.
num_arena_deaths: 0.
num_vsnodes_births: 2.
num_vsnodes_deaths: 0.
num_space_committed: 701.
num_space_uncommitted: 0.
num_chunks_returned_to_freelist: 3.
num_chunks_taken_from_freelist: 2463.
num_chunk_merges: 0.
num_chunk_splits: 1748.
num_chunks_enlarged: 1297.
num_inconsistent_stats: 0.

CodeCache: size=49152Kb used=10127Kb max_used=11802Kb free=39024Kb
 bounds [0x0000022dbff70000, 0x0000022dc0b00000, 0x0000022dc2f70000]
 total_blobs=5875 nmethods=4594 adapters=1205
 compilation: enabled
              stopped_count=0, restarted_count=0
 full_count=0

Compilation events (20 events):
Event: 10.683 Thread 0x0000022dcacda5b0 4633       1       java.io.File::isFile (34 bytes)
Event: 10.684 Thread 0x0000022dcacda5b0 nmethod 4633 0x0000022dc0af6310 code [0x0000022dc0af6500, 0x0000022dc0af6708]
Event: 12.727 Thread 0x0000022dcacd7b00 4634       1       org.springframework.boot.devtools.filewatch.FileSnapshot::hashCode (49 bytes)
Event: 12.727 Thread 0x0000022dcacd7b00 nmethod 4634 0x0000022dc035b310 code [0x0000022dc035b4c0, 0x0000022dc035b660]
Event: 13.881 Thread 0x0000022dcacd7b00 4636       1       jdk.internal.loader.NativeLibraries::find (70 bytes)
Event: 13.882 Thread 0x0000022dcacd7b00 nmethod 4636 0x0000022dc035a610 code [0x0000022dc035a820, 0x0000022dc035aaf8]
Event: 15.792 Thread 0x0000022dcacd7b00 4637       1       java.io.File::<init> (78 bytes)
Event: 15.792 Thread 0x0000022dcacd7b00 nmethod 4637 0x0000022dc035a210 code [0x0000022dc035a3c0, 0x0000022dc035a560]
Event: 17.226 Thread 0x0000022dcabc18f0 4638       1       org.springframework.boot.devtools.filewatch.FileSnapshot::equals (110 bytes)
Event: 17.226 Thread 0x0000022dcabc18f0 nmethod 4638 0x0000022dc0359b10 code [0x0000022dc0359ce0, 0x0000022dc035a048]
Event: 22.319 Thread 0x0000022dcabc18f0 4639       1       java.util.HashMap$KeySet::size (8 bytes)
Event: 22.319 Thread 0x0000022dcabc18f0 nmethod 4639 0x0000022dc0359810 code [0x0000022dc03599a0, 0x0000022dc0359a78]
Event: 24.961 Thread 0x0000022dcabc18f0 4641       1       java.io.File::listFiles (52 bytes)
Event: 24.961 Thread 0x0000022dcabc18f0 nmethod 4641 0x0000022dc0359110 code [0x0000022dc03592e0, 0x0000022dc0359688]
Event: 24.961 Thread 0x0000022dcabc18f0 4640       1       org.springframework.boot.devtools.filewatch.DirectorySnapshot::collectFiles (99 bytes)
Event: 24.962 Thread 0x0000022dcabc18f0 nmethod 4640 0x0000022dc0358510 code [0x0000022dc0358780, 0x0000022dc0358ca8]
Event: 24.962 Thread 0x0000022dcabc18f0 4642       1       java.io.File::normalizedList (86 bytes)
Event: 24.963 Thread 0x0000022dcabc18f0 nmethod 4642 0x0000022dc0357c90 code [0x0000022dc0357ea0, 0x0000022dc03582f0]
Event: 24.963 Thread 0x0000022dcabc18f0 4643   !   1       java.io.WinNTFileSystem::list (27 bytes)
Event: 24.963 Thread 0x0000022dcabc18f0 nmethod 4643 0x0000022dc0357810 code [0x0000022dc03579e0, 0x0000022dc0357b68]

GC Heap History (20 events):
Event: 1.630 GC heap before
{Heap before GC invocations=2 (full 0):
 garbage-first heap   total 249856K, used 159702K [0x000000070ce00000, 0x0000000800000000)
  region size 2048K, 73 young (149504K), 1 survivors (2048K)
 Metaspace       used 14393K, committed 14656K, reserved 1114112K
  class space    used 1283K, committed 1408K, reserved 1048576K
}
Event: 1.631 GC heap after
{Heap after GC invocations=3 (full 0):
 garbage-first heap   total 249856K, used 8608K [0x000000070ce00000, 0x0000000800000000)
  region size 2048K, 1 young (2048K), 1 survivors (2048K)
 Metaspace       used 14393K, committed 14656K, reserved 1114112K
  class space    used 1283K, committed 1408K, reserved 1048576K
}
Event: 2.079 GC heap before
{Heap before GC invocations=3 (full 0):
 garbage-first heap   total 249856K, used 63904K [0x000000070ce00000, 0x0000000800000000)
  region size 2048K, 29 young (59392K), 1 survivors (2048K)
 Metaspace       used 17488K, committed 17792K, reserved 1114112K
  class space    used 1737K, committed 1856K, reserved 1048576K
}
Event: 2.080 GC heap after
{Heap after GC invocations=4 (full 0):
 garbage-first heap   total 249856K, used 9732K [0x000000070ce00000, 0x0000000800000000)
  region size 2048K, 2 young (4096K), 2 survivors (4096K)
 Metaspace       used 17488K, committed 17792K, reserved 1114112K
  class space    used 1737K, committed 1856K, reserved 1048576K
}
Event: 2.229 GC heap before
{Heap before GC invocations=5 (full 0):
 garbage-first heap   total 40960K, used 30212K [0x000000070ce00000, 0x0000000800000000)
  region size 2048K, 12 young (24576K), 2 survivors (4096K)
 Metaspace       used 19087K, committed 19392K, reserved 1114112K
  class space    used 1950K, committed 2112K, reserved 1048576K
}
Event: 2.231 GC heap after
{Heap after GC invocations=6 (full 0):
 garbage-first heap   total 40960K, used 10186K [0x000000070ce00000, 0x0000000800000000)
  region size 2048K, 2 young (4096K), 2 survivors (4096K)
 Metaspace       used 19087K, committed 19392K, reserved 1114112K
  class space    used 1950K, committed 2112K, reserved 1048576K
}
Event: 2.439 GC heap before
{Heap before GC invocations=6 (full 0):
 garbage-first heap   total 40960K, used 26570K [0x000000070ce00000, 0x0000000800000000)
  region size 2048K, 11 young (22528K), 2 survivors (4096K)
 Metaspace       used 21919K, committed 22272K, reserved 1114112K
  class space    used 2395K, committed 2560K, reserved 1048576K
}
Event: 2.442 GC heap after
{Heap after GC invocations=7 (full 0):
 garbage-first heap   total 40960K, used 11298K [0x000000070ce00000, 0x0000000800000000)
  region size 2048K, 2 young (4096K), 2 survivors (4096K)
 Metaspace       used 21919K, committed 22272K, reserved 1114112K
  class space    used 2395K, committed 2560K, reserved 1048576K
}
Event: 2.567 GC heap before
{Heap before GC invocations=7 (full 0):
 garbage-first heap   total 40960K, used 27682K [0x000000070ce00000, 0x0000000800000000)
  region size 2048K, 11 young (22528K), 2 survivors (4096K)
 Metaspace       used 26187K, committed 26624K, reserved 1114112K
  class space    used 2964K, committed 3136K, reserved 1048576K
}
Event: 2.570 GC heap after
{Heap after GC invocations=8 (full 0):
 garbage-first heap   total 40960K, used 12457K [0x000000070ce00000, 0x0000000800000000)
  region size 2048K, 2 young (4096K), 2 survivors (4096K)
 Metaspace       used 26187K, committed 26624K, reserved 1114112K
  class space    used 2964K, committed 3136K, reserved 1048576K
}
Event: 2.659 GC heap before
{Heap before GC invocations=8 (full 0):
 garbage-first heap   total 40960K, used 24745K [0x000000070ce00000, 0x0000000800000000)
  region size 2048K, 10 young (20480K), 2 survivors (4096K)
 Metaspace       used 29344K, committed 29760K, reserved 1114112K
  class space    used 3391K, committed 3584K, reserved 1048576K
}
Event: 2.662 GC heap after
{Heap after GC invocations=9 (full 0):
 garbage-first heap   total 145408K, used 13551K [0x000000070ce00000, 0x0000000800000000)
  region size 2048K, 2 young (4096K), 2 survivors (4096K)
 Metaspace       used 29344K, committed 29760K, reserved 1114112K
  class space    used 3391K, committed 3584K, reserved 1048576K
}
Event: 2.931 GC heap before
{Heap before GC invocations=10 (full 0):
 garbage-first heap   total 55296K, used 40175K [0x000000070ce00000, 0x0000000800000000)
  region size 2048K, 16 young (32768K), 2 survivors (4096K)
 Metaspace       used 31454K, committed 31936K, reserved 1114112K
  class space    used 3697K, committed 3904K, reserved 1048576K
}
Event: 2.934 GC heap after
{Heap after GC invocations=11 (full 0):
 garbage-first heap   total 55296K, used 15316K [0x000000070ce00000, 0x0000000800000000)
  region size 2048K, 2 young (4096K), 2 survivors (4096K)
 Metaspace       used 31454K, committed 31936K, reserved 1114112K
  class space    used 3697K, committed 3904K, reserved 1048576K
}
Event: 3.275 GC heap before
{Heap before GC invocations=11 (full 0):
 garbage-first heap   total 55296K, used 43988K [0x000000070ce00000, 0x0000000800000000)
  region size 2048K, 16 young (32768K), 2 survivors (4096K)
 Metaspace       used 36020K, committed 36608K, reserved 1114112K
  class space    used 4358K, committed 4608K, reserved 1048576K
}
Event: 3.279 GC heap after
{Heap after GC invocations=12 (full 0):
 garbage-first heap   total 55296K, used 17425K [0x000000070ce00000, 0x0000000800000000)
  region size 2048K, 2 young (4096K), 2 survivors (4096K)
 Metaspace       used 36020K, committed 36608K, reserved 1114112K
  class space    used 4358K, committed 4608K, reserved 1048576K
}
Event: 3.742 GC heap before
{Heap before GC invocations=12 (full 0):
 garbage-first heap   total 55296K, used 46097K [0x000000070ce00000, 0x0000000800000000)
  region size 2048K, 16 young (32768K), 2 survivors (4096K)
 Metaspace       used 39699K, committed 40320K, reserved 1114112K
  class space    used 4845K, committed 5120K, reserved 1048576K
}
Event: 3.748 GC heap after
{Heap after GC invocations=13 (full 0):
 garbage-first heap   total 55296K, used 19685K [0x000000070ce00000, 0x0000000800000000)
  region size 2048K, 2 young (4096K), 2 survivors (4096K)
 Metaspace       used 39699K, committed 40320K, reserved 1114112K
  class space    used 4845K, committed 5120K, reserved 1048576K
}
Event: 10.419 GC heap before
{Heap before GC invocations=13 (full 0):
 garbage-first heap   total 55296K, used 44261K [0x000000070ce00000, 0x0000000800000000)
  region size 2048K, 14 young (28672K), 2 survivors (4096K)
 Metaspace       used 43230K, committed 43840K, reserved 1114112K
  class space    used 5350K, committed 5632K, reserved 1048576K
}
Event: 10.423 GC heap after
{Heap after GC invocations=14 (full 0):
 garbage-first heap   total 55296K, used 21659K [0x000000070ce00000, 0x0000000800000000)
  region size 2048K, 2 young (4096K), 2 survivors (4096K)
 Metaspace       used 43230K, committed 43840K, reserved 1114112K
  class space    used 5350K, committed 5632K, reserved 1048576K
}

Dll operation events (20 events):
Event: 1.766 Loaded shared library C:\Users\User\.javacpp\cache\opencv-4.7.0-1.5.9-windows-x86_64.jar\org\bytedeco\opencv\windows-x86_64\jniopencv_text.dll
Event: 1.785 Loaded shared library C:\Users\User\.javacpp\cache\opencv-4.7.0-1.5.9-windows-x86_64.jar\org\bytedeco\opencv\windows-x86_64\opencv_plot470.dll
Event: 1.788 Loaded shared library C:\Users\User\.javacpp\cache\opencv-4.7.0-1.5.9-windows-x86_64.jar\org\bytedeco\opencv\windows-x86_64\jniopencv_plot.dll
Event: 1.804 Loaded shared library C:\Users\User\.javacpp\cache\opencv-4.7.0-1.5.9-windows-x86_64.jar\org\bytedeco\opencv\windows-x86_64\opencv_tracking470.dll
Event: 1.808 Loaded shared library C:\Users\User\.javacpp\cache\opencv-4.7.0-1.5.9-windows-x86_64.jar\org\bytedeco\opencv\windows-x86_64\jniopencv_tracking.dll
Event: 1.828 Loaded shared library C:\Users\User\.javacpp\cache\opencv-4.7.0-1.5.9-windows-x86_64.jar\org\bytedeco\opencv\windows-x86_64\opencv_shape470.dll
Event: 1.832 Loaded shared library C:\Users\User\.javacpp\cache\opencv-4.7.0-1.5.9-windows-x86_64.jar\org\bytedeco\opencv\windows-x86_64\jniopencv_shape.dll
Event: 1.847 Loaded shared library C:\Users\User\.javacpp\cache\opencv-4.7.0-1.5.9-windows-x86_64.jar\org\bytedeco\opencv\windows-x86_64\opencv_xfeatures2d470.dll
Event: 1.851 Loaded shared library C:\Users\User\.javacpp\cache\opencv-4.7.0-1.5.9-windows-x86_64.jar\org\bytedeco\opencv\windows-x86_64\jniopencv_xfeatures2d.dll
Event: 1.870 Loaded shared library C:\Users\User\.javacpp\cache\opencv-4.7.0-1.5.9-windows-x86_64.jar\org\bytedeco\opencv\windows-x86_64\opencv_ximgproc470.dll
Event: 1.874 Loaded shared library C:\Users\User\.javacpp\cache\opencv-4.7.0-1.5.9-windows-x86_64.jar\org\bytedeco\opencv\windows-x86_64\jniopencv_ximgproc.dll
Event: 1.890 Loaded shared library C:\Users\User\.javacpp\cache\opencv-4.7.0-1.5.9-windows-x86_64.jar\org\bytedeco\opencv\windows-x86_64\opencv_xphoto470.dll
Event: 1.895 Loaded shared library C:\Users\User\.javacpp\cache\opencv-4.7.0-1.5.9-windows-x86_64.jar\org\bytedeco\opencv\windows-x86_64\jniopencv_xphoto.dll
Event: 1.908 Loaded shared library C:\Users\User\.javacpp\cache\opencv-4.7.0-1.5.9-windows-x86_64.jar\org\bytedeco\opencv\windows-x86_64\opencv_barcode470.dll
Event: 1.911 Loaded shared library C:\Users\User\.javacpp\cache\opencv-4.7.0-1.5.9-windows-x86_64.jar\org\bytedeco\opencv\windows-x86_64\jniopencv_barcode.dll
Event: 1.924 Loaded shared library C:\Users\User\.javacpp\cache\opencv-4.7.0-1.5.9-windows-x86_64.jar\org\bytedeco\opencv\windows-x86_64\opencv_wechat_qrcode470.dll
Event: 1.927 Loaded shared library C:\Users\User\.javacpp\cache\opencv-4.7.0-1.5.9-windows-x86_64.jar\org\bytedeco\opencv\windows-x86_64\jniopencv_wechat_qrcode.dll
Event: 1.950 Loaded shared library C:\Users\User\.javacpp\cache\opencv-4.7.0-1.5.9-windows-x86_64.jar\org\bytedeco\opencv\windows-x86_64\opencv_java.dll
Event: 1.964 Loaded shared library C:\Users\User\.javacpp\cache\opencv-4.7.0-1.5.9-windows-x86_64.jar\org\bytedeco\opencv\windows-x86_64\jniopencv_java.dll
Event: 2.668 Loaded shared library C:\Users\User\Documents\sts\sts-4.31.0.RELEASE\plugins\org.eclipse.justj.openjdk.hotspot.jre.full.win32.x86_64_21.0.7.v20250502-0916\jre\bin\sunmscapi.dll

Deoptimization events (0 events):
No events

Classes loaded (20 events):
Event: 10.399 Loading class java/nio/channels/SelectionKey
Event: 10.399 Loading class java/nio/channels/SelectionKey done
Event: 10.399 Loading class java/nio/channels/spi/AbstractSelectionKey done
Event: 10.399 Loading class sun/nio/ch/SelectionKeyImpl done
Event: 10.399 Loading class java/lang/invoke/ConstantBootstraps
Event: 10.399 Loading class java/lang/invoke/ConstantBootstraps done
Event: 10.434 Loading class sun/nio/cs/ThreadLocalCoders
Event: 10.434 Loading class sun/nio/cs/ThreadLocalCoders done
Event: 10.434 Loading class sun/nio/cs/ThreadLocalCoders$1
Event: 10.434 Loading class sun/nio/cs/ThreadLocalCoders$Cache
Event: 10.434 Loading class sun/nio/cs/ThreadLocalCoders$Cache done
Event: 10.434 Loading class sun/nio/cs/ThreadLocalCoders$1 done
Event: 10.434 Loading class sun/nio/cs/ThreadLocalCoders$2
Event: 10.434 Loading class sun/nio/cs/ThreadLocalCoders$2 done
Event: 10.547 Loading class java/nio/ShortBuffer
Event: 10.547 Loading class java/nio/ShortBuffer done
Event: 10.547 Loading class java/nio/FloatBuffer
Event: 10.547 Loading class java/nio/FloatBuffer done
Event: 10.547 Loading class java/nio/DoubleBuffer
Event: 10.547 Loading class java/nio/DoubleBuffer done

Classes unloaded (0 events):
No events

Classes redefined (0 events):
No events

Internal exceptions (20 events):
Event: 3.241 Thread 0x0000022e111ad690 Exception <a 'java/lang/NoSuchMethodError'{0x000000070eb253b0}: 'java.lang.Object java.lang.invoke.DirectMethodHandle$Holder.invokeVirtual(java.lang.Object, java.lang.Object, java.lang.Object, java.lang.Object, java.lang.Object)'> (0x000000070eb253b0) 
thrown [s\src\hotspot\share\interpreter\linkResolver.cpp, line 773]
Event: 3.339 Thread 0x0000022e111ad690 Exception <a 'java/lang/NoSuchMethodError'{0x000000070fc1d7c8}: 'int java.lang.invoke.DirectMethodHandle$Holder.invokeVirtual(java.lang.Object, java.lang.Object, java.lang.Object, java.lang.Object)'> (0x000000070fc1d7c8) 
thrown [s\src\hotspot\share\interpreter\linkResolver.cpp, line 773]
Event: 3.339 Thread 0x0000022e111ad690 Exception <a 'java/lang/NoSuchMethodError'{0x000000070fc212c0}: 'int java.lang.invoke.DelegatingMethodHandle$Holder.reinvoke_L(java.lang.Object, java.lang.Object, java.lang.Object, java.lang.Object)'> (0x000000070fc212c0) 
thrown [s\src\hotspot\share\interpreter\linkResolver.cpp, line 773]
Event: 3.356 Thread 0x0000022e111ad690 Exception <a 'java/io/FileNotFoundException'{0x000000070fd3cb10}> (0x000000070fd3cb10) 
thrown [s\src\hotspot\share\prims\jni.cpp, line 520]
Event: 3.387 Thread 0x0000022e111ad690 Exception <a 'java/lang/NoSuchMethodError'{0x000000070fb986d8}: 'int java.lang.invoke.DirectMethodHandle$Holder.invokeInterface(java.lang.Object, java.lang.Object, java.lang.Object, java.lang.Object)'> (0x000000070fb986d8) 
thrown [s\src\hotspot\share\interpreter\linkResolver.cpp, line 773]
Event: 3.418 Thread 0x0000022e111ad690 Exception <a 'java/lang/NoSuchMethodError'{0x000000070f9d4400}: 'long java.lang.invoke.DirectMethodHandle$Holder.invokeVirtual(java.lang.Object, java.lang.Object)'> (0x000000070f9d4400) 
thrown [s\src\hotspot\share\interpreter\linkResolver.cpp, line 773]
Event: 3.421 Thread 0x0000022e111ad690 Exception <a 'java/io/FileNotFoundException'{0x000000070f6034d8}> (0x000000070f6034d8) 
thrown [s\src\hotspot\share\prims\jni.cpp, line 520]
Event: 3.436 Thread 0x0000022e111ad690 Exception <a 'java/lang/NoSuchMethodError'{0x000000070f74ab50}: 'void java.lang.invoke.DirectMethodHandle$Holder.invokeVirtual(java.lang.Object, java.lang.Object, long)'> (0x000000070f74ab50) 
thrown [s\src\hotspot\share\interpreter\linkResolver.cpp, line 773]
Event: 3.439 Thread 0x0000022e111ad690 Exception <a 'java/lang/NoSuchMethodError'{0x000000070f77e9b0}: 'void java.lang.invoke.Invokers$Holder.invokeExact_MT(java.lang.Object, java.lang.Object, java.lang.Object, java.lang.Object)'> (0x000000070f77e9b0) 
thrown [s\src\hotspot\share\interpreter\linkResolver.cpp, line 773]
Event: 3.640 Thread 0x0000022e111ad690 Exception <a 'java/lang/NoSuchMethodError'{0x000000070f1d36c8}: 'java.lang.Object java.lang.invoke.DirectMethodHandle$Holder.newInvokeSpecial(java.lang.Object, java.lang.Object, java.lang.Object, java.lang.Object, java.lang.Object, java.lang.Object, java.lang.Object, java.lang.Object, java.lang.Object, java.lang.Object, java.lang.Object)'> (0x000000070f1d36c8) 
thrown [s\src\hotspot\share\interpreter\linkResolver.cpp, line 773]
Event: 3.649 Thread 0x0000022e111ad690 Exception <a 'java/lang/NoSuchMethodError'{0x000000070ee5c660}: 'java.lang.Object java.lang.invoke.DirectMethodHandle$Holder.invokeVirtual(java.lang.Object, java.lang.Object, java.lang.Object, java.lang.Object)'> (0x000000070ee5c660) 
thrown [s\src\hotspot\share\interpreter\linkResolver.cpp, line 773]
Event: 3.662 Thread 0x0000022e111ad690 Exception <a 'java/lang/NoSuchMethodError'{0x000000070ef53500}: 'java.lang.Object java.lang.invoke.DirectMethodHandle$Holder.invokeVirtual(java.lang.Object, java.lang.Object, java.lang.Object, int)'> (0x000000070ef53500) 
thrown [s\src\hotspot\share\interpreter\linkResolver.cpp, line 773]
Event: 3.829 Thread 0x0000022e111ad690 Exception <a 'java/lang/NoSuchMethodError'{0x000000070fc025f8}: 'java.lang.Object java.lang.invoke.DirectMethodHandle$Holder.invokeVirtual(java.lang.Object, java.lang.Object, int)'> (0x000000070fc025f8) 
thrown [s\src\hotspot\share\interpreter\linkResolver.cpp, line 773]
Event: 3.866 Thread 0x0000022e111ad690 Exception <a 'java/lang/IncompatibleClassChangeError'{0x000000070fa93490}: Found class java.lang.Object, but interface was expected> (0x000000070fa93490) 
thrown [s\src\hotspot\share\interpreter\linkResolver.cpp, line 840]
Event: 3.995 Thread 0x0000022e111ad690 Exception <a 'java/lang/NoSuchMethodError'{0x000000070f010350}: 'java.lang.Object java.lang.invoke.DirectMethodHandle$Holder.newInvokeSpecial(java.lang.Object, java.lang.Object, int, java.lang.Object, java.lang.Object)'> (0x000000070f010350) 
thrown [s\src\hotspot\share\interpreter\linkResolver.cpp, line 773]
Event: 4.317 Thread 0x0000022e1049e880 Exception <a 'java/lang/NoSuchMethodError'{0x000000070ef5b4a8}: 'java.lang.Object java.lang.invoke.DirectMethodHandle$Holder.invokeInterface(java.lang.Object, java.lang.Object, java.lang.Object, java.lang.Object, java.lang.Object, java.lang.Object, java.lang.Object)'> (0x000000070ef5b4a8) 
thrown [s\src\hotspot\share\interpreter\linkResolver.cpp, line 773]
Event: 10.395 Thread 0x0000022e8b2217d0 Exception <a 'java/lang/NoSuchMethodError'{0x000000070ed1e998}: 'java.lang.Object java.lang.invoke.DirectMethodHandle$Holder.invokeStatic(java.lang.Object, java.lang.Object, java.lang.Object, int, int)'> (0x000000070ed1e998) 
thrown [s\src\hotspot\share\interpreter\linkResolver.cpp, line 773]
Event: 10.395 Thread 0x0000022e8b2217d0 Exception <a 'java/lang/NoSuchMethodError'{0x000000070ed22178}: 'java.lang.Object java.lang.invoke.DirectMethodHandle$Holder.invokeStaticInit(java.lang.Object, java.lang.Object, java.lang.Object, int, int)'> (0x000000070ed22178) 
thrown [s\src\hotspot\share\interpreter\linkResolver.cpp, line 773]
Event: 10.429 Thread 0x0000022e8b21dcc0 Exception <a 'java/lang/NoSuchMethodError'{0x000000071c057578}: 'java.lang.Object java.lang.invoke.DirectMethodHandle$Holder.invokeSpecial(java.lang.Object, java.lang.Object, java.lang.Object, java.lang.Object, java.lang.Object, long)'> (0x000000071c057578) 
thrown [s\src\hotspot\share\interpreter\linkResolver.cpp, line 773]
Event: 10.430 Thread 0x0000022e8b21dcc0 Exception <a 'java/lang/NoSuchMethodError'{0x000000071c05ad68}: 'java.lang.Object java.lang.invoke.Invokers$Holder.linkToTargetMethod(java.lang.Object, java.lang.Object, java.lang.Object, long, java.lang.Object)'> (0x000000071c05ad68) 
thrown [s\src\hotspot\share\interpreter\linkResolver.cpp, line 773]

ZGC Phase Switch (0 events):
No events

VM Operations (20 events):
Event: 3.876 Executing VM operation: HandshakeAllThreads (Deoptimize)
Event: 3.876 Executing VM operation: HandshakeAllThreads (Deoptimize) done
Event: 3.898 Executing VM operation: HandshakeAllThreads (Deoptimize)
Event: 3.898 Executing VM operation: HandshakeAllThreads (Deoptimize) done
Event: 3.970 Executing VM operation: HandshakeAllThreads (Deoptimize)
Event: 3.970 Executing VM operation: HandshakeAllThreads (Deoptimize) done
Event: 4.970 Executing VM operation: Cleanup
Event: 4.970 Executing VM operation: Cleanup done
Event: 5.980 Executing VM operation: Cleanup
Event: 5.980 Executing VM operation: Cleanup done
Event: 10.419 Executing VM operation: G1CollectForAllocation (G1 Evacuation Pause)
Event: 10.423 Executing VM operation: G1CollectForAllocation (G1 Evacuation Pause) done
Event: 10.476 Executing VM operation: HandshakeAllThreads (Deoptimize)
Event: 10.476 Executing VM operation: HandshakeAllThreads (Deoptimize) done
Event: 11.484 Executing VM operation: Cleanup
Event: 11.484 Executing VM operation: Cleanup done
Event: 13.506 Executing VM operation: Cleanup
Event: 13.506 Executing VM operation: Cleanup done
Event: 15.527 Executing VM operation: Cleanup
Event: 15.527 Executing VM operation: Cleanup done

Memory protections (0 events):
No events

Nmethod flushes (20 events):
Event: 2.668 Thread 0x0000022dcab858b0 flushing  nmethod 0x0000022dc02b2b10
Event: 2.668 Thread 0x0000022dcab858b0 flushing  nmethod 0x0000022dc0377310
Event: 2.668 Thread 0x0000022dcab858b0 flushing  nmethod 0x0000022dc01f1010
Event: 2.668 Thread 0x0000022dcab858b0 flushing  nmethod 0x0000022dc0219890
Event: 2.668 Thread 0x0000022dcab858b0 flushing  nmethod 0x0000022dc0219d10
Event: 2.668 Thread 0x0000022dcab858b0 flushing  nmethod 0x0000022dc038d890
Event: 2.668 Thread 0x0000022dcab858b0 flushing  nmethod 0x0000022dc038dd90
Event: 2.668 Thread 0x0000022dcab858b0 flushing  nmethod 0x0000022dc038e390
Event: 2.668 Thread 0x0000022dcab858b0 flushing  nmethod 0x0000022dc038e910
Event: 2.668 Thread 0x0000022dcab858b0 flushing  nmethod 0x0000022dc038f010
Event: 2.668 Thread 0x0000022dcab858b0 flushing  nmethod 0x0000022dc049f810
Event: 2.668 Thread 0x0000022dcab858b0 flushing  nmethod 0x0000022dc049fe10
Event: 2.668 Thread 0x0000022dcab858b0 flushing  nmethod 0x0000022dc04a9610
Event: 2.668 Thread 0x0000022dcab858b0 flushing  nmethod 0x0000022dc04a9c10
Event: 2.668 Thread 0x0000022dcab858b0 flushing  nmethod 0x0000022dc04aa790
Event: 2.668 Thread 0x0000022dcab858b0 flushing  nmethod 0x0000022dc04aad90
Event: 2.668 Thread 0x0000022dcab858b0 flushing  nmethod 0x0000022dc0630e90
Event: 2.668 Thread 0x0000022dcab858b0 flushing  nmethod 0x0000022dc0399690
Event: 2.668 Thread 0x0000022dcab858b0 flushing  nmethod 0x0000022dc039b590
Event: 2.668 Thread 0x0000022dcab858b0 flushing  nmethod 0x0000022dc045be90

Events (20 events):
Event: 4.023 Thread 0x0000022e111ad690 Thread exited: 0x0000022e111ad690
Event: 4.024 Thread 0x0000022e111aaf30 Thread exited: 0x0000022e111aaf30
Event: 4.024 Thread 0x0000022dbc5db6e0 Thread exited: 0x0000022dbc5db6e0
Event: 4.024 Thread 0x0000022e8b221140 Thread added: 0x0000022e8b221140
Event: 4.309 Thread 0x0000022e1049e880 Thread added: 0x0000022e8b221e60
Event: 4.310 Thread 0x0000022e104362a0 Thread added: 0x0000022e8b2224f0
Event: 4.313 Thread 0x0000022e104362a0 Thread added: 0x0000022e8b222b80
Event: 4.315 Thread 0x0000022e104362a0 Thread added: 0x0000022e8b223210
Event: 4.320 Thread 0x0000022e1041d7c0 Thread added: 0x0000022e8b220ab0
Event: 4.321 Thread 0x0000022e8b221e60 Thread exited: 0x0000022e8b221e60
Event: 4.322 Thread 0x0000022e8b220ab0 Thread added: 0x0000022e8b221e60
Event: 4.323 Thread 0x0000022e1049e880 Thread added: 0x0000022e111aaf30
Event: 4.323 Thread 0x0000022e1041d7c0 Thread added: 0x0000022e111ad690
Event: 4.324 Thread 0x0000022e111ad690 Thread added: 0x0000022e8b4b6dd0
Event: 4.326 Thread 0x0000022e8b221e60 Thread exited: 0x0000022e8b221e60
Event: 5.353 Thread 0x0000022e111aaf30 Thread exited: 0x0000022e111aaf30
Event: 5.353 Thread 0x0000022e8b4b6dd0 Thread exited: 0x0000022e8b4b6dd0
Event: 12.727 Thread 0x0000022e10340f10 Thread exited: 0x0000022e10340f10
Event: 13.881 Thread 0x0000022dcacda5b0 Thread exited: 0x0000022dcacda5b0
Event: 17.226 Thread 0x0000022dcacd7b00 Thread exited: 0x0000022dcacd7b00


Dynamic libraries:
0x00007ff6df410000 - 0x00007ff6df41e000 	C:\Users\User\Documents\sts\sts-4.31.0.RELEASE\plugins\org.eclipse.justj.openjdk.hotspot.jre.full.win32.x86_64_21.0.7.v20250502-0916\jre\bin\javaw.exe
0x00007ffe9b3a0000 - 0x00007ffe9b607000 	C:\WINDOWS\SYSTEM32\ntdll.dll
0x00007ffe99b90000 - 0x00007ffe99c59000 	C:\WINDOWS\System32\KERNEL32.DLL
0x00007ffe98800000 - 0x00007ffe98bf4000 	C:\WINDOWS\System32\KERNELBASE.dll
0x00007ffe98d70000 - 0x00007ffe98ebb000 	C:\WINDOWS\System32\ucrtbase.dll
0x00007ffe8b430000 - 0x00007ffe8b44e000 	C:\Users\User\Documents\sts\sts-4.31.0.RELEASE\plugins\org.eclipse.justj.openjdk.hotspot.jre.full.win32.x86_64_21.0.7.v20250502-0916\jre\bin\VCRUNTIME140.dll
0x00007ffe6ad30000 - 0x00007ffe6ad48000 	C:\Users\User\Documents\sts\sts-4.31.0.RELEASE\plugins\org.eclipse.justj.openjdk.hotspot.jre.full.win32.x86_64_21.0.7.v20250502-0916\jre\bin\jli.dll
0x00007ffe9aee0000 - 0x00007ffe9b0a5000 	C:\WINDOWS\System32\USER32.dll
0x00007ffe99100000 - 0x00007ffe99127000 	C:\WINDOWS\System32\win32u.dll
0x00007ffe7a1b0000 - 0x00007ffe7a443000 	C:\WINDOWS\WinSxS\amd64_microsoft.windows.common-controls_6595b64144ccf1df_6.0.26100.8115_none_3e075c82e3354f9c\COMCTL32.dll
0x00007ffe99da0000 - 0x00007ffe99dcb000 	C:\WINDOWS\System32\GDI32.dll
0x00007ffe99cf0000 - 0x00007ffe99d99000 	C:\WINDOWS\System32\msvcrt.dll
0x00007ffe986d0000 - 0x00007ffe987fb000 	C:\WINDOWS\System32\gdi32full.dll
0x00007ffe984e0000 - 0x00007ffe98583000 	C:\WINDOWS\System32\msvcp_win.dll
0x00007ffe99b50000 - 0x00007ffe99b82000 	C:\WINDOWS\System32\IMM32.DLL
0x00007ffe8b590000 - 0x00007ffe8b59c000 	C:\Users\User\Documents\sts\sts-4.31.0.RELEASE\plugins\org.eclipse.justj.openjdk.hotspot.jre.full.win32.x86_64_21.0.7.v20250502-0916\jre\bin\vcruntime140_1.dll
0x00007ffe84990000 - 0x00007ffe84a1d000 	C:\Users\User\Documents\sts\sts-4.31.0.RELEASE\plugins\org.eclipse.justj.openjdk.hotspot.jre.full.win32.x86_64_21.0.7.v20250502-0916\jre\bin\msvcp140.dll
0x00007ffe1b080000 - 0x00007ffe1be10000 	C:\Users\User\Documents\sts\sts-4.31.0.RELEASE\plugins\org.eclipse.justj.openjdk.hotspot.jre.full.win32.x86_64_21.0.7.v20250502-0916\jre\bin\server\jvm.dll
0x00007ffe9b2a0000 - 0x00007ffe9b356000 	C:\WINDOWS\System32\ADVAPI32.dll
0x00007ffe99e60000 - 0x00007ffe99f07000 	C:\WINDOWS\System32\sechost.dll
0x00007ffe99fa0000 - 0x00007ffe9a0b8000 	C:\WINDOWS\System32\RPCRT4.dll
0x00007ffe99dd0000 - 0x00007ffe99e50000 	C:\WINDOWS\System32\WS2_32.dll
0x00007ffe97ad0000 - 0x00007ffe97b2e000 	C:\WINDOWS\SYSTEM32\POWRPROF.dll
0x00007ffe8c830000 - 0x00007ffe8c866000 	C:\WINDOWS\SYSTEM32\WINMM.dll
0x00007ffe8c1e0000 - 0x00007ffe8c1eb000 	C:\WINDOWS\SYSTEM32\VERSION.dll
0x00007ffe97ab0000 - 0x00007ffe97ac4000 	C:\WINDOWS\SYSTEM32\UMPDC.dll
0x00007ffe96a00000 - 0x00007ffe96a1b000 	C:\WINDOWS\SYSTEM32\kernel.appcore.dll
0x00007ffe71530000 - 0x00007ffe7153a000 	C:\Users\User\Documents\sts\sts-4.31.0.RELEASE\plugins\org.eclipse.justj.openjdk.hotspot.jre.full.win32.x86_64_21.0.7.v20250502-0916\jre\bin\jimage.dll
0x00007ffe95c90000 - 0x00007ffe95ed2000 	C:\WINDOWS\SYSTEM32\DBGHELP.DLL
0x00007ffe99330000 - 0x00007ffe996b2000 	C:\WINDOWS\System32\combase.dll
0x00007ffe9a0c0000 - 0x00007ffe9a198000 	C:\WINDOWS\System32\OLEAUT32.dll
0x00007ffe796f0000 - 0x00007ffe7972b000 	C:\WINDOWS\SYSTEM32\dbgcore.DLL
0x00007ffe98590000 - 0x00007ffe98635000 	C:\WINDOWS\System32\bcryptPrimitives.dll
0x00007ffe6ad10000 - 0x00007ffe6ad2f000 	C:\Users\User\Documents\sts\sts-4.31.0.RELEASE\plugins\org.eclipse.justj.openjdk.hotspot.jre.full.win32.x86_64_21.0.7.v20250502-0916\jre\bin\java.dll
0x00007ffe9a660000 - 0x00007ffe9adc7000 	C:\WINDOWS\System32\SHELL32.dll
0x00007ffe98c00000 - 0x00007ffe98d6a000 	C:\WINDOWS\System32\wintypes.dll
0x00007ffe97c70000 - 0x00007ffe984d8000 	C:\WINDOWS\System32\windows.storage.dll
0x00007ffe9a3c0000 - 0x00007ffe9a4b8000 	C:\WINDOWS\System32\SHCORE.dll
0x00007ffe992a0000 - 0x00007ffe99306000 	C:\WINDOWS\System32\shlwapi.dll
0x00007ffe97b90000 - 0x00007ffe97bb9000 	C:\WINDOWS\SYSTEM32\profapi.dll
0x00007ffe5fc10000 - 0x00007ffe5fc28000 	C:\Users\User\Documents\sts\sts-4.31.0.RELEASE\plugins\org.eclipse.justj.openjdk.hotspot.jre.full.win32.x86_64_21.0.7.v20250502-0916\jre\bin\zip.dll
0x00007ffe70100000 - 0x00007ffe70110000 	C:\Users\User\Documents\sts\sts-4.31.0.RELEASE\plugins\org.eclipse.justj.openjdk.hotspot.jre.full.win32.x86_64_21.0.7.v20250502-0916\jre\bin\net.dll
0x00007ffe92940000 - 0x00007ffe92a6d000 	C:\WINDOWS\SYSTEM32\WINHTTP.dll
0x00007ffe96f70000 - 0x00007ffe96fdc000 	C:\WINDOWS\system32\mswsock.dll
0x00007ffe5cac0000 - 0x00007ffe5cad6000 	C:\Users\User\Documents\sts\sts-4.31.0.RELEASE\plugins\org.eclipse.justj.openjdk.hotspot.jre.full.win32.x86_64_21.0.7.v20250502-0916\jre\bin\nio.dll
0x00007ffe8b420000 - 0x00007ffe8b42a000 	C:\Users\User\Documents\sts\sts-4.31.0.RELEASE\plugins\org.eclipse.justj.openjdk.hotspot.jre.full.win32.x86_64_21.0.7.v20250502-0916\jre\bin\management.dll
0x00007ffe8b410000 - 0x00007ffe8b41b000 	C:\Users\User\Documents\sts\sts-4.31.0.RELEASE\plugins\org.eclipse.justj.openjdk.hotspot.jre.full.win32.x86_64_21.0.7.v20250502-0916\jre\bin\management_ext.dll
0x00007ffe99140000 - 0x00007ffe99148000 	C:\WINDOWS\System32\PSAPI.DLL
0x00007ffe78360000 - 0x00007ffe78378000 	C:\WINDOWS\system32\napinsp.dll
0x00007ffe964f0000 - 0x00007ffe96622000 	C:\WINDOWS\SYSTEM32\DNSAPI.dll
0x00007ffe964b0000 - 0x00007ffe964e2000 	C:\WINDOWS\SYSTEM32\IPHLPAPI.DLL
0x00007ffe99130000 - 0x00007ffe9913a000 	C:\WINDOWS\System32\NSI.dll
0x00007ffe745b0000 - 0x00007ffe745c3000 	C:\WINDOWS\System32\winrnr.dll
0x00007ffe74580000 - 0x00007ffe745a2000 	C:\WINDOWS\system32\nlansp_c.dll
0x00007ffe74560000 - 0x00007ffe74576000 	C:\WINDOWS\system32\wshbth.dll
0x00007ffe913f0000 - 0x00007ffe913fb000 	C:\Windows\System32\rasadhlp.dll
0x00007ffe92f20000 - 0x00007ffe92fa6000 	C:\WINDOWS\System32\fwpuclnt.dll
0x00007ffe97260000 - 0x00007ffe9727b000 	C:\WINDOWS\SYSTEM32\CRYPTSP.dll
0x00007ffe96960000 - 0x00007ffe96999000 	C:\WINDOWS\system32\rsaenh.dll
0x00007ffe97020000 - 0x00007ffe97053000 	C:\WINDOWS\SYSTEM32\USERENV.dll
0x00007ffe97b60000 - 0x00007ffe97b8a000 	C:\WINDOWS\SYSTEM32\bcrypt.dll
0x00007ffe97250000 - 0x00007ffe9725c000 	C:\WINDOWS\SYSTEM32\CRYPTBASE.dll
0x00007ffe8b5a0000 - 0x00007ffe8b5a9000 	C:\Users\User\Documents\sts\sts-4.31.0.RELEASE\plugins\org.eclipse.justj.openjdk.hotspot.jre.full.win32.x86_64_21.0.7.v20250502-0916\jre\bin\extnet.dll
0x0000022dba490000 - 0x0000022dba494000 	C:\Users\User\.javacpp\cache\javacpp-1.5.9-windows-x86_64.jar\org\bytedeco\javacpp\windows-x86_64\api-ms-win-crt-locale-l1-1-0.dll
0x0000022dba4a0000 - 0x0000022dba4a5000 	C:\Users\User\.javacpp\cache\javacpp-1.5.9-windows-x86_64.jar\org\bytedeco\javacpp\windows-x86_64\api-ms-win-crt-string-l1-1-0.dll
0x0000022dba4b0000 - 0x0000022dba4b5000 	C:\Users\User\.javacpp\cache\javacpp-1.5.9-windows-x86_64.jar\org\bytedeco\javacpp\windows-x86_64\api-ms-win-crt-stdio-l1-1-0.dll
0x0000022dbc560000 - 0x0000022dbc566000 	C:\Users\User\.javacpp\cache\javacpp-1.5.9-windows-x86_64.jar\org\bytedeco\javacpp\windows-x86_64\api-ms-win-crt-math-l1-1-0.dll
0x0000022dbc570000 - 0x0000022dbc574000 	C:\Users\User\.javacpp\cache\javacpp-1.5.9-windows-x86_64.jar\org\bytedeco\javacpp\windows-x86_64\api-ms-win-crt-heap-l1-1-0.dll
0x0000022dbc580000 - 0x0000022dbc585000 	C:\Users\User\.javacpp\cache\javacpp-1.5.9-windows-x86_64.jar\org\bytedeco\javacpp\windows-x86_64\api-ms-win-crt-runtime-l1-1-0.dll
0x0000022dcafd0000 - 0x0000022dcafd5000 	C:\Users\User\.javacpp\cache\javacpp-1.5.9-windows-x86_64.jar\org\bytedeco\javacpp\windows-x86_64\api-ms-win-crt-convert-l1-1-0.dll
0x0000022dcafe0000 - 0x0000022dcafe4000 	C:\Users\User\.javacpp\cache\javacpp-1.5.9-windows-x86_64.jar\org\bytedeco\javacpp\windows-x86_64\api-ms-win-crt-environment-l1-1-0.dll
0x0000022dcaff0000 - 0x0000022dcaff4000 	C:\Users\User\.javacpp\cache\javacpp-1.5.9-windows-x86_64.jar\org\bytedeco\javacpp\windows-x86_64\api-ms-win-crt-time-l1-1-0.dll
0x0000022e10c40000 - 0x0000022e10c44000 	C:\Users\User\.javacpp\cache\javacpp-1.5.9-windows-x86_64.jar\org\bytedeco\javacpp\windows-x86_64\api-ms-win-crt-filesystem-l1-1-0.dll
0x0000022e10c50000 - 0x0000022e10c54000 	C:\Users\User\.javacpp\cache\javacpp-1.5.9-windows-x86_64.jar\org\bytedeco\javacpp\windows-x86_64\api-ms-win-crt-utility-l1-1-0.dll
0x0000022e10c60000 - 0x0000022e10c66000 	C:\Users\User\.javacpp\cache\javacpp-1.5.9-windows-x86_64.jar\org\bytedeco\javacpp\windows-x86_64\api-ms-win-crt-multibyte-l1-1-0.dll
0x0000022e10c70000 - 0x0000022e10c74000 	C:\Users\User\.javacpp\cache\javacpp-1.5.9-windows-x86_64.jar\org\bytedeco\javacpp\windows-x86_64\api-ms-win-crt-conio-l1-1-0.dll
0x0000022e10c80000 - 0x0000022e10c91000 	C:\Users\User\.javacpp\cache\javacpp-1.5.9-windows-x86_64.jar\org\bytedeco\javacpp\windows-x86_64\api-ms-win-crt-private-l1-1-0.dll
0x0000022e10ca0000 - 0x0000022e10ca4000 	C:\Users\User\.javacpp\cache\javacpp-1.5.9-windows-x86_64.jar\org\bytedeco\javacpp\windows-x86_64\api-ms-win-crt-process-l1-1-0.dll
0x0000022e10cb0000 - 0x0000022e10cb4000 	C:\Users\User\.javacpp\cache\javacpp-1.5.9-windows-x86_64.jar\org\bytedeco\javacpp\windows-x86_64\api-ms-win-core-console-l1-2-0.dll
0x0000022e10cc0000 - 0x0000022e10cc4000 	C:\Users\User\.javacpp\cache\javacpp-1.5.9-windows-x86_64.jar\org\bytedeco\javacpp\windows-x86_64\api-ms-win-core-string-l1-1-0.dll
0x0000022e10cd0000 - 0x0000022e10cd4000 	C:\Users\User\.javacpp\cache\javacpp-1.5.9-windows-x86_64.jar\org\bytedeco\javacpp\windows-x86_64\api-ms-win-core-errorhandling-l1-1-0.dll
0x0000022e10ce0000 - 0x0000022e10ce4000 	C:\Users\User\.javacpp\cache\javacpp-1.5.9-windows-x86_64.jar\org\bytedeco\javacpp\windows-x86_64\api-ms-win-core-timezone-l1-1-0.dll
0x0000022e10cf0000 - 0x0000022e10cf5000 	C:\Users\User\.javacpp\cache\javacpp-1.5.9-windows-x86_64.jar\org\bytedeco\javacpp\windows-x86_64\api-ms-win-core-file-l1-1-0.dll
0x0000022e10d00000 - 0x0000022e10d04000 	C:\Users\User\.javacpp\cache\javacpp-1.5.9-windows-x86_64.jar\org\bytedeco\javacpp\windows-x86_64\api-ms-win-core-namedpipe-l1-1-0.dll
0x0000022e10d10000 - 0x0000022e10d14000 	C:\Users\User\.javacpp\cache\javacpp-1.5.9-windows-x86_64.jar\org\bytedeco\javacpp\windows-x86_64\api-ms-win-core-handle-l1-1-0.dll
0x0000022e10d20000 - 0x0000022e10d24000 	C:\Users\User\.javacpp\cache\javacpp-1.5.9-windows-x86_64.jar\org\bytedeco\javacpp\windows-x86_64\api-ms-win-core-file-l2-1-0.dll
0x0000022e10d30000 - 0x0000022e10d34000 	C:\Users\User\.javacpp\cache\javacpp-1.5.9-windows-x86_64.jar\org\bytedeco\javacpp\windows-x86_64\api-ms-win-core-heap-l1-1-0.dll
0x0000022e10d40000 - 0x0000022e10d44000 	C:\Users\User\.javacpp\cache\javacpp-1.5.9-windows-x86_64.jar\org\bytedeco\javacpp\windows-x86_64\api-ms-win-core-libraryloader-l1-1-0.dll
0x0000022e10d50000 - 0x0000022e10d54000 	C:\Users\User\.javacpp\cache\javacpp-1.5.9-windows-x86_64.jar\org\bytedeco\javacpp\windows-x86_64\api-ms-win-core-synch-l1-1-0.dll
0x0000022e10d60000 - 0x0000022e10d64000 	C:\Users\User\.javacpp\cache\javacpp-1.5.9-windows-x86_64.jar\org\bytedeco\javacpp\windows-x86_64\api-ms-win-core-processthreads-l1-1-0.dll
0x0000022e10d70000 - 0x0000022e10d74000 	C:\Users\User\.javacpp\cache\javacpp-1.5.9-windows-x86_64.jar\org\bytedeco\javacpp\windows-x86_64\api-ms-win-core-processenvironment-l1-1-0.dll
0x0000022e10d80000 - 0x0000022e10d84000 	C:\Users\User\.javacpp\cache\javacpp-1.5.9-windows-x86_64.jar\org\bytedeco\javacpp\windows-x86_64\api-ms-win-core-datetime-l1-1-0.dll
0x0000022e10d90000 - 0x0000022e10d94000 	C:\Users\User\.javacpp\cache\javacpp-1.5.9-windows-x86_64.jar\org\bytedeco\javacpp\windows-x86_64\api-ms-win-core-localization-l1-2-0.dll
0x0000022e10da0000 - 0x0000022e10da4000 	C:\Users\User\.javacpp\cache\javacpp-1.5.9-windows-x86_64.jar\org\bytedeco\javacpp\windows-x86_64\api-ms-win-core-sysinfo-l1-1-0.dll
0x0000022e10db0000 - 0x0000022e10db4000 	C:\Users\User\.javacpp\cache\javacpp-1.5.9-windows-x86_64.jar\org\bytedeco\javacpp\windows-x86_64\api-ms-win-core-synch-l1-2-0.dll
0x0000022e10dc0000 - 0x0000022e10dc4000 	C:\Users\User\.javacpp\cache\javacpp-1.5.9-windows-x86_64.jar\org\bytedeco\javacpp\windows-x86_64\api-ms-win-core-console-l1-1-0.dll
0x0000022e10dd0000 - 0x0000022e10dd4000 	C:\Users\User\.javacpp\cache\javacpp-1.5.9-windows-x86_64.jar\org\bytedeco\javacpp\windows-x86_64\api-ms-win-core-debug-l1-1-0.dll
0x0000022e10de0000 - 0x0000022e10de4000 	C:\Users\User\.javacpp\cache\javacpp-1.5.9-windows-x86_64.jar\org\bytedeco\javacpp\windows-x86_64\api-ms-win-core-rtlsupport-l1-1-0.dll
0x0000022e10df0000 - 0x0000022e10df4000 	C:\Users\User\.javacpp\cache\javacpp-1.5.9-windows-x86_64.jar\org\bytedeco\javacpp\windows-x86_64\api-ms-win-core-processthreads-l1-1-1.dll
0x0000022e10e00000 - 0x0000022e10e04000 	C:\Users\User\.javacpp\cache\javacpp-1.5.9-windows-x86_64.jar\org\bytedeco\javacpp\windows-x86_64\api-ms-win-core-file-l1-2-0.dll
0x0000022e10e10000 - 0x0000022e10e14000 	C:\Users\User\.javacpp\cache\javacpp-1.5.9-windows-x86_64.jar\org\bytedeco\javacpp\windows-x86_64\api-ms-win-core-profile-l1-1-0.dll
0x0000022e10e20000 - 0x0000022e10e24000 	C:\Users\User\.javacpp\cache\javacpp-1.5.9-windows-x86_64.jar\org\bytedeco\javacpp\windows-x86_64\api-ms-win-core-memory-l1-1-0.dll
0x0000022e10e30000 - 0x0000022e10e34000 	C:\Users\User\.javacpp\cache\javacpp-1.5.9-windows-x86_64.jar\org\bytedeco\javacpp\windows-x86_64\api-ms-win-core-util-l1-1-0.dll
0x0000022e10e40000 - 0x0000022e10e44000 	C:\Users\User\.javacpp\cache\javacpp-1.5.9-windows-x86_64.jar\org\bytedeco\javacpp\windows-x86_64\api-ms-win-core-interlocked-l1-1-0.dll
0x00007ffe7e0f0000 - 0x00007ffe7e201000 	C:\Users\User\.javacpp\cache\javacpp-1.5.9-windows-x86_64.jar\org\bytedeco\javacpp\windows-x86_64\ucrtbase.dll
0x00007ffe933f0000 - 0x00007ffe9340b000 	C:\Users\User\.javacpp\cache\javacpp-1.5.9-windows-x86_64.jar\org\bytedeco\javacpp\windows-x86_64\vcruntime140.dll
0x00007ffe933e0000 - 0x00007ffe933ec000 	C:\Users\User\.javacpp\cache\javacpp-1.5.9-windows-x86_64.jar\org\bytedeco\javacpp\windows-x86_64\vcruntime140_1.dll
0x00007ffe932f0000 - 0x00007ffe9337d000 	C:\Users\User\.javacpp\cache\javacpp-1.5.9-windows-x86_64.jar\org\bytedeco\javacpp\windows-x86_64\msvcp140.dll
0x00007ffe933d0000 - 0x00007ffe933d9000 	C:\Users\User\.javacpp\cache\javacpp-1.5.9-windows-x86_64.jar\org\bytedeco\javacpp\windows-x86_64\msvcp140_1.dll
0x00007ffe8be20000 - 0x00007ffe8be6e000 	C:\Users\User\.javacpp\cache\javacpp-1.5.9-windows-x86_64.jar\org\bytedeco\javacpp\windows-x86_64\concrt140.dll
0x00007ffe8c620000 - 0x00007ffe8c651000 	C:\Users\User\.javacpp\cache\javacpp-1.5.9-windows-x86_64.jar\org\bytedeco\javacpp\windows-x86_64\vcomp140.dll
0x00007ffe932e0000 - 0x00007ffe932ef000 	C:\Users\User\.javacpp\cache\javacpp-1.5.9-windows-x86_64.jar\org\bytedeco\javacpp\windows-x86_64\jnijavacpp.dll
0x00007ffdee910000 - 0x00007ffdf0650000 	C:\Users\User\.javacpp\cache\openblas-0.3.23-1.5.9-windows-x86_64.jar\org\bytedeco\openblas\windows-x86_64\libopenblas_nolapack.dll
0x00007ffe8bb50000 - 0x00007ffe8bbaf000 	C:\Users\User\.javacpp\cache\openblas-0.3.23-1.5.9-windows-x86_64.jar\org\bytedeco\openblas\windows-x86_64\jniopenblas_nolapack.dll
0x00007ffdecbd0000 - 0x00007ffdee910000 	C:\Users\User\.javacpp\cache\openblas-0.3.23-1.5.9-windows-x86_64.jar\org\bytedeco\openblas\windows-x86_64\libopenblas.dll
0x00007ffdeb7e0000 - 0x00007ffdecbc3000 	C:\Users\User\.javacpp\cache\openblas-0.3.23-1.5.9-windows-x86_64.jar\org\bytedeco\openblas\windows-x86_64\jniopenblas.dll
0x00007ffe7c680000 - 0x00007ffe7cb37000 	C:\Users\User\.javacpp\cache\opencv-4.7.0-1.5.9-windows-x86_64.jar\org\bytedeco\opencv\windows-x86_64\opencv_core470.dll
0x00007ffe1de90000 - 0x00007ffe1e60d000 	C:\Users\User\.javacpp\cache\opencv-4.7.0-1.5.9-windows-x86_64.jar\org\bytedeco\opencv\windows-x86_64\opencv_imgproc470.dll
0x00007ffe7c310000 - 0x00007ffe7c5a6000 	C:\Users\User\.javacpp\cache\opencv-4.7.0-1.5.9-windows-x86_64.jar\org\bytedeco\opencv\windows-x86_64\jniopencv_core.dll
0x00007ffe74280000 - 0x00007ffe743a2000 	C:\Users\User\.javacpp\cache\opencv-4.7.0-1.5.9-windows-x86_64.jar\org\bytedeco\opencv\windows-x86_64\jniopencv_imgproc.dll
0x00007ffe20740000 - 0x00007ffe20b75000 	C:\Users\User\.javacpp\cache\opencv-4.7.0-1.5.9-windows-x86_64.jar\org\bytedeco\opencv\windows-x86_64\opencv_imgcodecs470.dll
0x00007ffe8b870000 - 0x00007ffe8b8a7000 	C:\Users\User\.javacpp\cache\opencv-4.7.0-1.5.9-windows-x86_64.jar\org\bytedeco\opencv\windows-x86_64\jniopencv_imgcodecs.dll
0x00007ffe71b50000 - 0x00007ffe71c4a000 	C:\Users\User\.javacpp\cache\opencv-4.7.0-1.5.9-windows-x86_64.jar\org\bytedeco\opencv\windows-x86_64\opencv_videoio470.dll
0x00007ffe9a4c0000 - 0x00007ffe9a657000 	C:\WINDOWS\System32\ole32.dll
0x00007ffe91e30000 - 0x00007ffe91ec9000 	C:\WINDOWS\SYSTEM32\MF.dll
0x00007ffe90e20000 - 0x00007ffe9103a000 	C:\WINDOWS\SYSTEM32\MFPlat.DLL
0x00007ffe95460000 - 0x00007ffe955a1000 	C:\WINDOWS\SYSTEM32\dxgi.dll
0x00007ffe943e0000 - 0x00007ffe94643000 	C:\WINDOWS\SYSTEM32\d3d11.dll

dbghelp: loaded successfully - version: 4.0.5 - missing functions: none
symbol engine: initialized successfully - sym options: 0x614 - pdb path: .;C:\Users\User\Documents\sts\sts-4.31.0.RELEASE\plugins\org.eclipse.justj.openjdk.hotspot.jre.full.win32.x86_64_21.0.7.v20250502-0916\jre\bin;C:\WINDOWS\SYSTEM32;C:\WINDOWS\WinSxS\amd64_microsoft.windows.common-controls_6595b64144ccf1df_6.0.26100.8115_none_3e075c82e3354f9c;C:\Users\User\Documents\sts\sts-4.31.0.RELEASE\plugins\org.eclipse.justj.openjdk.hotspot.jre.full.win32.x86_64_21.0.7.v20250502-0916\jre\bin\server;C:\Users\User\.javacpp\cache\javacpp-1.5.9-windows-x86_64.jar\org\bytedeco\javacpp\windows-x86_64;C:\Users\User\.javacpp\cache\openblas-0.3.23-1.5.9-windows-x86_64.jar\org\bytedeco\openblas\windows-x86_64;C:\Users\User\.javacpp\cache\opencv-4.7.0-1.5.9-windows-x86_64.jar\org\bytedeco\opencv\windows-x86_64;C:\ProgramData\A-Volute\A-Volute.Nahimic\Modules\Scheduled\x64;C:\Windows\System32\DriverStore\FileRepository\u0408849.inf_amd64_53e030d4d9290593\B408642;C:\Windows\System32\DriverStore\FileRepository\amdocl.inf_amd64_86efe413d246bdd0;C:\WINDOWS\System32\DriverStore\FileRepository\nvlt.inf_amd64_871dd42e0edd87ab

VM Arguments:
jvm_args: -Dcom.sun.management.jmxremote -Dcom.sun.management.jmxremote.port=12533 -Dcom.sun.management.jmxremote.authenticate=false -Dcom.sun.management.jmxremote.ssl=false -Djava.rmi.server.hostname=localhost -Dspring.jmx.enabled=true -Dmanagement.endpoints.jmx.exposure.include=* -Dspring.application.admin.enabled=true -Dspring.output.ansi.enabled=always -XX:TieredStopAtLevel=1 -Dspring.boot.project.name=face-recognition-service -Dfile.encoding=UTF-8 -Dstdout.encoding=UTF-8 -Dstderr.encoding=UTF-8 -XX:+ShowCodeDetailsInExceptionMessages 
java_command: com.faceauth.recognition.FaceRecognitionServiceApplication
java_class_path (initial): C:\Users\User\Documents\workspace-spring-tools-for-eclipse-4.31.0.RELEASE\OpenCVFacialRecog\face-recognition-service\target\classes;C:\Users\User\.m2\repository\org\springframework\boot\spring-boot-starter-security\4.0.6\spring-boot-starter-security-4.0.6.jar;C:\Users\User\.m2\repository\org\springframework\boot\spring-boot-starter\4.0.6\spring-boot-starter-4.0.6.jar;C:\Users\User\.m2\repository\org\springframework\boot\spring-boot-starter-logging\4.0.6\spring-boot-starter-logging-4.0.6.jar;C:\Users\User\.m2\repository\ch\qos\logback\logback-classic\1.5.32\logback-classic-1.5.32.jar;C:\Users\User\.m2\repository\ch\qos\logback\logback-core\1.5.32\logback-core-1.5.32.jar;C:\Users\User\.m2\repository\org\apache\logging\log4j\log4j-to-slf4j\2.25.4\log4j-to-slf4j-2.25.4.jar;C:\Users\User\.m2\repository\org\apache\logging\log4j\log4j-api\2.25.4\log4j-api-2.25.4.jar;C:\Users\User\.m2\repository\org\slf4j\jul-to-slf4j\2.0.17\jul-to-slf4j-2.0.17.jar;C:\Users\User\.m2\repository\jakarta\annotation\jakarta.annotation-api\3.0.0\jakarta.annotation-api-3.0.0.jar;C:\Users\User\.m2\repository\org\yaml\snakeyaml\2.5\snakeyaml-2.5.jar;C:\Users\User\.m2\repository\org\springframework\boot\spring-boot-security\4.0.6\spring-boot-security-4.0.6.jar;C:\Users\User\.m2\repository\org\springframework\security\spring-security-config\7.0.5\spring-security-config-7.0.5.jar;C:\Users\User\.m2\repository\org\springframework\security\spring-security-core\7.0.5\spring-security-core-7.0.5.jar;C:\Users\User\.m2\repository\org\springframework\security\spring-security-crypto\7.0.5\spring-security-crypto-7.0.5.jar;C:\Users\User\.m2\repository\org\springframework\security\spring-security-web\7.0.5\spring-security-web-7.0.5.jar;C:\Users\User\.m2\repository\org\springframework\spring-expression\7.0.7\spring-expression-7.0.7.jar;C:\Users\User\.m2\repository\org\springframework\spring-aop\7.0.7\spring-aop-7.0.7.jar;C:\Users\User\.m2\repository\org\springframework\spring-beans\7.0.7\spring-beans-7.0.7.jar;C:\Users\User\.m2\repository\org\springframework\spring-core\7.0.7\spring-core-7.0.7.jar;C:\Users\User\.m2\repository\commons-logging\commons-logging\1.3.6\commons-logging-1.3.6.jar;C:\Users\User\.m2\repository\org\springframework\boot\spring-boot-starter-webmvc\4.0.6\spring-boot-starter-webmvc-4.0.6.jar;C:\Users\User\.m2\repository\org\springframework\boot\spring-boot-starter-jackson\4.0.6\spring-boot-starter-jackson-4.0.6.jar;C:\Users\User\.m2\repository\org\springframework\boot\spring-boot-jackson\4.0.6\spring-boot-jackson-4.0.6.jar;C:\Users\User\.m2\repository\tools\jackson\core\jackson-databind\3.1.2\jackson-databind-3.1.2.jar;C:\Users\User\.m2\repository\com\fasterxml\jackson\core\jackson-annotations\2.21\jackson-annotations-2.21.jar;C:\Users\User\.m2\repository\tools\jackson\core\jackson-core\3.1.2\jackson-core-3.1.2.jar;C:\Users\User\.m2\repository\org\springframework\boot\spring-boot-starter-tomcat\4.0.6\spring-boot-starter-tomcat-4.0.6.jar;C:\Users\User\.m2\repository\org\springframework\boot\spring-boot-starter-tomcat-runtime\4.0.6\spring-boot-starter-tomcat-runtime-4.0.6.jar;C:\Users\User\.m2\repository\org\apache\tomcat\embed\tomcat-embed-core\11.0.21\tomcat-embed-core-11.0.21.jar;C:\Users\User\.m2\repository\org\apache\tomcat\embed\tomcat-embed-el\11.0.21\tomcat-embed-el-11.0.21.jar;C:\Users\User\.m2\repository\org\apache\tomcat\embed\tomcat-embed-websocket\11.0.21\tomcat-embed-websocket-11.0.21.jar;C:\Users\User\.m2\repository\org\springframework\boot\spring-boot-tomcat\4.0.6\spring-boot-tomcat-4.0.6.jar;C:\Users\User\.m2\repository\org\springframework\boot\spring-boot-http-converter\4.0.6\spring-boot-http-converter-4.0.6.jar;C:\Users\User\.m2\repository\org\springframework\spring-web\7.0.7\spring-web-7.0.7.jar;C:\Users\User\.m2\repository\io\micrometer\micrometer-observation\1.16.5\micrometer-observation-1.16.5.jar;C:\Users\User\.m2\repository\io\micrometer\micrometer-commons\1.16.5\micrometer-commons-1.16.5.jar;C:\Users\User\.m2\repository\org\springframework\boot\spring-boot-webmvc\4.0.6\spring-boot-webmvc-4.0.6.jar;C:\Users\User\.m2\repository\org\springframework\boot\spring-boot-servlet\4.0.6\spring-boot-servlet-4.0.6.jar;C:\Users\User\.m2\repository\org\springframework\spring-webmvc\7.0.7\spring-webmvc-7.0.7.jar;C:\Users\User\.m2\repository\org\bytedeco\opencv\4.7.0-1.5.9\opencv-4.7.0-1.5.9.jar;C:\Users\User\.m2\repository\org\bytedeco\openblas\0.3.23-1.5.9\openblas-0.3.23-1.5.9.jar;C:\Users\User\.m2\repository\org\bytedeco\javacpp\1.5.9\javacpp-1.5.9.jar;C:\Users\User\.m2\repository\org\bytedeco\opencv-platform\4.7.0-1.5.9\opencv-platform-4.7.0-1.5.9.jar;C:\Users\User\.m2\repository\org\bytedeco\openblas-platform\0.3.23-1.5.9\openblas-platform-0.3.23-1.5.9.jar;C:\Users\User\.m2\repository\org\bytedeco\javacpp-platform\1.5.9\javacpp-platform-1.5.9.jar;C:\Users\User\.m2\repository\org\bytedeco\javacpp\1.5.9\javacpp-1.5.9-android-arm.jar;C:\Users\User\.m2\repository\org\bytedeco\javacpp\1.5.9\javacpp-1.5.9-android-arm64.jar;C:\Users\User\.m2\repository\org\bytedeco\javacpp\1.5.9\javacpp-1.5.9-android-x86.jar;C:\Users\User\.m2\repository\org\bytedeco\javacpp\1.5.9\javacpp-1.5.9-android-x86_64.jar;C:\Users\User\.m2\repository\org\bytedeco\javacpp\1.5.9\javacpp-1.5.9-ios-arm64.jar;C:\Users\User\.m2\repository\org\bytedeco\javacpp\1.5.9\javacpp-1.5.9-ios-x86_64.jar;C:\Users\User\.m2\repository\org\bytedeco\javacpp\1.5.9\javacpp-1.5.9-linux-armhf.jar;C:\Users\User\.m2\repository\org\bytedeco\javacpp\1.5.9\javacpp-1.5.9-linux-arm64.jar;C:\Users\User\.m2\repository\org\bytedeco\javacpp\1.5.9\javacpp-1.5.9-linux-ppc64le.jar;C:\Users\User\.m2\repository\org\bytedeco\javacpp\1.5.9\javacpp-1.5.9-linux-x86.jar;C:\Users\User\.m2\repository\org\bytedeco\javacpp\1.5.9\javacpp-1.5.9-linux-x86_64.jar;C:\Users\User\.m2\repository\org\bytedeco\javacpp\1.5.9\javacpp-1.5.9-macosx-arm64.jar;C:\Users\User\.m2\repository\org\bytedeco\javacpp\1.5.9\javacpp-1.5.9-macosx-x86_64.jar;C:\Users\User\.m2\repository\org\bytedeco\javacpp\1.5.9\javacpp-1.5.9-windows-x86.jar;C:\Users\User\.m2\repository\org\bytedeco\javacpp\1.5.9\javacpp-1.5.9-windows-x86_64.jar;C:\Users\User\.m2\repository\org\bytedeco\openblas\0.3.23-1.5.9\openblas-0.3.23-1.5.9-android-arm.jar;C:\Users\User\.m2\repository\org\bytedeco\openblas\0.3.23-1.5.9\openblas-0.3.23-1.5.9-android-arm64.jar;C:\Users\User\.m2\repository\org\bytedeco\openblas\0.3.23-1.5.9\openblas-0.3.23-1.5.9-android-x86.jar;C:\Users\User\.m2\repository\org\bytedeco\openblas\0.3.23-1.5.9\openblas-0.3.23-1.5.9-android-x86_64.jar;C:\Users\User\.m2\repository\org\bytedeco\openblas\0.3.23-1.5.9\openblas-0.3.23-1.5.9-ios-arm64.jar;C:\Users\User\.m2\repository\org\bytedeco\openblas\0.3.23-1.5.9\openblas-0.3.23-1.5.9-ios-x86_64.jar;C:\Users\User\.m2\repository\org\bytedeco\openblas\0.3.23-1.5.9\openblas-0.3.23-1.5.9-linux-x86.jar;C:\Users\User\.m2\repository\org\bytedeco\openblas\0.3.23-1.5.9\openblas-0.3.23-1.5.9-linux-x86_64.jar;C:\Users\User\.m2\repository\org\bytedeco\openblas\0.3.23-1.5.9\openblas-0.3.23-1.5.9-linux-armhf.jar;C:\Users\User\.m2\repository\org\bytedeco\openblas\0.3.23-1.5.9\openblas-0.3.23-1.5.9-linux-arm64.jar;C:\Users\User\.m2\repository\org\bytedeco\openblas\0.3.23-1.5.9\openblas-0.3.23-1.5.9-linux-ppc64le.jar;C:\Users\User\.m2\repository\org\bytedeco\openblas\0.3.23-1.5.9\openblas-0.3.23-1.5.9-macosx-arm64.jar;C:\Users\User\.m2\repository\org\bytedeco\openblas\0.3.23-1.5.9\openblas-0.3.23-1.5.9-macosx-x86_64.jar;C:\Users\User\.m2\repository\org\bytedeco\openblas\0.3.23-1.5.9\openblas-0.3.23-1.5.9-windows-x86.jar;C:\Users\User\.m2\repository\org\bytedeco\openblas\0.3.23-1.5.9\openblas-0.3.23-1.5.9-windows-x86_64.jar;C:\Users\User\.m2\repository\org\bytedeco\opencv\4.7.0-1.5.9\opencv-4.7.0-1.5.9-android-arm.jar;C:\Users\User\.m2\repository\org\bytedeco\opencv\4.7.0-1.5.9\opencv-4.7.0-1.5.9-android-arm64.jar;C:\Users\User\.m2\repository\org\bytedeco\opencv\4.7.0-1.5.9\opencv-4.7.0-1.5.9-android-x86.jar;C:\Users\User\.m2\repository\org\bytedeco\opencv\4.7.0-1.5.9\opencv-4.7.0-1.5.9-android-x86_64.jar;C:\Users\User\.m2\repository\org\bytedeco\opencv\4.7.0-1.5.9\opencv-4.7.0-1.5.9-ios-arm64.jar;C:\Users\User\.m2\repository\org\bytedeco\opencv\4.7.0-1.5.9\opencv-4.7.0-1.5.9-ios-x86_64.jar;C:\Users\User\.m2\repository\org\bytedeco\opencv\4.7.0-1.5.9\opencv-4.7.0-1.5.9-linux-x86.jar;C:\Users\User\.m2\repository\org\bytedeco\opencv\4.7.0-1.5.9\opencv-4.7.0-1.5.9-linux-x86_64.jar;C:\Users\User\.m2\repository\org\bytedeco\opencv\4.7.0-1.5.9\opencv-4.7.0-1.5.9-linux-armhf.jar;C:\Users\User\.m2\repository\org\bytedeco\opencv\4.7.0-1.5.9\opencv-4.7.0-1.5.9-linux-arm64.jar;C:\Users\User\.m2\repository\org\bytedeco\opencv\4.7.0-1.5.9\opencv-4.7.0-1.5.9-linux-ppc64le.jar;C:\Users\User\.m2\repository\org\bytedeco\opencv\4.7.0-1.5.9\opencv-4.7.0-1.5.9-macosx-arm64.jar;C:\Users\User\.m2\repository\org\bytedeco\opencv\4.7.0-1.5.9\opencv-4.7.0-1.5.9-macosx-x86_64.jar;C:\Users\User\.m2\repository\org\bytedeco\opencv\4.7.0-1.5.9\opencv-4.7.0-1.5.9-windows-x86.jar;C:\Users\User\.m2\repository\org\bytedeco\opencv\4.7.0-1.5.9\opencv-4.7.0-1.5.9-windows-x86_64.jar;C:\Users\User\.m2\repository\org\junit\jupiter\junit-jupiter-api\6.0.3\junit-jupiter-api-6.0.3.jar;C:\Users\User\.m2\repository\org\opentest4j\opentest4j\1.3.0\opentest4j-1.3.0.jar;C:\Users\User\.m2\repository\org\junit\platform\junit-platform-commons\6.0.3\junit-platform-commons-6.0.3.jar;C:\Users\User\.m2\repository\org\apiguardian\apiguardian-api\1.1.2\apiguardian-api-1.1.2.jar;C:\Users\User\.m2\repository\org\jspecify\jspecify\1.0.0\jspecify-1.0.0.jar;C:\Users\User\.m2\repository\org\springframework\boot\spring-boot-devtools\4.0.6\spring-boot-devtools-4.0.6.jar;C:\Users\User\.m2\repository\org\springframework\boot\spring-boot\4.0.6\spring-boot-4.0.6.jar;C:\Users\User\.m2\repository\org\springframework\spring-context\7.0.7\spring-context-7.0.7.jar;C:\Users\User\.m2\repository\org\springframework\boot\spring-boot-autoconfigure\4.0.6\spring-boot-autoconfigure-4.0.6.jar;C:\Users\User\.m2\repository\org\projectlombok\lombok\1.18.46\lombok-1.18.46.jar;C:\Users\User\.m2\repository\org\slf4j\slf4j-api\2.0.17\slf4j-api-2.0.17.jar;C:\Users\User\.m2\repository\org\springframework\boot\spring-boot-web-server\4.0.6\spring-boot-web-server-4.0.6.jar
Launcher Type: SUN_STANDARD

[Global flags]
     intx CICompilerCount                          = 4                                         {product} {ergonomic}
     uint ConcGCThreads                            = 3                                         {product} {ergonomic}
     uint G1ConcRefinementThreads                  = 10                                        {product} {ergonomic}
   size_t G1HeapRegionSize                         = 2097152                                   {product} {ergonomic}
    uintx GCDrainStackTargetSize                   = 64                                        {product} {ergonomic}
   size_t InitialHeapSize                          = 255852544                                 {product} {ergonomic}
     bool ManagementServer                         = true                                      {product} {command line}
   size_t MarkStackSize                            = 4194304                                   {product} {ergonomic}
   size_t MaxHeapSize                              = 4078960640                                {product} {ergonomic}
   size_t MaxNewSize                               = 2447376384                                {product} {ergonomic}
   size_t MinHeapDeltaBytes                        = 2097152                                   {product} {ergonomic}
   size_t MinHeapSize                              = 8388608                                   {product} {ergonomic}
    uintx NonNMethodCodeHeapSize                   = 4096                                   {pd product} {ergonomic}
    uintx NonProfiledCodeHeapSize                  = 0                                      {pd product} {ergonomic}
     bool ProfileInterpreter                       = false                                  {pd product} {command line}
    uintx ProfiledCodeHeapSize                     = 0                                      {pd product} {ergonomic}
     bool ShowCodeDetailsInExceptionMessages       = true                                   {manageable} {command line}
   size_t SoftMaxHeapSize                          = 4078960640                             {manageable} {ergonomic}
     intx TieredStopAtLevel                        = 1                                         {product} {command line}
     bool UseCompressedOops                        = true                           {product lp64_product} {ergonomic}
     bool UseG1GC                                  = true                                      {product} {ergonomic}
     bool UseLargePagesIndividualAllocation        = false                                  {pd product} {ergonomic}

Logging:
Log output configuration:
 #0: stdout all=warning uptime,level,tags foldmultilines=false
 #1: stderr all=off uptime,level,tags foldmultilines=false

Environment Variables:
PATH=C:/Users/User/Documents/sts/sts-4.31.0.RELEASE//plugins/org.eclipse.justj.openjdk.hotspot.jre.full.win32.x86_64_21.0.7.v20250502-0916/jre/bin/server;C:/Users/User/Documents/sts/sts-4.31.0.RELEASE//plugins/org.eclipse.justj.openjdk.hotspot.jre.full.win32.x86_64_21.0.7.v20250502-0916/jre/bin;C:\oraclexe\app\oracle\product\11.2.0\server\bin;C:\Program Files\Python312\Scripts\;C:\Program Files\Python312\;C:\Program Files\Common Files\Oracle\Java\javapath;C:\Windows\system32;C:\Windows;C:\Windows\System32\Wbem;C:\Windows\System32\WindowsPowerShell\v1.0\;C:\Windows\System32\OpenSSH\;C:\Program Files (x86)\NVIDIA Corporation\PhysX\Common;C:\Program Files\dotnet\;C:\Program Files\nodejs\;C:\Users\User\AppData\Roaming\Python\Python312\Scripts';C:\Dev-Cpp\bin;C:\Program Files\Java\jdk-22\bin;C:\MinGW\bin;C:\Program Files\NVIDIA Corporation\NVIDIA app\NvDLISR;C:\Program Files\Neovim\bin;C:\Program Files\Git\cmd;C:\Program Files (x86)\cloudflared\;C:\WINDOWS\system32;C:\WINDOWS;C:\WINDOWS\System32\Wbem;C:\WINDOWS\System32\WindowsPowerShell\v1.0\;C:\WINDOWS\System32\OpenSSH\;C:\Program Files\Docker\Docker\resources\bin;C:\Program Files\MySQL\MySQL Utilities 1.6\;C:\Program Files\MySQL\MySQL Shell 8.0\bin\;C:\Users\User\.cargo\bin;C:\Users\User\AppData\Local\Microsoft\WindowsApps;C:\Users\User\AppData\Local\Programs\Microsoft VS Code\bin;C:\Users\User\AppData\Roaming\npm;C:\Users\User\AppData\Local\Microsoft\WinGet\Links;C:\Program Files (x86)\Nmap;C:\maven\bin;;C:\Users\User\AppData\Local\Programs\Ollama;C:\Users\User\Documents\sts\sts-4.31.0.RELEASE;
USERNAME=User
OS=Windows_NT
PROCESSOR_IDENTIFIER=AMD64 Family 25 Model 68 Stepping 1, AuthenticAMD
TMP=C:\Users\User\AppData\Local\Temp
TEMP=C:\Users\User\AppData\Local\Temp




Periodic native trim disabled

---------------  S Y S T E M  ---------------

OS:
 Windows 11 , 64 bit Build 26100 (10.0.26100.8246)
OS uptime: 0 days 1:32 hours

CPU: total 12 (initial active 12) (12 cores per cpu, 2 threads per core) family 25 model 68 stepping 1 microcode 0xa404107, cx8, cmov, fxsr, ht, mmx, 3dnowpref, sse, sse2, sse3, ssse3, sse4a, sse4.1, sse4.2, popcnt, lzcnt, tsc, tscinvbit, avx, avx2, aes, erms, clmul, bmi1, bmi2, adx, sha, fma, vzeroupper, clflush, clflushopt, rdtscp, rdpid, fsrm, f16c, pku, cet_ss
Processor Information for processor 0
  Max Mhz: 3301, Current Mhz: 2024, Mhz Limit: 3301
Processor Information for processor 1
  Max Mhz: 3301, Current Mhz: 2024, Mhz Limit: 3301
Processor Information for processor 2
  Max Mhz: 3301, Current Mhz: 3301, Mhz Limit: 3301
Processor Information for processor 3
  Max Mhz: 3301, Current Mhz: 2024, Mhz Limit: 3301
Processor Information for processor 4
  Max Mhz: 3301, Current Mhz: 3301, Mhz Limit: 3301
Processor Information for processor 5
  Max Mhz: 3301, Current Mhz: 2024, Mhz Limit: 3301
Processor Information for processor 6
  Max Mhz: 3301, Current Mhz: 2024, Mhz Limit: 3301
Processor Information for processor 7
  Max Mhz: 3301, Current Mhz: 2024, Mhz Limit: 3301
Processor Information for processor 8
  Max Mhz: 3301, Current Mhz: 2024, Mhz Limit: 3301
Processor Information for processor 9
  Max Mhz: 3301, Current Mhz: 2024, Mhz Limit: 3301
Processor Information for processor 10
  Max Mhz: 3301, Current Mhz: 2024, Mhz Limit: 3301
Processor Information for processor 11
  Max Mhz: 3301, Current Mhz: 2024, Mhz Limit: 3301

Memory: 4k page, system-wide physical 15557M (6429M free)
TotalPageFile size 22157M (AvailPageFile size 6214M)
current process WorkingSet (physical memory assigned to process): 395M, peak: 432M
current process commit charge ("private bytes"): 3227M, peak: 3264M

vm_info: OpenJDK 64-Bit Server VM (21.0.7+6-LTS) for windows-amd64 JRE (21.0.7+6-LTS), built on 2025-04-15T00:00:00Z by "admin" with MS VC++ 17.7 (VS2022)

END.
